имат,have
казвам,say
това,this
неговият,his
Какво,what
техен,their
мога,can
получавам,get
би се,would
всичко,all
направи,make
относно,about
зная,know
един,one
време,time
година,year
мисля,think
кога,when
който,which
някои,some
хората,people
предприеме,take
навън,out
просто,just
него,him
Вашият,your
идвам,come
бих могъл,could
сега,now
отколкото,than
като,like
друго,other
тогава,then
неговото,its
нашият,our
Повече ▼,more
тези,these
искам,want
начин,way
първи,first
също,also
защото,because
използване,use
човек,man
намирам,find
нещо,thing
дайте,give
много,many
добре,well
само,only
тези,those
казвам,tell
много,very
дори,even
обратно,back
всякакви,any
добре,good
жена,woman
през,through
живот,life
дете,child
работа,work
надолу,down
може,may
след,after
Трябва,should
повикване,call
свят,world
училище,school
все още,still
опитвам,try
последно,last
питам,ask
трябва,need
също,too
Усещам,feel
състояние,state
никога,never
да стане,become
между,between
Високо,high
наистина ли,really
нещо,something
повечето,most
друг,another
много,much
семейство,family
собствен,own
напускам,leave
слагам,put
стар,old
докато,while
означава,mean
пазя,keep
студент,student
защо,why
позволявам,let
страхотен,great
един и същ,same
голям,big
група,group
започвам,begin
Изглежда,seem
държава,country
помогне,help
говоря,talk
където,where
завой,turn
проблем,problem
всеки,every
започнете,start
ръка,hand
биха могли, може,might
американски,American
част,part
срещу,against
място,place
такива,such
отново,again
малцина,few
случай,case
седмица,week
търговско дружество,company
система,system
всеки,each
точно,right
програма,program
чувам,hear
въпрос,question
по време на,during
играя,play
правителство,government
тичам,run
малък,small
номер,number
изключено,off
винаги,always
на живо,live
точка,point
вярвам,believe
задръжте,hold
днес,today
донеси,bring
случи се,happen
следващия,next
преди,before
голям,large
милиона,million
трябва да,must
У дома,home
вода,water
стая,room
пишете,write
майка,mother
■ площ,area
национален,national
пари,money
история,story
млад,young
факт,fact
месец,month
различно,different
много,lot
проучване,study
Книга,book
работа,job
дума,word
все пак,though
бизнес,business
проблем,issue
страна,side
четири,four
глава,head
далеч,far
черен,black
дълго,long
и двете,both
малко,little
къща,house
предоставят,provide
обслужване,service
наоколо,around
приятел,friend
важно,important
баща,father
седни,sit
далеч,away
мощност,power
игра,game
често,often
линия,line
политически,political
край,end
между,among
някога,ever
стойка,stand
лошо,bad
губя,lose
въпреки това,however
член,member
заплащане,pay
закон,law
Среща,meet
кола,car
град,city
почти,almost
включват,include
продължи,continue
комплект,set
по късно,later
общност,community
веднъж,once
бяло,white
най-малко,least
президент,president
истински,real
промяна,change
екип,team
минута,minute
най-доброто,best
няколко,several
идея,idea
хлапе,kid
тяло,body
информация,information
Нищо,nothing
преди,ago
водя,lead
социални,social
разбирам,understand
дали,whether
гледам,watch
заедно,together
последвам,follow
родител,parent
Спри се,stop
лице,face
нещо,anything
създавам,create
публичен,public
вече,already
говори,speak
други,others
Прочети,read
ниво,level
позволява,allow
добавете,add
офис,office
харча,spend
врата,door
здраве,health
човек,person
изкуство,art
сигурен,sure
война,war
история,history
партия,party
в рамките на,within
растат,grow
резултат,result
отворен,open
сутрин,morning
разходка,walk
причина,reason
ниско,low
печеля,win
изследвания,research
момиче,girl
човек,guy
рано,early
храна,food
момент,moment
себе си,himself
въздух,air
учител,teacher
сила,force
оферта,offer
достатъчно,enough
образование,education
през,across
макар че,although
помня,remember
крак,foot
второ,second
момче,boy
може би,maybe
способен,able
възраст,age
политика,policy
всичко,everything
любов,love
процес,process
музика,music
включително,including
обмисли,consider
се появи,appear
всъщност,actually
Купува,buy
вероятно,probably
човек,human
изчакайте,wait
сервирам,serve
пазар,market
изпрати,send
очаквам,expect
смисъл,sense
изграждане,build
престой,stay
падане,fall
нация,nation
план,plan
разрез,cut
колеж,college
интерес,interest
смърт,death
курс,course
някой,someone
опит,experience
отзад,behind
достигнат,reach
местен,local
убивам,kill
шест,six
остават,remain
ефект,effect
предполагам,suggest
клас,class
контрол,control
повишавам,raise
грижа,care
може би,perhaps
късен,late
твърд,hard
поле,field
друго,else
бившия,former
продавам,sell
майор,major
понякога,sometimes
изискват,require
заедно,along
развитие,development
себе си,themselves
отчет,report
роля,role
По-добре,better
икономически,economic
усилие,effort
реши,decide
процент,rate
силен,strong
възможен,possible
сърце,heart
лекарство,drug
лидер,leader
светлина,light
глас,voice
съпруга,wife
цяло,whole
полиция,police
накрая,finally
дръпнете,pull
връщане,return
Безплатно,free
военни,military
цена,price
по-малко,less
Според,according
решение,decision
обясни,explain
надежда,hope
развиват се,develop
изглед,view
връзка,relationship
носят,carry
град,town
шофиране,drive
ръка,arm
ВЯРНО,TRUE
федерален,federal
прекъсвам,break
разлика,difference
благодаря,thank
получавам,receive
стойност,value
международни,international
сграда,building
действие,action
пълен,full
модел,model
присъединяване,join
сезон,season
общество,society
данък,tax
директор,director
позиция,position
играч,player
Съгласен,agree
особено,especially
запис,record
избирам,pick
износване,wear
хартия,paper
специален,special
пространство,space
земята,ground
форма,form
поддържа,support
събитие,event
официален,official
чийто,whose
материя,matter
всеки,everyone
център,center
двойка,couple
сайт,site
проект,project
удари,hit
база,base
дейност,activity
звезда,star
маса,table
съдебна зала,court
произвеждат,produce
Яжте,eat
преподавам,teach
масло,oil
половината,half
ситуация,situation
лесно,easy
цена,cost
индустрия,industry
фигура,figure
улица,street
образ,image
себе си,itself
телефон,phone
данни,data
Покрийте,cover
доста,quite
снимка,picture
ясно,clear
практика,practice
парче,piece
земя,land
скорошни,recent
описвам,describe
продукт,product
лекар,doctor
стена,wall
търпелив,patient
работник,worker
Новини,news
тест,test
филм,movie
определени,certain
север,north
лични,personal
просто,simply
трети,third
технология,technology
улов,catch
стъпка,step
бебе,baby
компютър,computer
внимание,attention
рисувам,draw
филм,film
републиканец,Republican
дърво,tree
източник,source
червен,red
почти,nearly
организация,organization
избирам,choose
причина,cause
коса,hair
доказателства,evidence
прозорец,window
труден,difficult
слушам,listen
скоро,soon
култура,culture
милиард,billion
шанс,chance
брат,brother
енергия,energy
месечен цикъл,period
лятото,summer
осъзнавам,realize
на разположение,available
растение,plant
вероятно,likely
възможност,opportunity
срок,term
писмо,letter
състояние,condition
избор,choice
единичен,single
правило,rule
дъщеря,daughter
администрация,administration
съпруг,husband
Конгрес,Congress
етаж,floor
кампания,campaign
материал,material
население,population
икономика,economy
медицински,medical
болница,hospital
църква,church
близо,close
хиляди,thousand
риск,risk
текущ,current
огън,fire
бъдеще,future
грешно,wrong
включвам,involve
защита,defense
всеки,anyone
нараства,increase
сигурност,security
банка,bank
себе си,myself
със сигурност,certainly
запад,west
спорт,sport
дъска,board
търси,seek
предмет,subject
офицер,officer
частен,private
Почивка,rest
поведение,behavior
сделка,deal
производителност,performance
битка,fight
хвърлям,throw
Горна част,top
бързо,quickly
минало,past
легло,bed
поръчка,order
автор,author
запълвам,fill
представлявам,represent
фокус,focus
чуждестранен,foreign
изпускайте,drop
кръв,blood
върху,upon
агенция,agency
тласък,push
природа,nature
цвят,color
наскоро,recently
магазин,store
намалявам,reduce
звук,sound
Забележка,note
глоба,fine
близо до,near
движение,movement
страница,page
влизам,enter
често срещани,common
бедни,poor
естествено,natural
раса,race
загриженост,concern
серия,series
значително,significant
подобен,similar
горещ,hot
език,language
обикновено,usually
отговор,response
мъртъв,dead
покачване,rise
животно,animal
фактор,factor
десетилетие,decade
статия,article
стреля,shoot
изток,east
спаси,save
седем,seven
художник,artist
сцена,scene
наличност,stock
кариера,career
въпреки,despite
централен,central
осем,eight
по този начин,thus
лечение,treatment
отвъд,beyond
щастлив,happy
точно,exactly
защитавам,protect
Приближаване,approach
лъжа,lie
размер,size
куче,dog
фонд,fund
сериозно,serious
възникне,occur
медии,media
готов,ready
знак,sign
мисъл,thought
списък,list
индивидуален,individual
просто,simple
качество,quality
налягане,pressure
приемам,accept
отговор,answer
ресурс,resource
идентифицирам,identify
наляво,left
среща,meeting
определяне на,determine
приготви се,prepare
заболяване,disease
както и да е,whatever
успех,success
спорят,argue
чаша,cup
особено,particularly
количество,amount
способност,ability
персонал,staff
разпознае,recognize
посочвам,indicate
характер,character
растеж,growth
загуба,loss
степен,degree
чудя се,wonder
атака,attack
себе си,herself
регион,region
телевизия,television
кутия,box
обучение,training
красива,pretty
търговия,trade
избори,election
всички,everybody
физически,physical
лежи,lay
чувство,feeling
стандартен,standard
законопроект,bill
съобщение,message
провалят се,fail
навън,outside
пристигат,arrive
анализ,analysis
полза,benefit
секс,sex
напред,forward
адвокат,lawyer
настояще,present
раздел,section
околната среда,environmental
стъклена чаша,glass
умение,skill
сестра,sister
професор,professor
операция,operation
финансови,financial
престъпност,crime
сцена,stage
сравнявам,compare
власт,authority
дизайн,design
десет,ten
знания,knowledge
пистолет,gun
станция,station
стратегия,strategy
ясно,clearly
обсъждам,discuss
наистина,indeed
истина,truth
песен,song
пример,example
демократичен,democratic
проверка,check
околен свят,environment
крак,leg
тъмно,dark
различни,various
по-скоро,rather
смея се,laugh
познайте,guess
изпълнителен,executive
докажи,prove
виси,hang
цяла,entire
забрави,forget
претенция,claim
Премахване,remove
мениджър,manager
наслади се,enjoy
мрежа,network
правен,legal
религиозен,religious
студ,cold
финал,final
основен,main
наука,science
зелено,green
памет,memory
карта,card
по-горе,above
седалка,seat
клетка,cell
установявам,establish
хубаво,nice
пробен период,trial
експерт,expert
пролет,spring
твърд,firm
демократ,Democrat
радио,radio
посещение,visit
управление,management
да се избегне,avoid
представям си,imagine
тази нощ,tonight
огромен,huge
топка,ball
завършек,finish
себе си,yourself
теория,theory
въздействие,impact
отговарям,respond
изявление,statement
поддържам,maintain
зареждане,charge
популярен,popular
традиционен,traditional
върху,onto
разкрие,reveal
посока,direction
оръжие,weapon
служител,employee
културен,cultural
съдържат,contain
спокойствие,peace
болка,pain
Приложи,apply
мярка,measure
широк,wide
клатя,shake
летя,fly
интервю,interview
управлявам,manage
Председател,chair
риба,fish
конкретно,particular
камера,camera
структура,structure
политика,politics
изпълнявам,perform
малко,bit
тегло,weight
внезапно,suddenly
откривам,discover
кандидат,candidate
производство,production
лечение,treat
пътуване,trip
вечер,evening
засягат,affect
вътре,inside
конференция,conference
мерна единица,unit
стил,style
възрастен,adult
тревожи се,worry
диапазон,range
споменавам,mention
Дълбок,deep
ръб, край,edge
специфичен,specific
писател,writer
неприятности,trouble
необходимо,necessary
навсякъде,throughout
предизвикателство,challenge
страх,fear
рамо,shoulder
институция,institution
средата,middle
море,sea
мечта,dream
красив,beautiful
Имот,property
вместо,instead
подобрявам,improve
неща,stuff
детайл,detail
метод,method
някой,somebody
списание,magazine
хотел,hotel
войник,soldier
отразявам,reflect
тежък,heavy
сексуален,sexual
чанта,bag
топлина,heat
брак,marriage
жилав,tough
повърхност,surface
предназначение,purpose
съществуват,exist
модел,pattern
на когото,whom
кожата,skin
агент,agent
собственик,owner
машина,machine
напред,ahead
поколение,generation
търговски,commercial
адрес,address
реалност,reality
треньор,coach
г-жа,Mrs
Двор,yard
победи,beat
насилие,violence
обща сума,total
склонен,tend
инвестиции,investment
дискусия,discussion
пръст на ръката,finger
градина,garden
забележете,notice
колекция,collection
модерен,modern
задача,task
партньор,partner
положителен,positive
граждански,civil
кухня,kitchen
консуматор,consumer
изстрел,shot
бюджет,budget
желание,wish
живопис,painting
учен,scientist
безопасно,safe
споразумение,agreement
капитал,capital
устата,mouth
нито,nor
жертва,victim
вестник,newspaper
заплаха,threat
отговорност,responsibility
Усмихни се,smile
адвокат,attorney
резултат,score
сметка,account
интересно,interesting
публика,audience
богат,rich
вечеря,dinner
гласуване,vote
уестърн,western
отнасят се,relate
пътуване,travel
дебат,debate
предотвратявам,prevent
гражданин,citizen
мнозинство,majority
нито един,none
отпред,front
роден,born
признавам,admit
Старши,senior
предполагам,assume
вятър,wind
ключ,key
професионален,professional
мисия,mission
бърз,fast
клиент,customer
страдам,suffer
успешен,successful
опция,option
участник,participant
южен,southern
свежи,fresh
в крайна сметка,eventually
гора,forest
видео,video
глобален,global
Сенат,Senate
реформа,reform
достъп,access
ресторант,restaurant
съдия,judge
публикувам,publish
отношение,relation
освобождаване,release
птица,bird
мнение,opinion
кредит,credit
критичен,critical
ъгъл,corner
обезпокоен,concerned
припомням си,recall
версия,version
взират,stare
безопасност,safety
ефективен,effective
квартал,neighborhood
оригинален,original
войска,troop
доходи,income
директно,directly
боли,hurt
видове,species
веднага,immediately
песен,track
основен,basic
стачка,strike
небе,sky
свобода,freedom
абсолютно,absolutely
самолет,plane
Никой,nobody
постигам,achieve
обект,object
поведение,attitude
труд,labor
се отнасят,refer
концепция,concept
клиент,client
мощен,powerful
перфектен,perfect
девет,nine
Следователно,therefore
поведение, ръководене,conduct
обявявам,announce
разговор,conversation
изследвам,examine
докосване,touch
Моля те,please
присъстват,attend
напълно,completely
разнообразие,variety
участващи,involved
разследване,investigation
ядрен,nuclear
изследовател,researcher
Натиснете,press
конфликт,conflict
замени,replace
британски,British
насърчавам,encourage
аргумент,argument
лагер,camp
мозък,brain
особеност,feature
следобед,afternoon
уикенд,weekend
дузина,dozen
възможност,possibility
застраховка,insurance
отдел,department
битка,battle
начало,beginning
дата,date
в общи линии,generally
африкански,African
съжалявам,sorry
криза,crisis
пълен,complete
вентилатор,fan
пръчка,stick
дефинирам,define
лесно,easily
дупка,hole
елемент,element
визия,vision
състояние,status
нормално,normal
Китайски,Chinese
кораб,ship
решение,solution
камък,stone
бавно,slowly
мащаб,scale
университет,university
въвеждам,introduce
шофьор,driver
опит,attempt
паркирам,park
място,spot
липса,lack
лодка,boat
питие,drink
слънце,sun
разстояние,distance
дърво,wood
дръжка,handle
камион,truck
планина,mountain
изследване,survey
предполагаем,supposed
традиция,tradition
зимата,winter
село,village
съветски,Soviet
отказвам,refuse
продажби,sales
ролка,roll
комуникация,communication
екран,screen
печалба,gain
резидент,resident
Крия,hide
злато,gold
клуб,club
ферма,farm
потенциал,potential
европейски,European
присъствие,presence
независима,independent
окръг,district
форма,shape
читател,reader
договор,contract
тълпа,crowd
Кристиян,Christian
експресен,express
апартамент,apartment
желаещи,willing
сила,strength
предишен,previous
банда,band
очевидно,obviously
заинтересовани,interested
затвор,prison
езда,ride
пазач,guard
условия,terms
търсене,demand
репортер,reporter
доставям,deliver
текст,text
инструмент,tool
превозно средство,vehicle
наблюдавайте,observe
полет,flight
съоръжение,facility
разбиране,understanding
средно аритметично,average
изплуват,emerge
предимство,advantage
бързо,quick
лидерство,leadership
печелят,earn
паунд,pound
база,basis
ярък,bright
оперират,operate
гост,guest
проба,sample
допринасят,contribute
мъничък,tiny
блок,block
защита,protection
установявам се,settle
фураж,feed
събирам,collect
допълнителен,additional
силно,highly
идентичност,identity
заглавие,title
предимно,mostly
урок,lesson
вяра,faith
река,river
насърчавам,promote
броя,count
освен ако,unless
ожени се,marry
утре,tomorrow
техника,technique
магазин,shop
народни,folk
принцип,principle
оцеляват,survive
вдигам,lift
граница,border
състезание,competition
скок,jump
събирам,gather
лимит,limit
годни,fit
плача,cry
оборудване,equipment
заслужава си,worth
сътрудник,associate
критик,critic
топло,warm
аспект,aspect
настоявам,insist
провал,failure
годишен,annual
Френски,French
Коледа,Christmas
коментар,comment
отговорен,responsible
афера,affair
процедура,procedure
редовен,regular
разпространение,spread
председател,chairman
бейзбол,baseball
мека,soft
игнорирайте,ignore
яйце,egg
вяра,belief
демонстрирам,demonstrate
някой,anybody
убийство,murder
подарък,gift
религия,religion
преглед,review
редактор,editor
ангажирам се,engage
кафе,coffee
документ,document
скорост,speed
кръст,cross
влияние,influence
така или иначе,anyway
заплашвам,threaten
ангажирам,commit
женски пол,female
младост,youth
вълна,wave
страхувам се,afraid
четвърт,quarter
заден план,background
местен,native
широк,broad
чудесен,wonderful
отричам,deny
очевидно,apparently
леко,slightly
реакция,reaction
два пъти,twice
костюм,suit
перспектива,perspective
нарастващ,growing
удар,blow
строителство,construction
интелигентност,intelligence
унищожавам,destroy
готвач,cook
Връзка,connection
горя,burn
обувка,shoe
клас,grade
контекст,context
комитет,committee
грешка,mistake
местоположение,location
дрехи,clothes
индийски,Indian
тихо,quiet
рокля,dress
обещание,promise
наясно,aware
съсед,neighbor
функция,function
костен,bone
активен,active
разшири,extend
главен,chief
съчетавам,combine
вино,wine
По-долу,below
готино,cool
избирател,voter
изучаване на,learning
автобус,bus
по дяволите,hell
опасно,dangerous
напомням,remind
морален,moral
Юнайтед,United
категория,category
относително,relatively
победа,victory
академичен,academic
интернет,Internet
здрави,healthy
отрицателен,negative
следното,following
исторически,historical
лекарство,medicine
обиколка,tour
зависят,depend
снимка,photo
находка,finding
грабвам,grab
директен,direct
класна стая,classroom
контакт,contact
справедливост,justice
участвам,participate
ежедневно,daily
справедлив,fair
двойка,pair
известен,famous
упражнение,exercise
коляно,knee
цвете,flower
лента,tape
наемам,hire
познат,familiar
подходящо,appropriate
доставка,supply
напълно,fully
актьор,actor
раждане,birth
Търсене,search
връзвам,tie
демокрация,democracy
източен,eastern
първичен,primary
вчера,yesterday
кръг,circle
устройство,device
прогрес,progress
отдолу,bottom
остров,island
обмен,exchange
чиста,clean
студио,studio
влак,train
дама,lady
колега,colleague
приложение,application
врата,neck
постно,lean
щета,damage
пластмаса,plastic
висок,tall
плоча,plate
омраза,hate
в противен случай,otherwise
писане,writing
мъжки,male
изразяване,expression
футбол,football
възнамерявам,intend
пиле,chicken
армия,army
злоупотреба,abuse
театър,theater
затвори,shut
карта,map
екстра,extra
сесия,session
опасност,danger
добре дошли,welcome
домашни,domestic
много,lots
литература,literature
дъжд,rain
желание,desire
Оценяване,assessment
нараняване,injury
уважение,respect
северен,northern
кимам,nod
гориво,fuel
листо,leaf
суха,dry
Руски,Russian
инструкция,instruction
басейн,pool
изкачвам се,climb
сладка,sweet
двигател,engine
четвърто,fourth
разширяване,expand
важност,importance
метал,metal
дебел,fat
билет,ticket
софтуер,software
изчезва,disappear
корпоративен,corporate
странно,strange
устна,lip
четене,reading
градски,urban
психически,mental
все повече,increasingly
обяд,lunch
образователен,educational
някъде,somewhere
земеделски производител,farmer
захар,sugar
планета,planet
любими,favorite
изследвайте,explore
получавам,obtain
враг,enemy
най велик,greatest
комплекс,complex
обграждам,surround
спортист,athlete
покани,invite
повторете,repeat
внимателно,carefully
душа,soul
научен,scientific
невъзможен,impossible
панел,panel
значение,meaning
мама,mom
женен,married
инструмент,instrument
прогнозирам,predict
метеорологично време,weather
президентски,presidential
емоционален,emotional
ангажираност,commitment
Върховен,Supreme
мечка,bear
джоб,pocket
тънък,thin
температура,temperature
изненада,surprise
анкета,poll
предложение,proposal
следствие,consequence
гледка,sight
баланс,balance
осиновявам,adopt
малцинство,minority
прав,straight
свържете се,connect
върши работа,works
преподаване,teaching
принадлежат,belong
помощ,aid
съвет,advice
добре,okay
снимка,photograph
празен,empty
регионален,regional
пътека,trail
роман,novel
някак си,somehow
организирам,organize
жури,jury
гърди,breast
иракски,Iraqi
признавам,acknowledge
тема,theme
буря,storm
съюз,union
бюро,desk
Благодаря,thanks
плодове,fruit
скъпо,expensive
жълто,yellow
заключение,conclusion
първичен,prime
сянка,shadow
борба,struggle
заключавам,conclude
анализатор,analyst
танцувам,dance
регулиране,regulation
същество,being
пръстен,ring
до голяма степен,largely
смяна,shift
приходи,revenue
марка,mark
локализирам,locate
окръг,county
външен вид,appearance
пакет,package
трудност,difficulty
мост,bridge
Препоръчвам,recommend
очевидно,obvious
основно,basically
електронна поща,e-mail
генерирам,generate
вече,anymore
предлагам,propose
мислене,thinking
евентуално,possibly
тенденция,trend
посетител,visitor
заем,loan
понастоящем,currently
удобно,comfortable
инвеститор,investor
печалба,profit
ядосан,angry
екипаж,crew
злополука,accident
хранене,meal
слух,hearing
трафик,traffic
мускул,muscle
представа,notion
улавяне,capture
предпочитам,prefer
наистина,truly
земя,earth
японски,Japanese
гръден кош,chest
дебел,thick
пари в брой,cash
музей,museum
красота,beauty
спешен случай,emergency
единствен по рода си,unique
вътрешни,internal
етнически,ethnic
връзка,link
стрес,stress
съдържание,content
изберете,select
корен,root
декларирам,declare
оценявам,appreciate
действителен,actual
бутилка,bottle
едва ли,hardly
настройка,setting
стартиране,launch
файл,file
болен,sick
резултат,outcome
защитавам,defend
задължение,duty
лист,sheet
би трябвало,ought
осигурете,ensure
католик,Catholic
изключително,extremely
степен,extent
компонент,component
разбъркайте,mix
дългосрочен,long-term
бавен,slow
контраст,contrast
зона,zone
събуждам,wake
летище,airport
кафяво,brown
риза,shirt
пилот,pilot
предупреждавам,warn
в крайна сметка,ultimately
котка,cat
принос,contribution
капацитет,capacity
себе си,ourselves
имоти,estate
ръководство,guide
обстоятелство,circumstance
сняг,snow
Английски,English
политик,politician
крадат,steal
преследвам,pursue
приплъзване,slip
процент,percentage
месо,meat
забавен,funny
нито едното,neither
почва,soil
операция,surgery
правилно,correct
еврейски,Jewish
обвинявам,blame
оценка,estimate
в следствие,due
баскетбол,basketball
голф,golf
разследвам,investigate
значително,significantly
верига,chain
клон,branch
комбинация,combination
често,frequently
Губернатор,governor
облекчение,relief
потребител,user
татко,dad
ритник,kick
начин,manner
древен,ancient
тишина,silence
рейтинг,rating
златист,golden
движение,motion
Немски,German
решавам,solve
такса,fee
пейзаж,landscape
използвани,used
купа,bowl
равен,equal
напред,forth
кадър,frame
типичен,typical
с изключение,except
консервативен,conservative
елиминирам,eliminate
домакин,host
зала,hall
Доверие,trust
океан,ocean
продуцент,producer
си позволявам,afford
междувременно,meanwhile
режим,regime
разделение,division
потвърди,confirm
поправя,fix
обжалване,appeal
огледало,mirror
умен,smart
дължина,length
изцяло,entirely
разчитам,rely
тема,topic
оплакват,complain
променлива,variable
телефон,telephone
възприятие,perception
привличам,attract
увереност,confidence
спалня,bedroom
тайна,secret
дълг,debt
редки,rare
резервоар,tank
медицинска сестра,nurse
покритие,coverage
опозиция,opposition
настрана,aside
навсякъде,anywhere
връзка,bond
удоволствие,pleasure
майстор,master
изискване,requirement
забавление,fun
очакване,expectation
крило,wing
отделни,separate
до известна степен,somewhat
разбъркайте,stir
преценка,judgment
Бира,beer
справка,reference
късам,tear
съмнение,doubt
грант,grant
сериозно,seriously
министър,minister
напълно,totally
герой,hero
индустриален,industrial
облак,cloud
опъвам, разтягам,stretch
победител,winner
сила на звука,volume
семе,seed
изненадан,surprised
мода,fashion
пипер,pepper
зает,busy
интервенция,intervention
копие,copy
бакшиш,tip
евтино,cheap
цитирам,cite
благосъстояние,welfare
зеленчук,vegetable
сиво,gray
чиния,dish
плаж,beach
подобрение,improvement
навсякъде,everywhere
отваряне,opening
като цяло,overall
разделям,divide
начален,initial
ужасно,terrible
противопоставят се,oppose
съвременен,contemporary
маршрут,route
многократни,multiple
съществено значение,essential
лига,league
престъпник,criminal
внимателен,careful
сърцевина,core
горен,upper
втурвам се,rush
непременно,necessarily
специално,specifically
уморен,tired
наема,employ
празник,holiday
огромен,vast
резолюция,resolution
домакинство,household
по-малко,fewer
аборт,abortion
на части,apart
свидетел,witness
съвпада,match
едва,barely
сектор,sector
Представител,representative
отдолу,beneath
инцидент,incident
ограничен,limited
горд,proud
поток,flow
факултет,faculty
увеличена,increased
отпадъци,waste
просто,merely
маса,mass
подчертавам,emphasize
експеримент,experiment
определено,definitely
бомба,bomb
огромен,enormous
либерален,liberal
масивна,massive
инженер,engineer
колело,wheel
упадък,decline
инвестирам,invest
кабел,cable
излагам,expose
селски,rural
СПИН,AIDS
тесни,narrow
сметана,cream
секретар,secretary
порта,gate
твърдо,solid
хълм,hill
обикновено,typically
трева,grass
за жалост,unfortunately
законодателство,legislation
успявам,succeed
празнувам,celebrate
постижение,achievement
риболов,fishing
обвинявам,accuse
полезен,useful
отхвърлям,reject
талант,talent
вкус,taste
Характеристика,characteristic
мляко,milk
бягство,escape
гласове,cast
изречение,sentence
необичайно,unusual
отблизо,closely
убеждавам,convince
височина,height
лекар,physician
оценявам,assess
много,plenty
виртуално,virtually
допълнение,addition
остър,sharp
творчески,creative
нисък,lower
одобрявам,approve
обяснение,explanation
кампус,campus
правилно,proper
виновен,guilty
придобивам,acquire
състезавам се,compete
технически,technical
плюс,plus
имигрант,immigrant
слаб,weak
незаконно,illegal
алтернатива,alternative
взаимодействие,interaction
колона,column
личност,personality
сигнал,signal
учебна програма,curriculum
чест,honor
пътник,passenger
помощ,assistance
завинаги,forever
отношение,regard
израелски,Israeli
асоциация,association
двадесет,twenty
чукам,knock
обвивам,wrap
лаборатория,lab
дисплей,display
критика,criticism
актив,asset
депресия,depression
духовен,spiritual
музикален,musical
журналист,journalist
молитва,prayer
заподозрян,suspect
учен,scholar
внимание,warning
климат,climate
сирене,cheese
наблюдение,observation
детство,childhood
плащане,payment
господине,sir
разрешително,permit
цигара,cigarette
определение,definition
приоритет,priority
хляб,bread
създаване,creation
завършвам,graduate
искане,request
емоция,emotion
драматичен,dramatic
вселена,universe
празнина,gap
отлично,excellent
дълбоко,deeply
прокурор,prosecutor
късметлия,lucky
плъзнете,drag
авиокомпания,airline
библиотека,library
дневен ред,agenda
възстанови се,recover
фабрика,factory
селекция,selection
преди всичко,primarily
покрив,roof
неспособен,unable
разход,expense
инициативност,initiative
диета,diet
арестуване,arrest
финансиране,funding
терапия,therapy
график,schedule
тъжен,sad
кратко,brief
жилища,housing
пост,post
покупка,purchase
съществуващ,existing
стомана,steel
относно,regarding
викам,shout
оставащи,remaining
визуален,visual
справедливо,fairly
насилствен,violent
безшумен,silent
предполагам,suppose
себе си,self
велосипед,bike
възприемам,perceive
сравнение,comparison
селище,settlement
слой,layer
планиране,planning
описание,description
пързалка,slide
широко,widely
сватба,wedding
информирам,inform
порция,portion
територия,territory
незабавно,immediate
опонент,opponent
изоставям,abandon
езеро,lake
трансформирам,transform
напрежение,tension
водещи,leading
притеснявам,bother
състоя се,consist
алкохол,alcohol
активирайте,enable
извивам,bend
спестяване,saving
пустинен,desert
грешка,error
ченге,cop
арабски,Arab
двойно,double
пясък,sand
испански,Spanish
печат,print
запазвам,preserve
пасаж,passage
формален,formal
преход,transition
съществуване,existence
албум,album
участие,participation
подредете,arrange
атмосфера,atmosphere
става,joint
отговор,reply
цикъл,cycle
противоположност,opposite
ключалка,lock
заслужават,deserve
последователен,consistent
съпротива,resistance
откритие,discovery
излагане,exposure
поза,pose
поток,stream
продажба,sale
гърне,pot
грандиозен,grand
моята,mine
Здравейте,hello
коалиция,coalition
приказка,tale
разрешавам,resolve
расов,racial
фаза,phase
шега,joke
палто,coat
мексикански,Mexican
симптом,symptom
производител,manufacturer
философия,philosophy
картофи,potato
фондация,foundation
цитат,quote
онлайн,online
договаряне,negotiation
порив,urge
повод,occasion
прах,dust
дишам,breathe
избирам,elect
следовател,investigator
радвам се,glad
обикновени,ordinary
намаляване,reduction
Рядко,rarely
опаковка,pack
самоубийство,suicide
многобройни,numerous
вещество,substance
дисциплина,discipline
другаде,elsewhere
желязо,iron
практичен,practical
освен това,moreover
страст,passion
доброволец,volunteer
изпълнявам,implement
по същество,essentially
принудително изпълнение,enforcement
независимост,independence
маркетинг,marketing
свещеник,priest
невероятно,amazing
интензивен,intense
аванс,advance
работодател,employer
вдъхновяват,inspire
коригирайте,adjust
пенсионирам,retire
видими,visible
целувка,kiss
болест,illness
шапка с козирка,cap
навик,habit
конкурентни,competitive
конгресен,congressional
участие,involvement
упражнявам контрол,dominate
преди това,previously
когато и да е,whenever
трансфер,transfer
анализирам,analyze
прикачвам,attach
бедствие,disaster
паркинг,parking
перспектива,prospect
оплакване,complaint
шампионат,championship
фундаментален,fundamental
тежка,severe
подобрявам,enhance
мистерия,mystery
налагам,impose
бедност,poverty
влизане,entry
разходи,spending
крал,king
оценявам,evaluate
символ,symbol
производител,maker
настроение,mood
постигне,accomplish
акцент,emphasis
илюстрирам,illustrate
обувка,boot
монитор,monitor
азиатски,Asian
забавление,entertainment
оценка,evaluation
създание,creature
командир,commander
дигитален,digital
подреждане,arrangement
концентрат,concentrate
обичайно,usual
гняв,anger
психологически,psychological
силно,heavily
връх,peak
приблизително,approximately
повишаване на,increasing
разстройство,disorder
ракета,missile
по равно,equally
варират,vary
кръгъл,round
разпространение,distribution
транспорт,transportation
свят,holy
близнак,twin
команда,command
комисионна,commission
интерпретация,interpretation
закуска,breakfast
силно,strongly
инженерство,engineering
късмет,luck
т.нар,so-called
постоянен,constant
клиника,clinic
ветеран,veteran
миризма,smell
супена лъжица,tablespoon
способен,capable
нервен,nervous
турист,tourist
хвърлям,toss
от решаващо значение,crucial
погребвам,bury
молете се,pray
домат,tomato
изключение,exception
масло,butter
дефицит,deficit
баня,bathroom
обективен,objective
електронен,electronic
съюзник,ally
пътуване,journey
репутация,reputation
смес,mixture
със сигурност,surely
кула,tower
изправи срещу,confront
чисто,pure
поглед,glance
измерение,dimension
играчка,toy
затворник,prisoner
Колега,fellow
гладка,smooth
наблизо,nearby
връстник,peer
дизайнер,designer
персонал,personnel
възпитател,educator
роднина,relative
имиграция,immigration
колан,belt
чаена лъжичка,teaspoon
рожден ден,birthday
внушение,implication
перфектно,perfectly
бряг,coast
поддръжник,supporter
придружавам,accompany
сребро,silver
тийнейджър,teenager
разпознаване,recognition
пенсиониране,retirement
знаме,flag
възстановяване,recovery
прошепвам,whisper
джентълмен,gentleman
царевица,corn
луна,moon
атрешна,inner
младши,junior
гърлото,throat
заплата,salary
люлка,swing
наблюдател,observer
публикация,publication
реколта,crop
постоянен,permanent
явление,phenomenon
безпокойство,anxiety
за разлика от,unlike
мокър,wet
буквално,literally
противопоставям се,resist
конвенция,convention
прегръщам,embrace
подпомагам,assist
изложба,exhibition
конструирам,construct
зрител,viewer
тиган,pan
консултант,consultant
администратор,administrator
понякога,occasionally
кмет,mayor
разглеждане,consideration
изпълнителен директор,CEO
сигурен,secure
розово,pink
долар,buck
исторически,historic
стихотворение,poem
баба,grandmother
обвързвам,bind
пети,fifth
постоянно,constantly
предприятие,enterprise
услуга,favor
тестване,testing
стомаха,stomach
очевидно,apparent
претеглям,weigh
Инсталирай,install
чувствителен,sensitive
внушение,suggestion
поща,mail
рецепта,recipe
разумен,reasonable
подготовка,preparation
дървена,wooden
елементарен,elementary
концерт,concert
агресивен,aggressive
НЕВЯРНО,FALSE
намерение,intention
канал,channel
екстремни,extreme
тръба,tube
рисунка,drawing
протеин,protein
напусни,quit
отсъствие,absence
латински,Latin
бързо,rapidly
затвор,jail
разнообразие,diversity
честен,honest
палестински,Palestinian
темпо,pace
назначаване на работа,employment
говорител,speaker
впечатление,impression
респондент,respondent
гигант,giant
торта,cake
историк,historian
преговарям,negotiate
Възстанови,restore
съществено,substantial
специалист,specialist
произход,origin
одобрение,approval
тихо,quietly
съветвам,advise
конвенционален,conventional
дълбочина,depth
богатство,wealth
увреждане,disability
черупка,shell
критикувам,criticize
ефективно,effectively
биологични,biological
депутат,deputy
апартамент,flat
марка,brand
уверявам,assure
награда,award
критерии,criteria
дилър,dealer
чрез,via
полезност,utility
точно,precisely
възникват,arise
въоръжен,armed
въпреки това,nevertheless
магистрала,highway
клинични,clinical
рутина,routine
заплата,wage
нормално,normally
фраза,phrase
съставка,ingredient
залог,stake
мюсюлманин,Muslim
фибри,fiber
активист,activist
ислямски,Islamic
щракам,snap
тероризъм,terrorism
бежанец,refugee
включвам,incorporate
крайна,ultimate
превключвател,switch
корпорация,corporation
ценен,valuable
предположение,assumption
съоръжения,gear
бариера,barrier
незначителен,minor
осигуряване,provision
убиец,killer
възлагам,assign
банда,gang
развиващи се,developing
класически,classic
химически,chemical
етикет,label
тийнейджър,teen
индекс,index
ваканция,vacation
адвокат,advocate
чернова,draft
извънредно,extraordinary
груб,rough
крещи,yell
бременна,pregnant
отдалечен,distant
драма,drama
сателит,satellite
лично,personally
часовник,clock
шоколад,chocolate
Италиански,Italian
канадски,Canadian
таван,ceiling
помете,sweep
реклама,advertising
универсален,universal
завъртане,spin
бутон,button
звънец,bell
ранг,rank
тъмнина,darkness
облекло,clothing
супер,super
добив,yield
ограда,fence
портрет,portrait
оцеляване,survival
приблизително,roughly
съдебен процес,lawsuit
свидетелство,testimony
намерени,found
бреме,burden
реагират,react
камера,chamber
мебели,furniture
сътрудничество,cooperation
церемония,ceremony
общуват,communicate
буза,cheek
изгубен,lost
профил,profile
механизъм,mechanism
не съм съгласен,disagree
дузпа,penalty
курорт,resort
унищожаване,destruction
малко вероятно,unlikely
тъкан,tissue
конституционен,constitutional
пъхтя,pant
непознат,stranger
инфекция,infection
кабинет,cabinet
счупен,broken
ябълка,apple
електрически,electric
продължете,proceed
литературен,literary
вирус,virus
глупав,stupid
спор,dispute
състояние,fortune
стратегически,strategic
асистент,assistant
преодолявам,overcome
забележително,remarkable
заемат,occupy
статистика,statistics
пазаруване,shopping
братовчед,cousin
сблъскване,encounter
избършете,wipe
първоначално,initially
сляп,blind
порт,port
електричество,electricity
генетични,genetic
съветник,adviser
говорител,spokesman
запазвам,retain
последно,latter
стимул,incentive
превеждам,translate
точен,accurate
като има предвид, че,whereas
терор,terror
разширение,expansion
елит,elite
олимпийски,Olympic
мръсотия,dirt
странно,odd
ориз,rice
куршум,bullet
стегнати,tight
Библия,Bible
графика,chart
слънчева,solar
квадрат,square
концентрация,concentration
сложно,complicated
нежно,gently
шампион,champion
сценарий,scenario
телескоп,telescope
отражение,reflection
революция,revolution
Лента,strip
тълкувам,interpret
приятелски настроен,friendly
турнир,tournament
измислица,fiction
откривам,detect
огромен,tremendous
живот,lifetime
препоръка,recommendation
сенатор,senator
на лов,hunting
салата,salad
гаранция,guarantee
невинен,innocent
граница,boundary
пауза,pause
дистанционно,remote
удовлетворение,satisfaction
дневник,journal
пейка,bench
любовник,lover
суров,raw
осъзнаване,awareness
изненадващо,surprising
оттегляне,withdraw
палуба,deck
по същия начин,similarly
наскоро,newly
няма,pole
свидетелствам,testify
режим,mode
диалог,dialogue
предполагат,imply
естествено,naturally
взаимно,mutual
основател,founder
напреднал,advanced
гордост,pride
уволнявам,dismiss
самолет,aircraft
доставка,delivery
главно,mainly
печете,bake
замръзвам,freeze
платформа,platform
финанси,finance
мивка,sink
атрактивен,attractive
разнообразни,diverse
релевантни,relevant
идеален,ideal
радост,joy
редовно,regularly
работещ,working
певица,singer
развивам се,evolve
стрелба,shooting
частично,partly
неизвестен,unknown
нарушение,offense
брояч,counter
потенциално,potentially
тридесет,thirty
оправдавам,justify
протестирам,protest
катастрофа,crash
правя,craft
договор,treaty
терорист,terrorist
прозрение,insight
притежавам,possess
политически,politically
докоснете,tap
обширен,extensive
епизод,episode
плувам,swim
автомобилна гума,tire
грешка,fault
разхлабен,loose
скоро,shortly
първоначално,originally
значителен,considerable
предварителен,prior
интелектуален,intellectual
нападение,assault
отпуснете се,relax
стълбище,stair
приключение,adventure
външен,external
доказателство,proof
уверен,confident
централно управление,headquarters
внезапно,sudden
мръсен,dirty
нарушение,violation
език,tongue
Разрешително,license
подслон,shelter
търкайте,rub
полемика,controversy
вход,entrance
правилно,properly
избледняват,fade
отбранителен,defensive
трагедия,tragedy
нето,net
характеризират,characterize
погребение,funeral
професия,profession
променям,alter
представляват,constitute
заведение,establishment
стискам,squeeze
въображение,imagination
маска,mask
преобразувам,convert
изчерпателна,comprehensive
виден,prominent
представяне,presentation
независимо от това,regardless
натоварване,load
стабилен,stable
Въведение,introduction
преструвам се,pretend
възрастен,elderly
представителство,representation
елен,deer
разделяне,split
нарушавам,violate
партньорство,partnership
замърсяване,pollution
емисия,emission
стабилен,steady
жизненоважен,vital
съдба,fate
печалби,earnings
фурна,oven
разграничение,distinction
сегмент,segment
никъде,nowhere
поет,poet
Повече ▼,mere
вълнуващо,exciting
вариация,variation
комфорт,comfort
радикален,radical
адаптирам се,adapt
ирландски,Irish
пчелен мед,honey
кореспондент,correspondent
Блед,pale
музикант,musician
значимост,significance
съхранение,storage
бягам,flee
мм-хмм,mm-hmm
Кожа,leather
разпространявам,distribute
еволюция,evolution
аз ще,ill
племе,tribe
рафт,shelf
дядо,grandfather
морава,lawn
купувач,buyer
хранене,dining
мъдрост,wisdom
съвет,council
уязвими,vulnerable
инстанция,instance
чесън,garlic
способност,capability
поезия,poetry
знаменитост,celebrity
постепенно,gradually
стабилност,stability
фантазия,fantasy
уплашен,scared
парцел,plot
рамка,framework
жест,gesture
в зависимост,depending
продължава,ongoing
психология,psychology
съветник,counselor
глава,chapter
развод,divorce
дължа,owe
тръба,pipe
атлетичен,athletic
математика,math
сянка,shade
опашка,tail
поддържам,sustain
монтиране,mount
задължение,obligation
ъгъл,angle
длан,palm
различават,differ
персонализиран,custom
икономист,economist
петнадесет,fifteen
супа,soup
празненство,celebration
ефикасен,efficient
състав,composition
задоволяват,satisfy
купчина,pile
накратко,briefly
въглерод,carbon
по близо,closer
консумират,consume
схема,scheme
пукнатина,crack
честота,frequency
тютюн,tobacco
оцелял,survivor
Освен това,besides
психолог,psychologist
богат,wealthy
галактика,galaxy
дадено,given
ограничение,limitation
следа,trace
назначаване,appointment
предпочитание,preference
метър,meter
експлозия,explosion
публично,publicly
невероятен,incredible
боец,fighter
бърз,rapid
допускане,admission
ловец,hunter
образоват,educate
болезнено,painful
приятелство,friendship
помощник,aide
кърмаче,infant
изчисли,calculate
петдесет,fifty
отървавам се,rid
веранда,porch
тенденция,tendency
униформа,uniform
образуване,formation
стипендия,scholarship
резервация,reservation
ефективност,efficiency
квалифицирам,qualify
търговски център,mall
извличам,derive
скандал,scandal
полезно,helpful
впечатлявам,impress
всичко,heel
приличат,resemble
поверителност,privacy
плат,fabric
състезание,contest
пропорция,proportion
насока,guideline
пушка,rifle
поддръжка,maintenance
убеждение,conviction
трик,trick
органични,organic
палатка,tent
Преглед,examination
издател,publisher
укрепвам,strengthen
предложено,proposed
сложен,sophisticated
крава,cow
и т.н,etc
стоящ,standing
заспал,asleep
тенис,tennis
нерв,nerve
барел,barrel
бомбардировка,bombing
членство,membership
съотношение,ratio
меню,menu
спорен,controversial
отчаян,desperate
начин на живот,lifestyle
хумор,humor
силен,loud
ръкавица,glove
достатъчно,sufficient
разказ,narrative
фотограф,photographer
хеликоптер,helicopter
скромен,modest
доставчик,provider
забавяне,delay
земеделски,agricultural
експлодирам,explode
удар,stroke
обхват,scope
наказание,punishment
шепа,handful
хоризонт,horizon
любопитен,curious
в центъра,downtown
приятелка,girlfriend
подкана,prompt
холестерол,cholesterol
абсорбирам,absorb
корекция,adjustment
данъкоплатец,taxpayer
нетърпелив,eager
главница,principal
подробно,detailed
мотивация,motivation
задание,assignment
ограничение,restriction
лаборатория,laboratory
работилница,workshop
различно,differently
Автоматичен,auto
романтичен,romantic
памук,cotton
мотор,motor
съдя,sue
вкус,flavor
пренебрегвам,overlook
плавам,float
подлагам се,undergo
последователност,sequence
демонстрация,demonstration
струя,jet
оранжево,orange
консумация,consumption
твърдят,assert
острие,blade
временно,temporary
лекарства,medication
кабина,cabin
хапя,bite
редактиране,edition
долина,valley
твоя,yours
стъпка,pitch
брилянтен,brilliant
срещу,versus
производство,manufacturing
абсолютен,absolute
готвач,chef
дискриминация,discrimination
обидно,offensive
регистрирам,register
назначавам,appoint
наследство,heritage
доминантен,dominant
успешно,successfully
мамка му,shit
лимон,lemon
гладен,hungry
скитам се,wander
Изпращане,submit
икономика,economics
предвиждам,anticipate
гайка,nut
наследство,legacy
разширение,extension
сви рамене,shrug
батерия,battery
пристигане,arrival
легитимен,legitimate
ориентация,orientation
инфлация,inflation
справя се,cope
пламък,flame
клъстер,cluster
рана,wound
зависим,dependent
институционален,institutional
изобразяват,depict
опериращ,operating
плът,flesh
гараж,garage
оператор,operator
инструктор,instructor
колапс,collapse
взимам на заем,borrow
освен това,furthermore
комедия,comedy
ипотека,mortgage
санкция,sanction
граждански,civilian
дванадесет,twelve
седмично,weekly
среда на живот,habitat
зърно,grain
четка,brush
съзнание,consciousness
посвещавам,devote
измерване,measurement
провинция,province
лекота,ease
изземвам,seize
етика,ethics
номинация,nomination
разрешение,permission
мъдър,wise
актриса,actress
връх,summit
киселина,acid
коефициенти,odds
надарен,gifted
разочарование,frustration
среден,medium
физически,physically
различавам,distinguish
бряг,shore
многократно,repeatedly
бял дроб,lung
бягане,running
различен,distinct
артистичен,artistic
дискурс,discourse
кошница,basket
борба,fighting
впечатляващо,impressive
състезател,competitor
грозен,ugly
притеснен,worried
изобразявам,portray
прах,powder
призрак,ghost
убеждавам,persuade
умерено,moderate
последващи,subsequent
продължи,continued
бисквитка,cookie
носител,carrier
готвене,cooking
често срещан,frequent
забрана,ban
ужасно,awful
възхищавам се,admire
домашен любимец,pet
чудо,miracle
надхвърлям,exceed
ритъм,rhythm
широко разпространен,widespread
убиване,killing
прекрасно,lovely
грях,sin
благотворителност,charity
сценарий,script
тактика,tactic
идентифициране,identification
трансформация,transformation
всеки ден,everyday
заглавие,headline
начинание,venture
инвазия,invasion
въпреки това,nonetheless
адекватен,adequate
пиано,piano
бакалия,grocery
интензивност,intensity
експонат,exhibit
одеяло,blanket
марж,margin
защитник,quarterback
мишка,mouse
въже,rope
бетон,concrete
рецепта,prescription
Афроамериканец,African-American
гонитба,chase
тухла,brick
набирам,recruit
пластир,patch
консенсус,consensus
ужас,horror
записване,recording
промяна,changing
художник,painter
колониален,colonial
саке,sake
поглед,gaze
кураж,courage
бременност,pregnancy
Закълни се,swear
поражение,defeat
улика,clue
подсилвам,reinforce
объркване,confusion
парче,slice
професия,occupation
скъпа,dear
въглища,coal
свещен,sacred
формула,formula
когнитивен,cognitive
колективен,collective
точно,exact
чичо,uncle
капитан,captain
въздишка,sigh
атрибут,attribute
осмелявам се,dare
бездомен,homeless
галерия,gallery
футбол,soccer
ответник,defendant
тунел,tunnel
фитнес,fitness
обиколка,lap
гроб,grave
тогава,toe
контейнер,container
добродетелта,virtue
в чужбина,abroad
архитект,architect
драматично,dramatically
грим,makeup
разследване,inquiry
роза,rose
изненадващо,surprisingly
подчертайте,highlight
намаляване,decrease
индикация,indication
релса,rail
годишнина,anniversary
диван,couch
съюз,alliance
хипотеза,hypothesis
гадже,boyfriend
композирайте,compose
бъркотия,mess
легенда,legend
регулират,regulate
юноша,adolescent
блясък,shine
норма,norm
разстроен,upset
Забележка,remark
оставка,resign
награда,reward
свързани,related
орган,organ
леко,lightly
относно,concerning
измислям,invent
смях,laughter
Северозападна,northwest
консултиране,counseling
приемник,receiver
ритуал,ritual
насекомо,insect
прекъсвам,interrupt
сьомга,salmon
търговия,trading
магия,magic
превъзхождащ,superior
битка,combat
стъбло,stem
хирург,surgeon
приемливо,acceptable
физика,physics
изнасилване,rape
съветник,counsel
дънки,jeans
ловувам,hunt
непрекъснато,continuous
дневник,log
хапче,pill
развълнуван,excited
скулптура,sculpture
съединение,compound
интегрирам,integrate
брашно,flour
горчив,bitter
просто,bare
наклон,slope
под наем,rent
президентство,presidency
сервиране,serving
значително,greatly
епископ,bishop
пиене,drinking
приемане,acceptance
помпа,pump
бонбони,candy
доволен,pleased
медал,medal
помолвам,beg
спонсор,sponsor
етичен,ethical
втори,secondary
затръшвам,slam
износ,export
експериментален,experimental
стопявам,melt
полунощ,midnight
крива,curve
интегритет,integrity
право,entitle
очевидно,evident
логика,logic
същност,essence
изключвам,exclude
суров,harsh
дрешник,closet
крайградски,suburban
поздравявам,greet
интериор,interior
коридор,corridor
на дребно,retail
стомна,pitcher
Март,march
змия,snake
извинение,excuse
слабост,weakness
прасе,pig
класически,classical
оценени,estimated
тениска,T-shirt
безработица,unemployment
цивилизация,civilization
гънка,fold
обратен,reverse
липсва,missing
корелация,correlation
човечеството,humanity
светкавица,flash
разработчик,developer
надежден,reliable
вълнение,excitement
говеждо месо,beef
ислям,Islam
римски,Roman
архитектура,architecture
от време на време,occasional
административен,administrative
лакът,elbow
смъртоносен,deadly
испанец,Hispanic
твърдение,allegation
обърквам,confuse
самолет,airplane
месечно,monthly
патица,duck
доза,dose
корейски,Korean
пледирам,plead
инициирам,initiate
лекция,lecture
шесто,sixth
залив,bay
мейнстрийм,mainstream
предградие,suburb
сандвич,sandwich
багажник,trunk
слух,rumor
изпълнение,implementation
поглъщам,swallow
мотивирам,motivate
изобразявам,render
дълго време,longtime
капан,trap
ограничавам,restrict
плат,cloth
привидно,seemingly
законодателна,legislative
ефикасност,effectiveness
налагам,enforce
лещи,lens
инспектор,inspector
заемаш,lend
обикновена,plain
измама,fraud
спътник,companion
споря,contend
пирон,nail
масив,array
строг,strict
сглобявам,assemble
честно казано,frankly
плъх,rat
хубаво,hay
коридор,hallway
пещера,cave
неизбежно,inevitable
югозапад,southwest
чудовище,monster
неочаквано,unexpected
пречка,obstacle
улеснявам,facilitate
Почивай в мир,rip
билка,herb
поразителен,overwhelming
интеграция,integration
кристал,crystal
рецесия,recession
написана,written
мотив,motive
наводнение,flood
химилка,pen
собственост,ownership
кошмар,nightmare
проверка,inspection
ръководител,supervisor
консултирайте се,consult
арена,arena
диагноза,diagnosis
владение,possession
прости,forgive
последователно,consistently
мазе,basement
дрейф,drift
източване,drain
наказателно преследване,prosecution
максимум,maximum
съобщение,announcement
войн,warrior
прогноза,prediction
бактерии,bacteria
въпросник,questionnaire
инфраструктура,infrastructure
побързайте,hurry
привилегия,privilege
храм,temple
на открито,outdoor
смучат,suck
и/или,and/or
излъчване,broadcast
скок,leap
случаен,random
китка на ръка,wrist
завеса,curtain
езерце,pond
домейн,domain
вина,guilt
говеда,cattle
ходене,walking
плейоф,playoff
минимум,minimum
фискален,fiscal
пола,skirt
сметище,dump
следователно,hence
база данни,database
неудобно,uncomfortable
изпълни,execute
крайник,limb
идеология,ideology
мелодия,tune
продължаване,continuing
вреда,harm
железопътна линия,railroad
издържам,endure
радиация,radiation
хроничен,chronic
мирен,peaceful
иновация,innovation
китара,guitar
замяна,replacement
държа се,behave
администрирам,administer
едновременно,simultaneously
танцьорка,dancer
изменение,amendment
подложка,pad
предаване,transmission
изчакайте,await
пенсиониран,retired
спусък,trigger
разлив,spill
благодарен,grateful
благодат,grace
виртуален,virtual
колония,colony
осиновяване,adoption
местно население,indigenous
затворен,closed
осъден,convict
хавлиена кърпа,towel
променям,modify
частица,particle
награда,prize
кацане,landing
тласък,boost
един,bat
аларма,alarm
фестивал,festival
хватка,grip
странно,weird
подкопавам,undermine
първокурсник,freshman
външен,outer
пиян,drunk
раздяла,separation
традиционно,traditionally
управлява,govern
югоизток,southeast
интелигентен,intelligent
където и да е,wherever
гласуване,ballot
риторика,rhetoric
убеден,convinced
шофиране,driving
витамин,vitamin
ентусиазъм,enthusiasm
настанявам,accommodate
хвала,praise
наранявам,injure
пустиня,wilderness
безкраен,endless
мандат,mandate
съответно,respectively
несигурност,uncertainty
хаос,chaos
механичен,mechanical
платно,canvas
четиридесет,forty
лоби,lobby
дълбоко,profound
формат,format
Характерна черта,trait
валута,currency
пуйка,turkey
резерв,reserve
астроном,astronomer
корупция,corruption
изпълнител,contractor
извинете се,apologize
доктрина,doctrine
истински,genuine
палец,thumb
единство,unity
компромис,compromise
ужасен,horrible
поведенчески,behavioral
изключителен,exclusive
разпръсквам,scatter
обикновено,commonly
предавам,convey
усукване,twist
сложност,complexity
вилица,fork
диск,disk
облекчавам,relieve
подозрение,suspicion
здравеопазване,health-care
местожителство,residence
срам,shame
смислен,meaningful
тротоар,sidewalk
олимпиада,Olympics
технологичен,technological
подпис,signature
приятно,pleasant
спирам,suspend
бунтовник,rebel
замразени,frozen
съпруг,spouse
течност,fluid
пенсия,pension
продължи,resume
теоретичен,theoretical
натрий,sodium
повишение,promotion
деликатен,delicate
челото,forehead
възстановявам,rebuild
отскачане,bounce
електрически,electrical
кука,hook
детектив,detective
пътник,traveler
щракнете,click
компенсация,compensation
изход,exit
атракция,attraction
посвещавам,dedicate
като цяло,altogether
Вдигни,pickup
издълбавам,carve
игла,needle
корема,belly
плаша,scare
портфолио,portfolio
совалка,shuttle
невидим,invisible
синхронизация,timing
годеж,engagement
глезен,ankle
сделка,transaction
спасяване,rescue
двойник,counterpart
исторически,historically
твърдо,firmly
ездач,rider
кукла,doll
по обяд,noon
сред,amid
идентичен,identical
прецизен,precise
разтревожен, неспокоен,anxious
структурен,structural
жилищен,residential
поставям диагноза,diagnose
въглехидрат,carbohydrate
свобода,liberty
постер,poster
теология,theology
нестопанска цел,nonprofit
пълзене,crawl
кислород,oxygen
красив,handsome
сума,sum
предоставени,provided
бизнесмен,businessman
обещаващ,promising
в съзнание,conscious
решителност,determination
донор,donor
нейната,hers
пастор,pastor
джаз,jazz
опера,opera
придобиване,acquisition
прегръдка,hug
дивата природа,wildlife
наказвам,punish
собствен капитал,equity
врата,doorway
заминаване,departure
асансьор,elevator
тийнейджърски,teenage
напътствие,guidance
щастие,happiness
статуя,statue
преследване,pursuit
ремонт,repair
приличен,decent
фитнес,gym
устно,oral
чиновник,clerk
плик,envelope
отчитане,reporting
дестинация,destination
юмрук,fist
одобрявам,endorse
проучване,exploration
щедър,generous
баня,bath
по този начин,thereby
индикатор,indicator
слънчева светлина,sunlight
обратна връзка,feedback
спектър,spectrum
лилаво,purple
лазер,laser
удебелен,bold
те се колебаят,reluctant
стартиране,starting
експертиза,expertise
практически,practically
храня се,eating
намек,hint
рязко,sharply
парад,parade
царство,realm
анулиране,cancel
смесвам,blend
терапевт,therapist
кора,peel
пица,pizza
получател,recipient
колебайте,hesitate
флип,flip
счетоводство,accounting
пристрастие,bias
метафора,metaphor
свещ,candle
съдебно,judicial
образувание,entity
страдание,suffering
пълен работен ден,full-time
лампа,lamp
боклуци,garbage
слуга,servant
регулаторен,regulatory
дипломатически,diplomatic
елегантен,elegant
рецепция,reception
изчезват,vanish
автоматично,automatically
брадичка,chin
необходимост,necessity
признавам си,confess
расизъм,racism
стартер,starter
банково дело,banking
случайни,casual
земно притегляне,gravity
записвам се,enroll
намалявам,diminish
предотвратяване,prevention
минимизиране,minimize
котлет,chop
изпълнител,performer
намерение,intent
изолирайте,isolate
складова наличност,inventory
продуктивен,productive
монтаж,assembly
граждански,civic
коприна,silk
величина,magnitude
стръмен,steep
заложник,hostage
колектор,collector
популярност,popularity
извънземно,alien
динамичен,dynamic
страшен,scary
уравнение,equation
ангел,angel
предлагане,offering
ярост,rage
фотография,photography
тоалетна,toilet
разочарован,disappointed
скъпоценен,precious
забранявам,prohibit
реалистичен,realistic
скрит,hidden
търг,tender
събиране,gathering
изключителен,outstanding
препъване,stumble
самотен,lonely
автомобилен,automobile
изкуствени,artificial
зората,dawn
абстрактно,abstract
слизам,descend
глупав,silly
прилив,tide
споделено,shared
да се надяваме,hopefully
с готовност,readily
сътрудничат,cooperate
революционен,revolutionary
романтика,romance
хардуер,hardware
възглавница,pillow
комплект,kit
континент,continent
тюлен,seal
верига,circuit
управляващ,ruling
недостиг,shortage
годишно,annually
напоследък,lately
сканиране,scan
глупак,fool
краен срок,deadline
отзад,rear
обработка,processing
ранчо,ranch
крайбрежен,coastal
предприемам,undertake
нежно,softly
парене,burning
глаголен,verbal
племенен,tribal
нелепо,ridiculous
автоматичен,automatic
диамант,diamond
достоверност,credibility
импортиране,import
сексуално,sexually
божествено,divine
настроения,sentiment
количка,cart
надзиравам,oversee
часа,o'clock
старейшина,elder
професионалист,pro
вдъхновение,inspiration
холандски,Dutch
количество,quantity
ремарке,trailer
смърт,mate
Гръцки,Greek
гений,genius
паметник,monument
предложение,bid
търсене,quest
жертва,sacrifice
покана,invitation
точност,accuracy
съдебен заседател,juror
официално,officially
брокер,broker
съкровище,treasure
лоялност,loyalty
талантлив,talented
бензин,gasoline
скован,stiff
изход,output
номиниран,nominee
удължен,extended
диабет,diabetes
шамар,slap
токсичен,toxic
предполагаем,alleged
челюст,jaw
скръб,grief
мистериозен,mysterious
ракета,rocket
дарявам,donate
затворник,inmate
справи,tackle
динамика,dynamics
нашият,ours
достойнство,dignity
килим,carpet
родителски,parental
балон,bubble
приятелю,buddy
хамбар,barn
седмо,seventh
слава,glory
плътно,tightly
защитен,protective
затъквам,tuck
барабан,drum
губя съзнание,faint
кралица,queen
дилема,dilemma
вход,input
специализират,specialize
североизток,northeast
плитък,shallow
отговорност,liability
плавам,sail
търговец,merchant
стадион,stadium
подобрен,improved
кървав,bloody
свързани,associated
оттегляне,withdrawal
хладилник,refrigerator
гнездо,nest
старателно,thoroughly
платно,lane
прародител,ancestor
осъждам,condemn
пара,steam
акцент,accent
оптимистичен,optimistic
обединяват се,unite
клетка,cage
оборудвам,equip
скариди,shrimp
роден край,homeland
багажник,rack
костюм,costume
вълк,wolf
съдебна зала,courtroom
устав,statute
карикатура,cartoon
производителност,productivity
усмивка,grin
символичен,symbolic
буболечка,bug
благославям,bless
леля,aunt
селско стопанство,agriculture
враждебен,hostile
зачевам,conceive
комбинирани,combined
моментално,instantly
фалит,bankruptcy
ваксина,vaccine
бонус,bonus
сътрудничество,collaboration
смесен,mixed
противопоставени,opposed
орбита,orbit
хващам,grasp
търпение,patience
злоба,spite
тропически,tropical
гласуване,voting
патрул,patrol
желание,willingness
откровение,revelation
спокоен,calm
бижута,jewelry
кубински,Cuban
теглене,haul
признавам,concede
вагон,wagon
после,afterward
грандиозен,spectacular
разруха,ruin
чист,sheer
имунен,immune
надеждност,reliability
наред,alongside
храст,bush
екзотично,exotic
очарователно,fascinating
клип,clip
бедро,thigh
чекмедже,drawer
овце,sheep
обезсърчавам,discourage
координатор,coordinator
идеологически,ideological
бегач,runner
светски,secular
интимен,intimate
империя,empire
такси,cab
изпит,exam
документален филм,documentary
неутрален,neutral
биология,biology
гъвкав,flexible
прогресивен,progressive
конспирация,conspiracy
пострадал,casualty
република,republic
екзекуция,execution
страхотно,terrific
функционален,functional
инстинкт,instinct
съотборник,teammate
алуминий,aluminum
който и да е,whoever
министерство,ministry
присъда,verdict
инструктирам,instruct
череп,skull
самочувствие,self-esteem
кооперативен,cooperative
манипулирам,manipulate
пчела,bee
практик,practitioner
цикъл,loop
редактиране,edit
камшик,whip
пъзел,puzzle
гъба,mushroom
субсидия,subsidy
кипене,boil
трагичен,tragic
математика,mathematics
механик,mechanic
буркан,jar
земетресение,earthquake
свинско,pork
креативност,creativity
безопасно,safely
лежащ в основата,underlying
десерт,dessert
съчувствие,sympathy
рибар,fisherman
невероятно,incredibly
изолация,isolation
чорап,sock
единадесет,eleven
секси,sexy
предприемач,entrepreneur
синдром,syndrome
бюро,bureau
работно място,workplace
амбиция,ambition
тъчдаун,touchdown
използвам,utilize
полъх,breeze
скъпи,costly
амбициозен,ambitious
християнството,Christianity
вероятно,presumably
влиятелен,influential
превод,translation
несигурен,uncertain
разтварям,dissolve
статистически,statistical
червата,gut
митрополит,metropolitan
валцуване,rolling
естетичен,aesthetic
заклинание,spell
вмъкнете,insert
будка,booth
каска,helmet
талия,waist
очакван,expected
постижение,accomplishment
кралски,royal
паника,panic
смачквам,crush
активно,actively
скала,cliff
минимален,minimal
шнур,cord
за щастие,fortunately
кокаин,cocaine
илюзия,illusion
анонимен,anonymous
толерирам,tolerate
признателност,appreciation
комисар,commissioner
гъвкавост,flexibility
инструктаж,instructional
боричкане,scramble
казино,casino
тумор,tumor
украсяват,decorate
пулс,pulse
еквивалентен,equivalent
фиксирани,fixed
опитен,experienced
дарение,donation
дневник,diary
брат или сестра,sibling
ирония,irony
лъжица,spoon
по средата,midst
алея,alley
взаимодействат,interact
сапун,soap
сладко,cute
съперник,rival
краткосрочен,short-term
удар,punch
карфица,pin
хокей,hockey
преминаване,passing
упорствам,persist
доставчик,supplier
известен,known
импулс,momentum
Портмоне,purse
навес,shed
течност,liquid
икона,icon
слон,elephant
следователно,consequently
законодателна власт,legislature
франчайз,franchise
правилно,correctly
умствено,mentally
приемен,foster
велосипед,bicycle
насърчаване,encouraging
мамят,cheat
лекувам,heal
висока температура,fever
филтър,filter
заек,rabbit
монета,coin
експлоатация,exploit
достъпен,accessible
организъм,organism
усещане,sensation
частично,partially
на горния етаж,upstairs
изсушени,dried
запазване,conservation
блъскам,shove
заден двор,backyard
харта,charter
печка,stove
съгласие,consent
съдържат,comprise
напомняне,reminder
подобни,alike
поставяне,placement
тесто,dough
внук,grandchild
язовир,dam
съобщава се,reportedly
всеизвестен,well-known
околните,surrounding
екологичен,ecological
облекло,outfit
безпрецедентен,unprecedented
колумнист,columnist
тренировка,workout
предварителен,preliminary
патент,patent
срамежлив,shy
боклук,trash
хора с увреждания,disabled
бруто,gross
по дяволите,damn
хормон,hormone
текстура,texture
молив,pencil
граница,frontier
спрей,spray
разкривам,disclose
попечителство,custody
банкер,banker
звяр,beast
меся се,interfere
осмо,eighth
тетрадка,notebook
контур,outline
посещаемост,attendance
спекулация,speculation
разкривам,uncover
от името,behalf
иновативен,innovative
акула,shark
мелница,mill
инсталация,installation
стимулират,stimulate
етикет,tag
вертикален,vertical
плуване,swimming
флота,fleet
каталог,catalog
аутсайдер,outsider
отчаяно,desperately
позиция,stance
принуждавам,compel
чувствителност,sensitivity
някой ден,someday
моментално,instant
дебют,debut
провъзгласявам,proclaim
в световен мащаб,worldwide
поход,hike
изисква се,required
конфронтация,confrontation
цветен,colorful
конституция,constitution
треньор,trainer
Денят на благодарността,Thanksgiving
аромат,scent
стек,stack
вежда,eyebrow
чувал,sack
престанете,cease
ти наследяваш,inherit
тава,tray
пионер,pioneer
организационни,organizational
учебник,textbook
гаден,nasty
свиване,shrink
възникващи,emerging
точка,dot
пшеница,wheat
свиреп,fierce
предвиждам,envision
рационален,rational
царство,kingdom
пътека,aisle
отслабвам,weaken
протокол,protocol
единствено и само,exclusively
вокал,vocal
пазар,marketplace
открито,openly
несправедлива,unfair
терен,terrain
разгърнете,deploy
рисковано,risky
паста,pasta
жанр,genre
Разсейвам,distract
заслуга,merit
плановик,planner
депресиран,depressed
парче,chunk
най-близо,closest
отстъпка,discount
стълба,ladder
джунгла,jungle
миграция,migration
дишане,breathing
нахлувам,invade
ураган,hurricane
търговец на дребно,retailer
класифицирам,classify
преврат,coup
посланик,ambassador
плътност,density
поддържащ,supportive
любопитство,curiosity
пропуснете,skip
агресия,aggression
стимул,stimulus
журналистика,journalism
робот,robot
потопете се,dip
по същия начин,likewise
неофициален,informal
персийски,Persian
перо,feather
сфера,sphere
затегне,tighten
хваля се,boast
същото,pat
възприеман,perceived
подметка,sole
публичност,publicity
разгънете,unfold
благополучие,well-being
валидност,validity
екосистема,ecosystem
строго,strictly
частично,partial
плевел,weed
съответствие,compliance
ивица,streak
по общо мнение,supposedly
добавен,added
строител,builder
проблясък,glimpse
помещение,premise
специалност,specialty
считам,deem
артефакт,artifact
промъквам се,sneak
маймуна,monkey
наставник,mentor
две трети,two-thirds
слушател,listener
мълния,lightning
законно,legally
ръкав,sleeve
разочарование,disappointment
безпокоя,disturb
ребро,rib
прекомерно,excessive
висока технология,high-tech
отломки,debris
прът,rod
логично,logical
пепел,ash
социално,socially
енория,parish
робство,slavery
празно,blank
стока,commodity
минерал,mineral
глад,hunger
умиращ,dying
развитие,developmental
по-бързо,faster
резервен,spare
наполовина,halfway
равенство,equality
гробище,cemetery
тормоз,harassment
умишлено,deliberately
слава,fame
разкайвам се,regret
поразително,striking
вероятност,likelihood
морков,carrot
отгоре,atop
пътна такса,toll
джанта,rim
смутен,embarrassed
шибан,fucking
придържам,cling
изолиран,isolated
мигам,blink
подозрителен,suspicious
инвалиден стол,wheelchair
отряд,squad
отговарящ на условията,eligible
процесор,processor
потопете се,plunge
демографски,demographic
охладете се,chill
убежище,refuge
управлявам,steer
законодател,legislator
рали,rally
програмиране,programming
веселие,cheer
изход,outlet
непокътнати,intact
продавач,vendor
процъфтявам,thrive
фъстък,peanut
дъвча,chew
изчерпателно,elaborate
зачатие,conception
търг,auction
пържола,steak
спазвам,comply
триумф,triumph
акционер,shareholder
сравними,comparable
транспорт,transport
съвест,conscience
изчисление,calculation
значително,considerably
интервал,interval
драскотина,scratch
буден,awake
юрисдикция,jurisdiction
неизбежно,inevitably
феминистка,feminist
ограничение,constraint
емоционално,emotionally
експедиция,expedition
твърди се,allegedly
сходство,similarity
дупето,butt
капак,lid
насипно състояние,bulk
поръсете,sprinkle
смъртност,mortality
философски,philosophical
преобразуване,conversion
покровител,patron
общински,municipal
черен дроб,liver
хармония,harmony
единствено,solely
толерантност,tolerance
коза,goat
благословение,blessing
банан,banana
дворец,palace
по-рано,formerly
селянин,peasant
чист,neat
баба и дядо,grandparent
законодател,lawmaker
супермаркет,supermarket
круиз,cruise
Подвижен,mobile
календар,calendar
вдовица,widow
депозит,deposit
брада,beard
спирачка,brake
скрининг,screening
импулс,impulse
забранявам,forbid
кожа,fur
брутален,brutal
хищник,predator
мушкам,poke
избирам,opt
доброволен,voluntary
валиден,valid
форум,forum
танцуване,dancing
щастливо,happily
извисявам се,soar
отстраняване,removal
автономия,autonomy
постановявам,enact
резба,thread
забележителност,landmark
нещастен,unhappy
нарушител,offender
идва,coming
частно,privately
фракция,fraction
отличителен,distinctive
туризъм,tourism
праг,threshold
рутинно,routinely
апартамент,suite
регулатор,regulator
слама,straw
богословски,theological
ауспух,exhaust
земно кълбо,globe
чуплив,fragile
възражение,objection
химия,chemistry
старомоден,old-fashioned
пренаселено,crowded
взрив,blast
преобладават,prevail
през нощта,overnight
отказ,denial
отдаване под наем,rental
фантастично,fantastic
фрагмент,fragment
винт,screw
топлина,warmth
бакалавър,undergraduate
главоболие,headache
полицай,policeman
проекция,projection
подходящ,suitable
абитуриентски,graduation
пробивна машина,drill
жесток,cruel
имение,mansion
гроздов,grape
упълномощавам,authorize
вила,cottage
алея,driveway
сексуалност,sexuality
лоялен,loyal
глина,clay
балон,balloon
изобретение,invention
Направи,fare
домашна работа,homework
диск,disc
диван,sofa
наличност,availability
радар,radar
намръщване,frown
възвръщам,regain
пуловер,sweater
рехабилитация,rehabilitation
каучук,rubber
отстъпление,retreat
молекула,molecule
свободно,freely
благоприятен,favorable
стабилно,steadily
интегриран,integrated
младеж,youngster
премия,premium
отчетност,accountability
затрупвам,overwhelm
една трета,one-third
съзерцавам,contemplate
актуализация,update
искра,spark
иронично,ironically
умора,fatigue
спекулирам,speculate
маркер,marker
проповядвам,preach
кофа,bucket
руса,blond
изповед,confession
провокирам,provoke
мрамор,marble
по същество,substantially
защитник,defender
изрично,explicit
обезпокоителен,disturbing
наблюдение,surveillance
магнитен,magnetic
техник,technician
майка,mutter
опустошителен,devastating
заминавам,depart
стрелка,arrow
травма,trauma
съседни,neighboring
накисвам,soak
панделка,ribbon
междувременно,meantime
предавам,transmit
прибиране на реколтата,harvest
последователен,consecutive
координирам,coordinate
шпионин,spy
слот,slot
бунт,riot
хранително вещество,nutrient
гражданство,citizenship
тежко,severely
суверенитет,sovereignty
хребет,ridge
смел,brave
осветление,lighting
посочете,specify
сътрудник,contributor
разочаровам,frustrate
артикулиран,articulate
важното,importantly
транзит,transit
плътен,dense
семинар,seminar
електроника,electronics
слънчево,sunny
къси панталонки,shorts
набъбвам,swell
обвинение,accusation
омекват,soften
изправете,straighten
ужасно,terribly
щека,cue
булка,bride
биография,biography
опасност,hazard
завладяващ,compelling
рядко,seldom
плочка,tile
икономически,economically
честно казано,honestly
обезпокоен,troubled
двадесети,twentieth
балансиран,balanced
чужденец,foreigner
удобство,convenience
наслада,delight
тъкат,weave
дървен материал,timber
да се,till
точно,accurately
апел,plea
крушка,bulb
летене,flying
устойчиви,sustainable
дявол,devil
болт,bolt
товари,cargo
гръбначен стълб,spine
продавач,seller
квалифициран,skilled
управление,managing
морски,marine
организиран,organized
мъгла,fog
дипломат,diplomat
скучно е,boring
някой път,sometime
резюме,summary
мисионерски,missionary
епидемия,epidemic
фатален,fatal
подстригвам,trim
склад,warehouse
ускорявам,accelerate
пеперуда,butterfly
бронз,bronze
удавя се,drown
присъщи,inherent
в национален мащаб,nationwide
плюе,spit
коленичи,kneel
вакуум,vacuum
избрани,selected
диктувам,dictate
