the;ال
and;و
have;لديك
that;الذي - التي
for;إلى عن على
you;أنت
with;مع
say;قل
this;هذه
they;أنهم
but;لكن
his;له
from;من
not;ليس
she;هي
as;كما
what;ماذا او ما
their;هُم
can;يستطيع
who;منظمة الصحة العالمية
get;احصل على
would;سيكون
her;لها
all;الكل
make;صنع
about;حول
know;أعرف
will;إرادة
one;واحد
time;زمن
there;هناك
year;عام
think;فكر في
when;متى
which;أيّ
them;هم
some;بعض
people;اشخاص
take;يأخذ
out;خارج
into;داخل
just;فقط
see;نرى
him;له
your;لك
come;يأتي
could;استطاع
now;حاليا
than;من
like;مثل
other;آخر
how;كيف
then;ومن بعد
its;انها
our;ملكنا
two;اثنين
more;أكثر
these;هؤلاء
want;يريد
way;طريق
look;نظرة
first;أول
also;ايضا
new;الجديد
because;لان
day;يوم
use;استعمال
man;رجل
find;تجد
here;هنا
thing;شيء
give;يعطى
many;عديدة
well;نحن سوف
only;فقط
those;أولئك
tell;أقول
very;جداً
even;حتى
back;الى الخلف
any;أي
good;جيد
woman;النساء
through;عبر
life;الحياة
child;طفل
work;الشغل
down;أسفل
may;مايو
after;بعد، بعدما
should;ينبغي
call;مكالمة
world;العالمية
over;خلال
school;المدرسة
still;ساكن
try;محاولة
last;الاخير
ask;يطلب
need;بحاجة إلى
too;جدا
feel;يشعر
three;ثلاثة
state;حالة
never;أبداً
become;أصبح
between;ما بين
high;عالي
really;حقًا
something;شيئا ما
most;عظم
another;اخر
much;كثير
family;الأسرة
own;ملك
leave;غادر
put;وضع
old;قديم
while;في حين
mean;يعني
keep;احتفظ
student;طالب علم
why;لماذا
let;يترك
great;رائعة
same;نفس
big;كبير
group;مجموعة
begin;يبدأ
seem;يبدو
country;بلد
help;يساعد
talk;حديث
where;أين
turn;منعطف أو دور
problem;مشكلة
every;كل
start;بداية
hand;كف
might;قد
American;أمريكي
show;تبين
part;جزء
against;ضد
place;مكان
such;مثل
again;تكرارا
few;قليل
case;قضية
week;أسبوع
company;شركة
system;النظام
each;كل
right;حقا
program;برنامج
hear;يسمع
question;سؤال
during;أثناء
play;لعب
government;حكومة
run;يجري
small;صغير
number;رقم
off;إيقاف
always;دائماً
move;يتحرك
night;ليل
live;يعيش
Mr;السيد
point;نقطة
believe;يصدق
hold;يمسك
today;اليوم
bring;احضر
happen;يحدث
next;التالي
without;بدون
before;قبل
large;كبير
million;مليون
must;يجب
home;الصفحة الرئيسية
under;تحت
water;ماء
room;مجال
write;اكتب
mother;أم
area;منطقة
national;الوطني
money;مال
story;قصة
young;صغيرة
fact;حقيقة
month;شهر
different;مختلف
lot;كثير
study;دراسة
book;الكتاب
eye;عين
job;مهنة
word;كلمة
though;على أية حال
business;اعمال
issue;القضية
side;جانب
kind;طيب القلب
four;أربعة
head;رأس
far;بعيد
black;أسود
long;طويل
both;على حد سواء
little;قليل
house;بيت
yes;نعم
since;حيث
provide;تزود
service;الخدمات
around;حول
friend;صديق
important;مهم
father;الآب
sit;يجلس
away;بعيد
until;حتى
power;قوة
hour;ساعة
game;لعبه
often;غالباً
yet;حتى الآن
line;خط
political;سياسي
end;نهاية
among;ضمن
ever;أي وقت مضى
stand;انتصاب
bad;سيئ
lose;تخسر
however;ومع ذلك
member;عضو
pay;يدفع
law;قانون
meet;يجتمع
car;جمل
city;مدينة
almost;تقريبيا
include;تضمن
continue;استمر
set;تعيين
later;في وقت لاحق
community;تواصل اجتماعي
name;اسم
five;خمسة
once;ذات مرة
white;أبيض
least;الأقل
president;رئيس
learn;يتعلم
real;حقا
change;يتغيرون
team;فريق
minute;اللحظة
best;الأفضل
several;العديد من
idea;فكرة
kid;طفل
body;هيئة
information;معلومة
nothing;ولا شيء
ago;منذ
lead;قيادة
social;اجتماعي
understand;تفهم
whether;سواء
watch;راقب
together;معاً
follow;إتبع
parent;الأبوين
stop;قف
face;وجه
anything;اى شئ
create;خلق
public;عام
already;سابقا
speak;تحدث
others;الآخرين
read;قرأ
level;مستوى
allow;السماح
add;يضيف
office;مكتب
spend;أنفق
door;باب
health;صحة
person;شخص
art;فن
sure;بالتأكيد
war;حرب
history;التاريخ
party;حفل
within;داخل
grow;تنمو
result;نتيجة
open;افتح
morning;صباح
walk;مشي
reason;السبب
low;قليل
win;فوز
research;ابحاث
girl;فتاة
guy;شاب
early;مبكر
food;غذاء
moment;لحظة
himself;نفسه
air;هواء
teacher;معلم
force;فرض
offer;عرض
enough;كافي
education;التعليم
across;بجانب
although;رغم
remember;تذكر
foot;قدم
second;ثانيا
boy;صبي
maybe;يمكن
toward;باتجاه
able;قادر
age;سن
policy;سياسات
everything;كل شىء
love;الحب
process;معالجة
music;موسيقى
including;بما فيها
consider;انصح
appear;يظهر
actually;في الحقيقة
buy;يشترى
probably;المحتمل
human;بشري
wait;انتظر
serve;تخدم
market;سوق
die;ال
send;إرسال
expect;توقع
sense;حاسة
build;يبني
stay;يقضي
fall;يسقط
oh;أوه
nation;الأمة
plan;خطة
cut;يقطع
college;كلية
interest;فائدة
death;الموت
course;مسار
someone;شخصا ما
experience;خبرة
behind;خلف
reach;تصل
local;محلي
kill;قتل
six;ستة
remain;يبقى
effect;تأثير
yeah;بلى
suggest;يقترح
class;صف دراسي
control;مراقبة
raise;رفع
care;رعاية
perhaps;ربما
late;متأخر
hard;الصعب
field;مجال
else;آخر
pass;يمر
former;سابق
sell;باع
major;رائد
sometimes;بعض الأحيان
require;يتطلب
along;على طول
development;تطوير
themselves;أنفسهم
report;أبلغ عن
role;وظيفة
better;أفضل
economic;اقتصادي
effort;مجهود
decide;قرر
rate;معدل
strong;قوي
possible;المستطاع
heart;قلب
drug;دواء
leader;قائد
light;خفيفة
voice;صوت بشري
wife;زوجة
whole;كامل
police;شرطة
mind;عقل _ يمانع
finally;أخيرا
pull;يحذب
return;إرجاع
free;مجانا
military;جيش
price;سعر
less;أقل
according;تبعا
decision;قرار
explain;يشرح
son;ابن
hope;أمل
develop;طور
view;رأي
relationship;صلة
carry;احمل
town;بلدة
road;طريق
drive;قطع
arm;ذراع
TRUE;صحيح
federal;الفيدرالية
break;فترة راحة
difference;فرق
thank;شكر
receive;تلقى
value;القيمة
international;دولي
building;بناء
action;عمل
full;ممتلئ
model;نموذج
join;انضم
season;الموسم
society;المجتمع
tax;ضريبة
director;مدير
position;موقع
player;لاعب
agree;يوافق على
especially;خاصة
record;سجل
pick;قطف او يقطف
wear;يرتدي
paper;ورق
special;خاص
space;الفضاء
ground;أرض
form;شكل
support;الدعم
event;حدث
official;الرسمية
whose;ملك من
matter;قضيه
everyone;كل واحد
center;المركز
couple;زوج
site;موقع
project;مشروع
hit;يضرب
base;قاعدة
activity;نشاط
star;نجمة
table;الطاولة
court;المحكمة
produce;ينتج
eat;تأكل
teach;يعلم
oil;نفط
half;نصف
situation;الموقف
easy;سهل
cost;كلفة
industry;صناعة
figure;الشكل
street;شارع
image;صورة
itself;بحد ذاتها
phone;هاتف
either;أيضاً
data;بيانات
cover;التغطية
quite;الى حد كبير
picture;صورة
clear;صافي
practice;ممارسة
piece;قطعة
land;الأرض
recent;مؤخرًا
describe;يصف
product;منتج
doctor;طبيب
wall;حائط
patient;صبور
worker;عامل
news;الإخبارية
test;اختبار
movie;فيلم
certain;تأكيد
north;شمال
personal;شخصي
simply;ببساطة
third;الثالث
technology;تكنولوجيا
catch;قبض على
step;خطوة
baby;طفل
computer;الحاسوب
type;يكتب
attention;الانتباه
draw;سحب
film;فيلم
Republican;جمهوري
tree;شجرة
source;مصدر
red;أحمر
nearly;تقريبا
organization;منظمة
choose;يختار
cause;موجه
hair;شعر
century;مئة عام
evidence;دليل
window;نافذة او شباك
difficult;صعبة
listen;استمع
soon;هكذا
culture;الثقافة
billion;مليار
chance;صدفة
brother;شقيق
energy;طاقة
period;فترة
summer;الصيف
realize;تدرك
hundred;مائة
available;متوفرة
plant;مصنع
likely;المحتمل أن
opportunity;فرصة
term;مصطلح
short;قصيرة
letter;رسالة
condition;حالة
choice;خيار
single;غير مرتبطة
rule;قاعدة
daughter;بنت
administration;الادارة
south;جنوب
husband;الزوج
Congress;الكونجرس
floor;أرضية
campaign;الحملة الانتخابية
material;مواد
population;تعداد السكان
economy;اقتصاد
medical;طبي
hospital;مستشفى
church;كنيسة
close;أغلق
thousand;ألف
risk;مخاطرة
current;تيار
fire;نار
future;مستقبل
wrong;خاطئ - ظلم - يظلم
involve;تنطوي
defense;دفاع
anyone;أي واحد
increase;زيادة
security;الأمان
bank;مصرف
myself;نفسي
certainly;من المؤكد
west;الغرب
sport;رياضة
board;مجلس
seek;بحث
per;لكل
subject;موضوعات
officer;ضابط
private;خاص
rest;راحة
behavior;سلوك
deal;صفقة
performance;أداء
fight;يقاتل
throw;يرمي
top;أعلى
quickly;بسرعة
past;ماضي
goal;هدف
bed;سرير
order;ترتيب
author;مؤلف
fill;يملأ
represent;يمثل
focus;التركيز
foreign;أجنبي
drop;يسقط
blood;الدم
upon;على
agency;وكالة
push;يدفع
nature;طبيعة سجية
color;اللون
recently;حديثاً
store;متجر
reduce;خفض
sound;يبدو
note;ملاحظة
fine;بخير
near;قرب
movement;حركة
page;صفحة
enter;أدخل
share;شارك
common;مشترك
poor;فقير
natural;طبيعي
race;سباق
concern;الاهتمام
series;سلسلة
significant;هام
similar;مماثل
hot;الحار
language;لغة
usually;عادة
response;استجابة
dead;في ذمة الله تعالى
rise;ترتفع
animal;حيوان
factor;عامل
decade;عقد، عشر سنوات
article;مقالة - سلعة
shoot;أطلق النار
east;الشرق
save;حفظ
seven;سبعة
artist;فنان
scene;مشهد
stock;مخزون
career;مسار مهني مسار وظيفي
despite;بالرغم من
central;وسط
eight;ثمانية
thus;هكذا
treatment;علاج او معاملة
beyond;وَرَاءَ
happy;سعيدة
exactly;بالضبط
protect;يحمي
approach;يقترب
lie;يكذب
size;بحجم
dog;كلب
fund;تمويل
serious;جدي
occur;تحدث
media;وسائل الإعلام
ready;جاهز
sign;إشارة
thought;يفكر
list;قائمة
individual;فرد
simple;بسيط
quality;جودة
pressure;الضغط
accept;قبول
answer;إجابه
resource;الموارد
identify;التعرف
left;اليسار
meeting;اجتماع
determine;تحديد
prepare;إعداد
disease;مرض
whatever;ايا كان
success;النجاح
argue;تجادل
cup;فنجان
particularly;خصوصا
amount;مقدار
ability;قدرة
staff;العاملين
recognize;تعرف
indicate;تشير
character;حرف
growth;نمو
loss;خسارة
degree;الدرجة العلمية
wonder;يتعجب
attack;هجوم
herself;نفسها
region;منطقة
television;التلفاز
box;علبة
TV;تلفزيون
training;تمرين
pretty;جميل
trade;تجارة
election;انتخاب
everybody;الجميع
physical;بدني
lay;يضع
general;جنرال لواء
feeling;شعور
standard;اساسي
bill;مشروع قانون
message;رسالة
fail;يفشل
outside;الخارج
arrive;يصل
analysis;التحليلات
benefit;المنفعة
sex;الجنس
forward;إلى الأمام
lawyer;محامي
present;الحالي
section;الجزء
environmental;بيئي
glass;زجاج
skill;مهارة
sister;أخت
PM;مساءً
professor;دكتور جامعى
operation;عملية
financial;الأمور المالية
crime;جريمة
stage;المسرح
ok;موافق
compare;قارن
authority;السلطة
miss;يغيب
design;التصميم
sort;فرز
act;فعل
ten;عشرة
knowledge;المعرفه
gun;بندقية
station;محطة
blue;أزرق
strategy;إستراتيجية
clearly;بوضوح
discuss;تناقش
indeed;في الواقع
truth;حقيقة
song;أغنية
example;مثال
democratic;ديمقراطية
check;التحقق من
environment;بيئة
leg;ساق
dark;مظلم
various;مختلف
rather;بدلاً
laugh;يضحك
guess;خمن
executive;تنفيذي
prove;يثبت
hang;يشنق
entire;بأكمله
rock;صخر
forget;ننسى
claim;مطالبة
remove;إزالة
manager;إدارة
enjoy;التمتع
network;شبكة الاتصال
legal;قانوني
religious;متدين
cold;البرد
final;نهائي
main;رئيسي
science;علوم
green;لون أخضر
memory;ذاكرة
card;بطاقة
above;في الاعلى
seat;مقعد
cell;زنزانة
establish;إنشاء
nice;لطيف
trial;التجربة
expert;خبير
spring;ينبوع
firm;شركة
Democrat;ديموقراطي
radio;مذياع
visit;يزور
management;إدارة
avoid;تجنب
imagine;يتصور
tonight;هذه الليلة
huge;تسربت
ball;كرة
finish;إنهاء
yourself;نفسك
theory;نظرية
impact;تأثير
respond;رد
statement;بيان
maintain;الحفاظ
charge;تكلفة
popular;جمع
traditional;التقليديين
onto;على
reveal;يكشف
direction;اتجاه
weapon;سلاح
employee;موظف
cultural;ثقافي
contain;يحتوي
peace;سلام
pain;الم
apply;يتقدم
measure;يقيس
wide;واسع
shake;هزة
fly;يطير
interview;مقابلة
manage;تدبير
chair;كرسي
fish;سمك
particular;خاص
camera;كاميرا
structure;بنية
politics;سياسة
perform;نفذ
bit;قليل
weight;وزن
suddenly;فجأة
discover;يكتشف
candidate;مُرَشَّح
production;إنتاج
treat;يعالج
trip;رحلة قصيرة
evening;اخر النهار
affect;تؤثر
inside;داخل
conference;مؤتمر
unit;وحدة
style;نمط
adult;بالغ
worry;قلق
range;نطاق
mention;أشير
deep;عميق
edge;حافة
specific;محدد
writer;كاتب
trouble;مشكلة
necessary;من الضروري
throughout;على مدار
challenge;تحدي
fear;يخاف
shoulder;كتف
institution;المعهد
middle;وسط
sea;بحر
dream;حلم
bar;شريط
beautiful;جميلة
property;منشأه
instead;في حين أن
improve;تحسن
stuff;أمور
detail;التفاصيل
method;طريقة
somebody;شخص ما
magazine;مجلة
hotel;الفندق
soldier;جندي
reflect;يعكس
heavy;ثقيل
sexual;جنسي
bag;حقيبة
heat;الحرارة
marriage;زواج
tough;قاسٍ
sing;يغنى
surface;سطح - المظهر الخارجي
purpose;غاية
exist;يوجد
pattern;نمط
whom;مَن
skin;جلد
agent;وكيل
owner;صاحبة
machine;آلة
gas;غاز
ahead;امام
generation;توليد
commercial;تجاري
address;تبوك
cancer;سرطان
item;العنصر
reality;واقع
coach;مدرب رياضي
Mrs;السّيدة
yard;حديقة منزل
beat;تغلب
violence;هنف
total;المجموع
tend;ينزع
investment;استثمار
discussion;نقاش
finger;اصبع اليد
garden;حديقة
notice;تنويه
collection;مجموعة
modern;عصري
task;مهمة
partner;شريك
positive;إيجابي
civil;مدني
kitchen;مطبخ
consumer;مستهلك
shot;طلقة
budget;الدخل
wish;رغبة
painting;لوحة
scientist;عالم
safe;آمنة
agreement;اتفاق
capital;رأس المال
mouth;فم
nor;ولا
victim;ضحية
newspaper;جريدة
threat;التهديد
responsibility;المسئولية
smile;ابتسامة
attorney;محامي
score;نتيجة
account;الحساب
interesting;مثير للإعجاب
audience;جمهور
rich;ثري
dinner;وجبة عشاء
vote;تصويت
western;الغربي
relate;ترتبط
travel;يسافر
debate;النقاش
prevent;يحول دون
citizen;مواطن
majority;غالبية
none;لا أحد
front;أمامي
born;وُلِدّ
admit;يعترف
senior;أول
assume;يفترض
wind;ريح
key;مفتاح
professional;المحترفين
mission;بعثة
fast;سريع
alone;وحده
customer;عميل
suffer;يعاني
speech;خطاب
successful;ناجح
option;اختيار
participant;مشارك
southern;الجنوب
fresh;طازج
eventually;في النهاية
forest;غابة
video;فيديو
global;عالمي
Senate;مجلس الشيوخ
reform;اعادة تشكيل
access;التمكن من
restaurant;مطعم
judge;يحكم على
publish;ينشر
relation;علاقة
release;إطلاق سراح
bird;عصفور
opinion;رأي
credit;الإئتمان
critical;حرج
corner;ركن
concerned;المعنية
recall;اعد الاتصال
version;إصدار
stare;التحديق
safety;سلامة
effective;فعال
neighborhood;حي
original;أصلي
troop;القوات
income;الإيرادات
directly;مباشرة
hurt;جرح
species;محيط
immediately;في الحال
track;مسار
basic;أساسي
strike;يضرب
sky;سماء
freedom;الحريه
absolutely;إطلاقا
plane;طائرة
nobody;لا أحد
achieve;التوصل
object;هدف
attitude;موقف سلوك
labor;العمل
refer;أشير
concept;مفهوم
client;عميل
powerful;قوي
perfect;في احسن الاحوال
nine;تسع
therefore;وبالتالي
conduct;إجراء
announce;أعلن
conversation;محادثة
examine;فحص
touch;يلمس
please;من فضلك
attend;حضر
completely;تماما
variety;تشكيلة
sleep;ينام
involved;متضمن
investigation;تحقيق
nuclear;نووي
researcher;الباحث
press;صحافة
conflict;نزاع
spirit;روح
replace;يحل محل
British;بريطاني
encourage;يشجع
argument;جدال
camp;معسكر
brain;مخ
feature;خاصية
afternoon;بعد الظهر
AM;صباحا
weekend;عطلة نهاية الاسبوع
dozen;دزينة
possibility;إمكانية
insurance;تأمين
department; قسم، أقسام
battle;معركة
beginning;بداية
date;تاريخ
generally;عموما
African;الأفريقي
sorry;آسف
crisis;أزمة
complete;مكتمل
fan;المعجب
stick;عصا
define;حدد
easily;بسهولة
hole;الفجوة
element;عنصر
vision;رؤية
status;الحالة
normal;عادي
Chinese;صينى
ship;سفينة
solution;المحلول
stone;حصاة
slowly;ببطء
scale;مقياس
university;جامعة
introduce;تقديم
driver;سائق
attempt;محاولة
park;منتزه
spot;بقعة
lack;قلة
ice;جليد
boat;قارب
drink;يشرب
sun;الشمس
distance;مسافه: بعد
wood;خشب
handle;يتعامل
truck;شاحنة
mountain;جبل
survey;الدراسة الاستكشافية
supposed;مفترض
tradition;التقليد
winter;الشتاء
village;قرية
Soviet;السوفياتي
refuse;رفض
sales;مبيعات
roll;لفافة
communication;الاتصالات
screen;شاشة
gain;يكسب
resident;مقيم
hide;يخفي
gold;ذهب
club;النادي
farm;مزرعة
potential;القدره
European;الأوروبي
presence;حضور
independent;لا يعتمد
district;منطقة
shape;شكل
reader;قارئ
Ms;آنسة
contract;عقد
crowd;يحشد
Christian;مسيحي
express;التعبير
apartment;شقة
willing;مستعد
strength;قوة
previous;السابق
band;حافظة مسافة
obviously;بوضوح
horse;حصان
interested;يستفد
target;استهداف
prison;السجن
ride;اركب
guard;يحمي
terms;مصلحات
demand;الطلب
reporter;مراسل
deliver;ايصال
text;نص
tool;أداة
wild;بري
vehicle;عربة
observe;رصد
flight;طيران
facility;منشأة
understanding;فهم
average;معدل
emerge;يظهر
advantage;مميزات
quick;سريع
leadership;قيادة
earn;يكسب
pound;جنيه
basis;أساس
bright;مشرق
operate;العمل
guest;زائر
sample;عينة
contribute;مساهمة
tiny;صغير الحجم
block;الكتلة
protection;الحماية
settle;تسوية
feed;تغذية
collect;يجمع
additional;إضافي
highly;للغاية
identity;هوية
title;لقب
mostly;خاصة
lesson;درس
faith;إيمان
river;نهر
promote;يرقي
living;معيشة
count;عدد
unless;ما لم
marry;الزواج
tomorrow;الغد
technique;تقنية
path;طريق
ear;أذن
shop;متجر
folk;قوم
principle;المبدأ
survive;ينجو
lift;يرفع
border;الحدود
competition;منافسة
jump;قفزة
gather;يجتمع
limit;حد
fit;لائق بدنيا
cry;بكاء
equipment;معدات
worth;يستحق
associate;مساعد
critic;الناقد
warm;دافيء
aspect;جانب
insist;أصر
failure;خزي
annual;سنوي
French;فرنسي
Christmas;عيد الميلاد
comment;تعليق
responsible;مسؤول
affair;قضية
procedure;إجراء
regular;عادي
spread;انتشار
chairman;رئيس
baseball;البيسبول
soft;لين
ignore;يتجاهل
egg;بيضة
belief;الاعتقاد
demonstrate;يتظاهر
anybody;اي شخص
murder;قتل
gift;هدية مجانية
religion;دين
review;إعادة النظر
editor;محرر
engage;يشترك - ينخرط
coffee;قهوة
document;وثيقة
speed;سرعة
cross;الاعتراض
influence;تأثير
anyway;على أي حال
threaten;هدد
commit;ارتكب
female;أنثى
youth;شباب
wave;لوح
afraid;خائف
quarter;ربع
background;معرفتي
native;محلي
broad;واسع
wonderful;رائع
deny;ينكر
apparently;فيما يبدو
slightly;بعض الشيء
reaction;تفاعل
twice;مرتين
suit;تناسب
perspective;إنطباع
growing;ينمو
blow;ينفخ
construction;اعمال بناء
intelligence;الذكاء
destroy;هدم
cook;يطبخ
connection;الإتصال
burn;حرق
shoe;حذاء
grade;المرتبة
context;سياق الكلام
committee;لجنة
hey;مهلا
mistake;خطأ
location;موقعك
clothes;ملابس
Indian;هندي
quiet;هادئ
dress;فستان
promise;يعد
aware;مدرك
neighbor;الجار
function;وظيفة
bone;عظم
active;نشيط
extend;تمديد
chief;رئيس
combine;يجمع
wine;نبيذ
below;أقل
cool;بارد
voter;ناخب
learning;التعلم
bus;أوتوبيس
hell;الجحيم
dangerous;خطير
remind;يتذكر
moral;أخلاقي
United;متحد
category;الفئة
relatively;نسبياً
victory;فوز
academic;أكاديمي
Internet;إنترنت
healthy;صحي
negative;نفي
following;التالية
historical;تاريخي
medicine;دواء
tour;جولة
depend;تعتمد
photo;صورة فوتوغرافية
finding;العثور على
grab;إختطاف
direct;مباشرة
classroom;قاعة الدراسة
contact;اتصل
justice;العدل
participate;مشاركة
daily;اليومي
fair;اعمال حرة
pair;زوج
famous;مشهور
exercise;ممارسه الرياضه
knee;ركبة
flower;زهرة
tape;شريط
hire;يؤجر
familiar;معروف
appropriate;ملائم
supply;إمداد
fully;تماما
actor;الممثل
birth;ولادة
search;بحث
tie;ربطة عنق
democracy;ديمقراطية
eastern;الشرقية
primary;الأولية
yesterday;في الامس
circle;دائرة
device;جهاز
progress;تقدم
bottom;الأسفل
island;جزيرة
exchange;تبادل
clean;ينظف
studio;الاستوديو
train;قطار
lady;السيدة
colleague;زميل
application;طلب
neck;رقبه
lean;يتكئ
damage;تلف
plastic;بلاستيك
tall;طويل
plate;لوحة
hate;يكره
otherwise;خلاف ذلك
writing;جاري الكتابة
male;الذكر
alive;على قيد الحياة
expression;التعبير
football;كرة القدم
intend;اعتزم
chicken;دجاج
army;جيش
abuse;تعاطي
theater;مسرح
shut;اغلق
map;خريطة
extra;إضافي
session;جلسة
danger;خطر
welcome;أهلا بك
domestic;المنزلي
lots;الكثير
literature;المؤلفات
rain;مطر
desire;رغبة
assessment;تقييم
injury;إصابة
respect;احترام
northern;شمالي
nod;إيماءة
paint;رسم
fuel;الوقود
leaf;ورقة الشجر
dry;جاف
Russian;الروسية
instruction;تعليمات
pool;حمام سباحة
climb;تسلق
sweet;حلو
engine;محرك
fourth;الرابع
salt;ملح
expand;وسعت
importance;أهمية
metal;فلز
fat;سمين
ticket;تذكرة
software;البرمجيات
disappear;يختفي
corporate;شركة كبرى
strange;غريب
lip;شفة
reading;قراءة
urban;الحضاري
mental;عقلي
increasingly;بشكل متزايد
lunch;غداء
educational;التعليمية
somewhere;مكان ما
farmer;مزارع
sugar;السكر
planet;كوكب
favorite;المفضل
explore;يكتشف
obtain;الحصول على
enemy;العدو
greatest;أعظم
complex;مركب
surround;تحيط
athlete;رياضي
invite;يدعو
repeat;كرر
carefully;بحرص
soul;روح
scientific;علمي
impossible;غير ممكن
panel;فريق
meaning;المعنى
mom;أمي
married;متزوج \ متزوجة
instrument;أداة
predict;يتنبأ
weather;طقس
presidential;رئاسي
emotional;عاطفي
commitment;التزام
Supreme;أعلى فائق
bear;دب
pocket;جيب
thin;نحيف
temperature;درجة الحرارة
surprise;مفاجئة
poll;تصويت
proposal;اقتراح
consequence;عاقبة
breath;يتنفس
sight;مشهد
balance;الرصيد
adopt;يتبنى
minority;أقلية
straight;مستقيم
connect;الاتصال
works;يعمل
teaching;تعليم
belong;ينتمي ل
aid;يساعد
advice;النصيحة
okay;حسنا
photograph;تصوير
empty;فارغة
regional;إقليمي
trail;ممر المشاة
novel;رواية
code;الشفرة
somehow;بطريقة ما
organize;تنظم
jury;هيئة المحلفين
breast;صدر
Iraqi;عراقي
acknowledge;يُقرّ
theme;سمة
storm;عاصفه
union;اتحاد
desk;طاولة مكتب
thanks;شكرًا
fruit;فاكهة
expensive;مكلفة
yellow;الأصفر
conclusion;استنتاج
prime;رئيس
shadow;ظل
struggle;صراع
conclude;نستنتج
analyst;المحلل
dance;الرقص
regulation;اللائحة
being;كون
ring;جرس
largely;إلى حد كبير
shift;تحول
revenue;ربح
mark;علامة
locate;حدد
county;مقاطعة
appearance;مظهر خارجي
package;حزمة
difficulty;صعوبة
bridge;كوبري
recommend;نوصي
obvious;بديهي
basically;في الأساس
e-mail;البريد الإلكتروني
generate;انشاء
anymore;أي أكثر من ذلك
propose;اقترح
thinking;التفكير
possibly;ربما
trend;اتجاه
visitor;زائر
loan;يُقرض
currently;حالياً
comfortable;مريح
investor;المستثمر
profit;ربح
angry;غاضب
crew;طاقم
accident;حادثة
meal;وجبة
hearing;سمع
traffic;حركة المرور
muscle;عضلة
notion;مفهوم
capture;إلتقاط
prefer;تفضل
truly;حقا
earth;الارض
Japanese;اليابانية
chest;صدر
thick;سميك
cash;السيولة النقدية
museum;متحف
beauty;جمال
emergency;حالة طوارئ
unique;فريدة من نوعها
internal;داخلي
ethnic;عرقي
link;حلقة الوصل
stress;ضغط عصبى
content;المحتوى
select;تحديد
root;جذر
nose;الأنف
declare;يعلن
appreciate;يقدر
actual;فِعلي
bottle;زجاجة
hardly;بالكاد
setting;ضبط
launch;إطلاق
file;ملف
sick;مرض
outcome;حصيلة
ad;ميلادي
defend;الدفاع
duty;واجب
sheet;ملزمة
ought;ينبغي
ensure;يضمن
Catholic;كاثوليكي
extremely;الى ابعد حد
extent;مدى
component;مكون
mix;مزج
long-term;طويل الأمد
slow;بطيء
contrast;التباين
zone;منطقة
wake;استيقظ
airport;مطار
brown;بنى
shirt;قميص
pilot;طيار
warn;تحذير
ultimately;أخيرًا
cat;قطة
contribution;إسهام
capacity;الاهلية
ourselves;أنفسنا
estate;ملكية
guide;يرشد
circumstance;ظرف
snow;الثلج
English;إنجليزي
politician;سياسي
steal;سرقة
pursue;لاحق
slip;ينزلق
percentage;النسبة المئوية
meat;لحم
funny;مضحك
neither;لا هذا ولا ذاك
soil;تربة
surgery;الجراحة
correct;صحيح
Jewish;يهودي
blame;إلقاء اللوم على
estimate;تقدير
due;بسبب
basketball;كرة سلة
golf;جولف
investigate;التحقيق
crazy;مجنون
significantly;بشكل كبير
chain;سلسلة
branch;فرع
combination;مزيج
frequently;في كثير من الأحيان
governor;محافظ حاكم
relief;اِرتِياح
user;المستعمل
dad;بابا
kick;ركلة
manner;طريقة
ancient;قديمة جدا
silence;الصمت
rating;تقييم
golden;ذهبي
motion;حركة
German;ألمانية
gender;جنس
solve;يحل
fee;مصاريف
landscape;المناظر الطبيعيه
used;تستخدم
bowl;صَحن
equal;مساو
forth;إيابا
frame;الإطار
typical;عادي
except;إلا
conservative;محافظ
eliminate;القضاء
host;مضيف
hall;صالة
trust;ثقة
ocean;محيط
row;صف
producer;منتج
afford;يمنح
meanwhile;وفى الوقت نفسه
regime;النظام الحاكم
division;قطاع
confirm;تؤكد
fix;يصلح
appeal;مناشدة
mirror;مرآة
tooth;سن
smart;ذكي
length;الطول
entirely;تماما
rely;يعتمد
topic;عنوان
complain;تذمر
variable;عامل
telephone;هاتف
perception;المعرفة
attract;جذب
confidence;الثقة
bedroom;غرفة نوم
secret;سر
debt;دَين
rare;نادر
tank;خزان
nurse;ممرض
coverage;تغطية
opposition;معارضة
aside;جانبا
anywhere;في أى مكان
bond;كفالة
pleasure;بكل سرور
master;رئيسي - سيد
era;حقبة
requirement;المتطلبات
fun;مرح
expectation;توقع
wing;جناح
separate;متفرق
somewhat;قليلا
pour;إلى عن على
stir;يقلب
judgment;حكم
beer;بيرة
reference;المرجعي
tear;دمعة
doubt;شك
grant;منحة
seriously;بشكل جاد
minister;وزيرة
totally;تماما
hero;بطل
industrial;صناعي
cloud;غيم
stretch;تمتد
winner;الفائز
volume;الصوت
seed;بذرة
surprised;مندهش
fashion;موضه
pepper;فلفل
busy;مشغول
intervention;تدخل قضائي
copy;ينسخ
tip;تلميح
cheap;رخيص
aim;هدف، تصويب
cite;استشهد
welfare;خير
vegetable;الخضروات
gray;اللون الرمادي
dish;طبق
beach;شاطئ بحر
improvement;تحسين
everywhere;في كل مكان
opening;افتتاح
overall;شاملة
divide;يقسم
initial;مبدئي
terrible;كريه
oppose;يعارض
contemporary;معاصر
route;طريق
multiple;مضاعف
essential;ضروري
league;الدوري
criminal;مجرم
careful;حذر
core;جوهر
upper;العلوي
rush;يسرع
necessarily;بالضرورة
specifically;خاصة
tired;مرهق
employ;توظيف
holiday;يوم الاجازة
vast;واسع
resolution;الدقة
household;أُسرَة
fewer;أقل
abortion;إجهاض
apart;بعيدا، بمعزل، على حد
witness;الشاهد
match;مباراة
barely;بالكاد
sector;قطاع
representative;وكيل
beneath;أسفل
beside;بجانب
incident;حادث
limited;محدود
proud;فخور
flow;تدفق
faculty;الأساتذه
increased;زيادة
waste;المخلفات
merely;مُجَرّد
mass;كتلة
emphasize;يؤكد
experiment;تجربة
definitely;بالتااكيد
bomb;قنبلة
enormous;ضخم
tone;نغمة، رنه
liberal;ليبرالية
massive;جَسِيم
engineer;مهندس
wheel;عجلة
decline;انخفاض
invest;يستثمر
cable;كابل
towards;من اتجاه
expose;تعرض
rural;قروي
AIDS;المعينات
Jew;أو
narrow;ضيق
cream;كريم
secretary;سكرتير
gate;بوابة
solid;صلب
hill;تل
typically;عادة
noise;الضوضاء
grass;عشب
unfortunately;لسوء الحظ
hat;لديها
legislation;تشريع
succeed;ينجح
celebrate;احتفل
achievement;إنجاز
fishing;صيد السمك
accuse;اتهم
useful;مفيد
reject;رفض
talent;موهبة
taste;المذاق
characteristic;صفة مميزة
milk;حليب
escape;هرب
cast;يقذف
sentence;جملة او حكم على
unusual;غير عادي
closely;بعناية
convince;يقنع
height;ارتفاع
physician;الطبيب المعالج
assess;تقييم
plenty;وفرة
virtually;عمليا
addition;إضافة
sharp;حاد
creative;خلاق
lower;أدنى
approve;يوافق
explanation;تفسير
gay;مثلي الجنس
campus;الحرم الجامعي
proper;مناسب
guilty;مذنب
acquire;يستحوذ على
compete;تنافس
technical;تقني
plus;زائد
immigrant;مهاجر
weak;ضعيف
illegal;غير شرعي
hi;مرحبا
alternative;لبديل
interaction;التفاعل
column;عمودي
personality;الشخصية
signal;الإشارة
curriculum;منهاج دراسي
honor;شرف
passenger;راكب
assistance;مساعدة
forever;إلى الأبد
regard;اعتبار
Israeli;إسرائيلي
association;جمعية
twenty;عشرين
knock;طرق
wrap;طَوّق
lab;مختبر
display;عرض
criticism;نقد
asset;أصل
depression;كآبة
spiritual;روحي
musical;موسيقي
journalist;صحافي
prayer;دعاء
suspect;مشتبه فيه
scholar;مختص بمجال علمي
warning;تحذير
climate;مناخ
cheese;جبنه
observation;الملاحظة
childhood;مرحلة الطفولة
payment;دفع
sir;سيدي المحترم
permit;يسمح
cigarette;سيجارة
definition;تعريف
priority;أولوية
bread;رغيف الخبز
creation;خلق
graduate;تخرج
request;طلب
emotion;المشاعر
scream;تصرخ
dramatic;دراماتيكي
universe;كون
gap;الفارق
excellent;ممتاز
deeply;بشدة
prosecutor;المدعي العام
lucky;سعيد الحظ
drag;يجر
airline;شركة طيران
library;مكتبة
agenda;جدول أعمال
recover;استعادة
factory;مصنع
selection;اختيار
primarily;بالدرجة الأولى
roof;سقف
unable;غير قادر
expense;مصروف
initiative;مبادر
diet;حمية
arrest;يقبض على
funding;التمويل
therapy;علاج نفسي
wash;غسل
schedule;برنامج
sad;حزين
brief;مختصر
housing;السكن
post;بريد
purchase;عملية الشراء
existing;موجود
steel;صلب
regarding;بخصوص
shout;يصيح، يصرخ، صيحة
remaining;متبقي
visual;المرئية
fairly;تماما
chip;رقاقة
violent;عنيف
silent;صامتة
suppose;افترض
self;الذات
bike;دراجة هوائية
tea;شاي
perceive;تصور شعور
comparison;مقارنة
settlement;مستعمرة
layer;طبقة
planning;تخطيط
description;وصف
slide;الانزلاق
widely;على نطاق واسع
wedding;حفل زواج
inform;يخبر
portion;جزء
territory;إِقلِيم
immediate;فوري
opponent;الخصم
abandon;تخلى
lake;بحيرة
transform;تحول
tension;توتر
leading;قيادة
bother;يزعج
consist;تتكون
alcohol;كحول
enable;يُمكَِن
bend;يلوي
saving;إنقاذ
desert;صحراء
shall;يجب
error;خطأ
cop;شرطي
Arab;عرب
double;مزدوج
sand;رمل
Spanish;الأسبانية
print;مطبعة
preserve;الحفاظ على
passage;الممر
formal;رَسمِيّ
transition;انتقال
existence;وجود
album;الألبوم
participation;مشاركة
arrange;رتب
atmosphere;أَجواء
joint;مشترك
reply;الرد
cycle;دورة
opposite;عكس
lock;قفل
deserve;استحق
consistent;ثابتة
resistance;مقاومة
discovery;اكتشاف
exposure;مكشوف
pose;يشير إلى
stream;مجرى
sale;تخفيض السعر
pot;وعاء
grand;كبير
mine;مِلكِي
hello;أهلا
coalition;الائتلاف
tale;حكاية
knife;سكين
resolve;حل
racial;عرقي
phase;مرحلة
joke;نكتة
coat;معطف
Mexican;مكسيكي
symptom;علامة مرض
manufacturer;الصانع
philosophy;فلسفة
potato;البطاطس
foundation;المؤسسة
quote;يقتبس
online;عبر الانترنت
negotiation;تفاوض
urge;يحث
occasion;مناسبات
dust;تراب
breathe;نفس
elect;انتخب
investigator;محقق
jacket;السترة
glad;مسرور
ordinary;عادي
reduction;اختزال
rarely;نادرا
pack;علية
suicide;انتحار
numerous;كثير
substance;مستوى
discipline;انضباط
elsewhere;في مكان آخر
iron;حديد
practical;عملي
moreover;وعلاوة على ذلك
passion;شغف
volunteer;تطوع
implement;ينفذ
essentially;بشكل أساسي
gene;الجين
enforcement;إجباري
vs;ضد
sauce;صلصة
independence;استقلال
marketing;تسويق
priest;كاهن
amazing;رائعة حقا
intense;المكثف
advance;يتقدم
employer;صاحب العمل
shock;صدمة
inspire;يلهم
adjust;يُعدِّل
retire;يتقاعد
visible;مرئي
kiss;قبلة
illness;مرض
cap;قبعة
habit;عادة
competitive;منافس
juice;عصير
congressional;الكونغرس
involvement;تورط
dominate;تسيطر
previously;سابقًا
whenever;كلما كان
transfer;نقل
analyze;تحليل
attach;يربط
disaster;كارثة
parking;موقف سيارات
prospect;احتمال
boss;رئيس
complaint;شكوى
championship;بطولة
fundamental;أساسي
severe;شديدة
enhance;تحسين
mystery;الغموض
impose;فرض
poverty;فقر
entry;دخول
spending;الإنفاق
king;ملِك
evaluate;تقييم
symbol;رمز
maker;صانع
mood;مزاج
accomplish;ينجز
emphasis;تشديد
illustrate;يبين
boot;حذاء طويل
monitor;مراقب
Asian;آسيا
entertainment;وسائل الترفيه
bean;فاصوليا
evaluation;تقييم
creature;مخلوق
commander;قائد
digital;رقمي
arrangement;ترتيب
concentrate;تركز
usual;معتاد
anger;الغضب
psychological;نفسي
heavily;بشدة
peak;قمة
approximately;تقريبًا
increasing;في ازدياد
disorder;اضطراب
missile;صاروخ
equally;بالتساوي
vary;يتغير
wire;الأسلاك
round;دائري
distribution;توزيع
transportation;وسائل النقل
holy;مقدس
twin;التوأم
command;يأمر
commission;لجنة
interpretation;التفسير
breakfast;وجبة افطار
strongly;بقوة
engineering;هندسة
luck;حظ
so-called;ما يسمى
constant;مستمر
clinic;عيادة
veteran;مخضرم
smell;رائحة
tablespoon;ملعقة طعام
capable;قادر
nervous;متوتر
tourist;سائح
toss;رمى
crucial;مهم
bury;دفن
pray;يصلي
tomato;طماطم
exception;استثناء
butter;زبدة
deficit;عجز
bathroom;دوره المياه
objective;هدف
electronic;الكتروني
ally;حليف
journey;رحلة
reputation;سمعة
mixture;خليط
surely;بالتاكيد
tower;برج
smoke;دخان
confront;مواجهة
pure;نقي
glance;يلمح
dimension;البعد
toy;عروسه لعبه
prisoner;أسير
fellow;زميل
smooth;ناعم
nearby;مجاور
peer;الأقران
designer;مصمم
personnel;شؤون الموظفين
educator;مربي
relative;نسبيا
immigration;الهجرة
belt;حزام
teaspoon;ملعقة صغيرة
birthday;عيد الميلاد
implication;يتضمن
perfectly;تماما
coast;ساحل
supporter;مؤيد، مشجع، داعم
accompany;مرافقة
silver;فضة
teenager;مراهقة
recognition;التعرف على
retirement;التقاعد
flag;علَم
recovery;التعافي
whisper;همسة
gentleman;انسان محترم
corn;حبوب ذرة
moon;القمر
inner;داخلي
junior;نجارة
throat;حُلقُوم
salary;راتب
swing;تأرجح
observer;مراقب
publication;النشر
crop;ا &amp; قتصاص
dig;أنت
permanent;دائم
phenomenon;ظاهرة
anxiety;القلق
unlike;على عكس
wet;مبلل
literally;حرفيا
resist;يقاوم
convention;اتفاقية. معاهدة
embrace;تعانق
assist;مساعدة
exhibition;معرض
construct;بناء
viewer;مشاهد
pan;حرمان
consultant;مستشار
administrator;مدير
occasionally;من حين اخر
mayor;عمدة
consideration;الاعتبار
CEO;المدير التنفيذي
secure;يؤمن
pink;زهري
buck;دولار
historic;تاريخي
poem;قصيدة
grandmother;جدة
bind;ربط
fifth;الخامس
constantly;باستمرار
enterprise;مشروع - مغامرة
favor;محاباة
testing;اختبارات
stomach;معدة
apparent;واضح
weigh;وزن
install;تثبيت
sensitive;حساس
suggestion;اقتراح
mail;بريد
recipe;وصفة
reasonable;مسؤول
preparation;تحضير
wooden;خشبي
elementary;ابتدائي
concert;حفلة موسيقية
aggressive;عنيف
FALSE;خاطئة
intention;نيّة
channel;قناة
extreme;شديد
tube;الة النفخ
drawing;رسم
protein;بروتين
quit;استقال
absence;غياب
Latin;لاتيني
rapidly;بسرعة
jail;سجن
diversity;تنوع
honest;صادق
Palestinian;فلسطيني
pace;سرعة
employment;توظيف
speaker;مكبر الصوت
impression;انطباع
essay;مقال
respondent;المدعى عليه
giant;عملاق
cake;كيك
historian;مؤرخ
negotiate;تفاوض
restore;يعيد
substantial;حقيقي
pop;البوب
specialist;متخصص
origin;الأصل
approval;موافقة
quietly;بهدوء
advise;نصيحة
conventional;عادي
depth;عمق
wealth;ثروة
disability;عجز
shell;الصدف
criticize;ينتقد
effectively;على نحو فعال
biological;بيولوجي
onion;بصلة
deputy;النائب
flat;مسطحة
brand;ماركة
assure;أؤكد
mad;مجنون
award;جائزة
criteria;معايير
dealer;تاجر
via;عبر
utility;خدمة
precisely;على وجه التحديد
arise;تنشأ
armed;مسلح
nevertheless;مع ذلك
highway;الطريق السريع
clinical;مرضي
routine;نمط
wage;الأجر
normally;بشكل طبيعي
phrase;العبارة
ingredient;المكونات
stake;حصة
Muslim;مسلم
fiber;الأساسية
activist;ناشط
Islamic;إسلامي
snap;يفرقع، ينفجر
terrorism;الإرهاب
refugee;لاجئ
incorporate;دمج او تجسيد
hip;خاصرة
ultimate;ذروة
switch;تحول
corporation;شركة
valuable;ذو قيمة
assumption;افتراض
gear;هيأ
barrier;حاجز
minor;تحت السن القانوني
provision;تقديم
killer;القاتل
assign;تعيين
gang;عصابة
developing;تطوير
classic;كلاسيكي
chemical;المواد الكيميائية
label;ضع الكلمة المناسبة
teen;في سن المراهقة
index;فهرس
vacation;عطلة
advocate;المؤيد
draft;مسودة
extraordinary;استثنائي
heaven;سماء
rough;قاس
yell;قال بصوت عال
pregnant;حامل
distant;بعيد
drama;دراما
satellite;الأقمار الصناعية
personally;شخصيا
clock;ساعة حائط
chocolate;شوكولاتة
Italian;إيطالي
Canadian;كندي
ceiling;السقف
sweep;مسح
advertising;إعلان
universal;عالمي
spin;غزل
button;زر
bell;جرس
rank;مرتبة
darkness;الظلام
clothing;ملابس
super;ممتاز
yield;أَثْمَر
fence;سور
portrait;لَوحَة
survival;نجاة
roughly;بقسوة
lawsuit;دعوى قضائية
testimony;شهادة
bunch;حزمة
found;وجدت
burden;حرج
react;تتفاعل
chamber;غرفة
furniture;أثاث المنزل
cooperation;تعاون
string;سلسلة
ceremony;مراسم
communicate;يتواصل
cheek;الخد
lost;ضائع
profile;الملف الشخصي
mechanism;آلية
disagree;تعارض
penalty;ضربة جزاء
ie;بمعنى آخر
resort;ملتجأ
destruction;دمار
unlikely;من غير المرجح
tissue;الانسجة
constitutional;دستوري
pant;يلهث
stranger;شخص غريب
infection;عدوى
cabinet;خزانة
broken;مكسور
apple;تفاح
electric;كهربائي
proceed;تقدم
bet;لكن
literary;أدبي
virus;فايروس
stupid;غبي
dispute;خلاف
fortune;حظ
strategic;إستراتيجي
assistant;مساعد
overcome;التغلب على
remarkable;لافت للنظر
occupy;تشغل
statistics;الإحصاء
shopping;التسوق
cousin;ابن عم
encounter;يواجه .. ينجز
wipe;يمسح
initially;بدءًا
blind;أعمى
port;ميناء
electricity;كهرباء
genetic;وراثي
adviser;مستشار
spokesman;المتحدث باسم
retain;يحتفظ
latter;أخير
incentive;حافز
slave;عبد
translate;يترجم
accurate;دقيق
whereas;بينما
terror;الرعب
expansion;توسع
elite;نخبة
Olympic;الأولمبية
dirt;التراب
odd;الفردية
rice;أرز
bullet;رصاصة
tight;مشدود
Bible;الكتاب المقدس
chart;جدول
solar;شمسي
square;ميدان
concentration;تركيز
complicated;معقد
gently;بلطف
champion;بطل
scenario;سيناريو
telescope;تلسكوب
reflection;انعكاس
revolution;ثورة
strip;قطاع
interpret;ختم
friendly;ودي
tournament;المسابقة
fiction;خيال
detect;يكشف
tremendous;هائِل
lifetime;حياة
recommendation;توصية
senator;سيناتور
hunting;الصيد
salad;سلطة
guarantee;ضمان
innocent;بريىء
boundary;الحدود
pause;وقفة
remote;التحكم عن بعد
satisfaction;إشباع
journal;مجلة
bench;مقاعد البدلاء
lover;حبيب
raw;الخام
awareness;وعي
surprising;مفاجأة
withdraw;ينسحب
deck;ظهر السفينة
similarly;بصورة مماثلة
newly;حديثا
pole;لا يوجد
testify;يشهد
mode;الوضع
dialogue;حوار
imply;لمح
naturally;بطبيعة الحال
mutual;مشترك
founder;مؤسس
advanced;المتقدمة
pride;الاعتزاز
dismiss;رفض
aircraft;الطائرات
delivery;توصيل
mainly;خاصة
bake;خبز
freeze;تجميد
platform;برنامج
finance;المالية
sink;مكتب المدير
attractive;ملفت للانتباه
diverse;متنوع
relevant;ذو صلة
ideal;المثالي
joy;مرح
regularly;بشكل منتظم
working;عمل
singer;مغني
evolve;تطور
shooting;اطلاق الرصاص
partly;جزئيا
unknown;مجهول
offense;جريمة
counter;يعداد
DNA;الحمض النووي
potentially;يحتمل
thirty;ثلاثين
justify;يبرر
protest;وقفة احتجاجية
crash;يصطدم
craft;حرفة
treaty;معاهدة
terrorist;إرهابي
insight;تبصر
possess;يمتلك
politically;سياسيا
tap;صنبور
extensive;شامل
episode;حلقة
swim;السباحة
tire;إطار العجلة
fault;خطأ
loose;مرتخي
shortly;قريبا
originally;في الأصل
considerable;ضخم
prior;قبل
intellectual;ذهني
assault;الاعتداءات
relax;يستريح
stair;سلم
adventure;مفامرة
external;خارجي
proof;دليل - إثبات
confident;واثق
headquarters;مقر
sudden;مفاجئ
dirty;متسخ
violation;انتهاك
tongue;لسان
license;رخصة
shelter;مأوى
rub;فرك
controversy;الجدل
entrance;مدخل
properly;بصورة صحيحة
fade;يختفي
defensive;دفاعي
tragedy;مأساة
net;صافي
characterize;تميز
funeral;جنازة
profession;مهنة
alter;تبديل
constitute;تشكل
establishment;مؤسسة
squeeze;يعصر
imagination;خيال
mask;قناع
convert;يتحول
comprehensive;شاملة
prominent;بارز
presentation;عرض تقديمي
regardless;يغض النظر
load;حمل
stable;مستقر
introduction;المقدمة
pretend;يدّعي
elderly;كبار السن
representation;التمثيل
deer;الغزال
split;ينقسم
violate;ينتهك
partnership;شراكة
pollution;التلوث
emission;انبعاث
steady;ثابت
vital;مهم للغاية
fate;قدر
earnings;الأرباح
oven;فرن
distinction;امتياز
segment;مقطع
nowhere;لا مكان
poet;شاعر
mere;أكثر
exciting;مثير
variation;الاختلاف
comfort;راحة
radical;أصولي
adapt;يتكيف
Irish;إيرلندي
honey;عسل
correspondent;مراسل
pale;باهت
musician;موسيقي او عازف
significance;الدلالة
vessel;وعاء
storage;تخزين
flee;اهرب
mm-hmm;مم همم
leather;جلد
distribute;نشر
evolution;تطور
ill;سوف
tribe;قبيلة
shelf;رفوف
grandfather;جد
lawn;العشب
buyer;مشتر
dining;تناول الطعام
wisdom;حكمة
council;مجلس
vulnerable;غير حصين
instance;نموذج
garlic;ثوم
capability;الإمكانية
poetry;الشعر
celebrity;نجاح كبير
gradually;تدريجياً
stability;المزيد
fantasy;خيال
scared;مفزوع
plot;حبكة
framework;نطاق
gesture;إيماءة
depending;حسب
ongoing;جاري التنفيذ
psychology;علم النفس
counselor;مستشار
chapter;الفصل
divorce;الطلاق
owe;يدين
pipe;يضخ
athletic;رياضي
slight;طفيف
math;الرياضيات
shade;الظل
tail;ذيل
sustain;حَافَظ على
mount;تتعدد
obligation;التزام
angle;زاوية
palm;كف، نخلة
differ;اختلف
custom;العادة
economist;اقتصادي
fifteen;خمسة عشر
soup;حساء
celebration;احتفال
efficient;فعالة
composition;تكوين
satisfy;رضا
pile;كومة
briefly;موجز
carbon;كربون
closer;أقرب
consume;تستهلك
scheme;مخطط
crack;كسر
frequency;تكرر
tobacco;تبغ
survivor;الناجي
besides;بجانب
psychologist;الطبيب النفسي
wealthy;ثري
galaxy;المجرة
given;معطى
ski;تزلج
limitation;تحديد
trace;أثر
appointment;موعد
preference;تفضيل
meter;متر
explosion;انفجار
publicly;علانية
incredible;لا يصدق
fighter;مقاتل
rapid;سريعون
admission;سماح بالدخول
hunter;صياد
educate;تعليم
painful;مؤلم
friendship;صداقة
aide;مساعد
infant;رضيع
calculate;احسب
fifty;خمسون
rid;يتخلص
porch;رواق .. شرفة بيت ارضي
tendency;ميل
uniform;زي مُوحد
formation;تشكيل - تكوين
scholarship;منحة دراسية
reservation;تحفظ
efficiency;نجاعة
qualify;مؤهل
mall;مجمع تجاري
derive;استخلاص
scandal;فضيحة
PC;كمبيوتر
helpful;معاون، مساعد، مفيد، فاعل خير
impress;اعجاب
heel;الكل
resemble;تشابه
privacy;الإجمالية
fabric;قماش
contest;منافسة
proportion;نسبة
guideline;المبدأ التوجيهي
rifle;بندقية
maintenance;اعمال صيانة
conviction;قناعة
trick;حيلة
organic;عضوي
tent;خيمة
examination;فحص
publisher;الناشر
strengthen;تعزيز - يقوي
proposed;مقترح
myth;خرافة
sophisticated;تعقيدا
cow;بقرة
etc;إلخ
standing;يقف
asleep;نائما
tennis;تنس
nerve;عصب
barrel;برميل
bombing;قصف
membership;عضوية
ratio;نسبة
menu;قائمة
controversial;مثيرة للجدل
desperate;متحرّق إلى
lifestyle;أسلوب الحياة
humor;دعابة
loud;بصوت عال
glove;قفاز
sufficient;كافٍ
narrative;سرد
photographer;مصور فوتوغرافي
helicopter;هليكوبتر
modest;محتشم
provider;مزود
delay;تأخير
agricultural;زراعي
explode;ينفجر
stroke;السكتة الدماغية
scope;مجال
punishment;عقاب
handful;حفنة
badly;بشكل سيئ
horizon;الأفق
curious;فضولي
downtown;وسط البلد
girlfriend;صديقة
prompt;مستعجل
cholesterol;الكوليسترول
absorb;تمتص
adjustment;تعديل
taxpayer;دافع الضرائب
eager;حريص
principal;المالك
detailed;مفصلة
motivation;تحفيز
assignment;مهمة
restriction;تقييد
laboratory;مختبر
workshop;ورشة عمل
differently;بشكل مختلف
auto;تلقاءي
romantic;رومانسي
cotton;قطن
motor;محرك
sue;قاضى
flavor;نكهة
overlook;تطل
float;يطفو
undergo;خضع
sequence;تسلسل
demonstration;برهنة
jet;طائرة نفاثة
orange;البرتقالي
consumption;استهلاك
assert;يجزم
blade;شفرة
temporary;مؤقت
medication;أدوية
cabin;الطائرة
bite;عضة
edition;التحرير
valley;الوادي
yours;لك
pitch;يقذف
pine;صنوبر
brilliant;متألق
versus;عكس
manufacturing;تصنيع
absolute;مطلق
chef;طاه
discrimination;تمييز
offensive;مسيئة
boom;فقاعة
register;تسجيل
appoint;يعين
heritage;إرث
God;إله
dominant;مهيمن
successfully;بنجاح
shit;القرف
lemon;ليمون
hungry;جوعان
wander;تجول
submit;إرسال
economics;اقتصاديات
naked;عارية
anticipate;يتوقع
nut;بندق
legacy;ميراث
extension;امتداد
shrug;هز كتفيه
battery;البطارية
arrival;وصول
legitimate;شرعي
orientation;اتجاه
inflation;التضخم
cope;التأقلم
flame;لهب
cluster;تَجَمَّع
wound;جرح
dependent;يعتمد
shower;دش
institutional;مؤسسي
depict;تصف
operating;التشغيل
flesh;لحم
garage;كراج
operator;المشغل أو العامل
instructor;معلم
collapse;انهدام
borrow;اقتراض
furthermore;علاوة على ذلك
comedy;كوميديا
mortgage;الرهن العقاري
sanction;عقوبة
civilian;مدني
twelve;اثني عشر
weekly;أسبوعي
habitat;موطن
grain;قمح
brush;فرشاة
consciousness;وعي - إدراك
devote;تكريس
measurement;قياس
province;المحافظة
ease;يُسَهّل
seize;حجز اسر يستولى
ethics;أخلاق
nomination;ترشيح
permission;الإذن
wise;حكيم
actress;ممثلة
summit;قمة
acid;حامض
odds;احتمال
gifted;موهوبين
frustration;إحباط
medium;متوسط
physically;جسديا
distinguish;تميز
shore;دعم
repeatedly;مرارا وتكرارا
lung;رئة
running;ادارة
distinct;خامد
artistic;فني
discourse;الحوار
basket;سلة
ah;آه
fighting;قتال
impressive;محرج
competitor;منافس
ugly;البشع
worried;قلق
portray;تصوير
powder;مسحوق
ghost;شبح
persuade;اقناع
moderate;معتدل
subsequent;لاحق
continued;واصلت
cookie;بسكويت
carrier;الناقل
cooking;طبخ
frequent;متكرر
ban;المنع
awful;مريع
admire;معجب
pet;حيوان أليف
miracle;معجزة
exceed;يتجاوز
rhythm;إيقاع
widespread;واسع الانتشار
killing;قتل
lovely;محبوب
sin;الخطيئة
charity;الاعمال الخيرية
script;النصي
tactic;تكتيك
identification;هوية
transformation;تحويل
everyday;كل يوم
headline;العنوان
venture;المغامر
invasion;غزو
nonetheless;ومع ذلك
adequate;مناسب
piano;بيانو
grocery;خضروات
intensity;الشدة
exhibit;عرض
blanket;بطانية
margin;حافة
quarterback;قورتربك
mouse;الفأر
rope;حبل
concrete;أسمنت
prescription;وصفة طبية
African-American;الافارقه الامريكان
chase;مطاردة
brick;قالب طوب
recruit;تجنيد
patch;تصحيح
consensus;إجماع
horror;رعب
recording;تسجيل
changing;المتغيرة
painter;دهان
colonial;استعماري
pie;في
sake;مصلحة
gaze;تحديق
courage;شجاعة
pregnancy;حمل
swear;أقسم
defeat;يهزم
clue;فكرة
reinforce;تعزز
confusion;ارتباك
slice;شريحة
occupation;إشغال
dear;العزيز
coal;فحم
sacred;مقدس
formula;معادلة
cognitive;الإدراكي
collective;جماعي
exact;بالضبط
uncle;اخو الام
captain;قائد المنتخب
sigh;تنهد
attribute;ينسب
dare;تجرؤ
homeless;بلا مأوى
gallery;صالة عرض
soccer;كرة القدم
defendant;المدعى عليه
tunnel;نفق
fitness;اللياقه البدنيه
lap;حجر
grave;خطير
toe;ومن بعد
container;وعاء
virtue;استنادا
abroad;خارج البلاد
architect;مهندس معماري
dramatically;بشكل كبير
makeup;ميك أب
inquiry;سؤال
rose;ارتفع
surprisingly;بشكل مدهش
highlight;تسليط الضوء
decrease;تخفيض
indication;دلالة
rail;سكة حديدية
anniversary;ذكرى سنوية
couch;أريكة
alliance;تحالف
hypothesis;فرضية
boyfriend;حبيب
compose;مؤلف موسيقى
mess;فوضى
legend;عنوان تفسيري
regulate;تنظيم
adolescent;مراهق
shine;يلمع
norm;معيار
upset;منزعج
remark;ملاحظة
resign;استقيل
reward;جائزة
gentle;لطيف
related;ذات صلة
organ;عضو
lightly;بخفة
concerning;بخصوص
invent;يخترع
laughter;ضحك
northwest;الشمال الغربي
counseling;تقديم المشورة
receiver;المتلقي
ritual;شعيرة
insect;حشرة
interrupt;يقطع
salmon;سمك السالمون
trading;تجارة
magic;سحر
superior;متفوق
combat;قتال
stem;إيقاف
surgeon;دكتور جراح
acceptable;مقبول
physics;الفيزياء
rape;اغتصاب
counsel;محامي
jeans;جينز
hunt;مطاردة
continuous;مستمر
log;سجل
echo;صدى صوت
pill;حبة
excited;فرح
sculpture;النحت
compound;مُجَمَّع
integrate;دمج
flour;طحين
bitter;مر
bare;فقط
slope;ميل
rent;تأجير
presidency;رئاسة
serving;خدمة
subtle;رقيق
greatly;إلى حد كبير
bishop;أسقف
drinking;الشرب
acceptance;قبول
pump;مضخة
candy;حلويات
evil;شر
pleased;مسرور
medal;ميدالية
beg;إفترض جدلا
sponsor;كفيل
ethical;أخلاقي
secondary;ثانوي
slam;ضربة عنيفة
export;يصدّر
experimental;تجريبي
melt;إنصهار
midnight;منتصف الليل
curve;منحنى
integrity;النزاهة
entitle;حق
evident;واضح
logic;منطق
essence;جوهر
exclude;استبعاد
harsh;صارِم
closet;خزانة
suburban;من الضواحى
greet;تحية
interior;الداخلية
corridor;الرواق
retail;بيع بالتجزئة
pitcher;جرة
march;مارس
snake;ثعبان
excuse;عذر
weakness;ضعف
pig;خنزير
classical;كلاسيكي
estimated;مُقدَّر
T-shirt;تي شيرت
unemployment;البطالة
civilization;الحضارة
fold;يطوى
reverse;يعكس
missing;مفقود
correlation;علاقه مترابطه
humanity;إنسانية
flash;فلاش
developer;مطور
reliable;موثوق بها
excitement;الإثارة
beef;لحم بقري
Islam;دين الاسلام
Roman;رومان
architecture;هندسة معمارية
occasional;عرضي
administrative;إداري
elbow;كوع
deadly;مميت
Hispanic;أصل اسباني
allegation;ادعاء
confuse;يربك
airplane;مطار
monthly;شهريا
duck;بطة
dose;جرعة
Korean;الكورية
plead;الترافع
initiate;الشروع في
lecture;محاضرة
van;من
sixth;السادس
bay;شراء
mainstream;التيار
suburb;ضاحية
sandwich;ساندويتش
trunk;جذع
rumor;شائعة
implementation;تطبيق
swallow;ابتلاع
motivate;تحفيز
render;يجعل
longtime;وقت طويل
trap;فخ
restrict;بتقييد
cloth;قماش
seemingly;على ما يبدو
legislative;تشريعي
effectiveness;فعالية
enforce;فرض
lens;عدسة
inspector;مفتش
lend;أعار
plain;عادي
fraud;تزوير
companion;رفيق
contend;يناقش
nail;مسمار
array;مجموعة مصفوفة
strict;حازم
assemble;جمعيه
frankly;بصراحة
rat;فأر
hay;لطيف
hallway;المدخل
cave;كهف
inevitable;حتمي
southwest;جنوب غرب
monster;مسخ
unexpected;غير متوقع
obstacle;عقبة
facilitate;يسهل
rip;إرقد بسلام
herb;عشب
overwhelming;ساحق
integration;دمج
crystal;كريستال
recession;ركود اقتصادي
written;مكتوبة
motive;الدافع
flood;فيضان
pen;قلم جاف
ownership;ملكية
nightmare;كابوس
inspection;تكمن
supervisor;مشرف
consult;شاور
arena;الساحة
diagnosis;تشخبص
possession;ملكية
forgive;يغفر
consistently;باستمرار
basement;قبو
drift;المغزى
drain;بالُوعَة
prosecution;الملاحقة القضائية
maximum;أقصى
announcement;إعلان
warrior;محارب
prediction;تنبؤ
bacteria;بكتيريا
questionnaire;استبيان
mud;طين
infrastructure;البنية الاساسية
hurry;عجل
privilege;شرف
temple;معبد
outdoor;في الخارج
suck;مص
and/or;و / أو
broadcast;إذاعة
re;يكرر
leap;طفرة - قفزه
random;عشوائي
wrist;رسغ
curtain;ستارة
pond;بركة ماء
domain;نطاق
guilt;الذنب
cattle;ماشية
walking;المشي
playoff;يتنحنح
minimum;الحد الأدنى
fiscal;المالية
skirt;تنورة
dump;أحمق
hence;بالتالي
database;قاعدة البيانات
uncomfortable;غير مريح
execute;نفذ - اعدم
limb;فرع الشجره
ideology;أيديولوجية
tune;نغم
continuing;مستمر
harm;ضرر وتلف
railroad;طريق السكك الحديدية
endure;تحمل
radiation;إشعاع
horn;بوق
chronic;مزمن
peaceful;امن
innovation;التعاون
strain;التواء
guitar;غيتار
replacement;إستبدال
behave;تصرف
administer;إدارة
simultaneously;الوقت ذاته
dancer;راقصة
amendment;تعديل
pad;ضمادة
transmission;انتقال
await;انتظر
retired;متقاعد
trigger;اثار
spill;تسرب
grateful;شاكر
grace;نعمة او وقت سماح
virtual;افتراضية
colony;مستعمرة
adoption;تبني
indigenous;أصلي
closed;مغلق
convict;المحكوم عليه
towel;منشفة
modify;تعديل
particle;الجسيم
prize;جائزة
landing;هبوط
boost;تعزيز
bat;واحد
alarm;إنذار
festival;مهرجان
grip;سيطرة
weird;عجيب
undermine;تقويض
freshman;طالبة
sweat;عرق
outer;خارجي
drunk;سكران
separation;انفصال
traditionally;تقليديا
govern;حكم
southeast;الجنوب الشرقي
intelligent;ذكي
wherever;أينما
ballot;الاقتراع
rhetoric;البلاغة
convinced;مقتنع
driving;القيادة
vitamin;فيتامين
enthusiasm;حماس
accommodate;يستوعب
praise;مدح
injure;جرح
wilderness;البرية
endless;بلا نهاية
mandate;امر رسمى
respectively;على التوالى
uncertainty;ريبة
chaos;فوضى
mechanical;ميكانيكي
canvas;اللوحة القماشية
forty;أربعين
lobby;ردهة
profound;عميق
format;صيغة
trait;سمة
currency;عملة
turkey;ديك رومى
reserve;الاحتياطي
beam;الحزم
astronomer;عالم الفلك
corruption;فساد
contractor;مقاول
apologize;يعتذر
doctrine;عقيدة
genuine;حقيقي. صادق. صميم
thumb;إبهام
unity;وحدة
compromise;مرونة
horrible;رهيب
behavioral;سلوكي
exclusive;حصرية
scatter;مبعثر
commonly;عادة
convey;نقل
twist;تحريف
complexity;تعقيد
fork;شوكة
disk;القرص
relieve;اعفاء
suspicion;اشتباه
health-care;رعاية صحية
residence;إقامة
shame;عار
meaningful;ذو معنى
sidewalk;رصيف
Olympics;دورة الالعاب الاولمبية
technological;التكنولوجية
signature;التوقيع
pleasant;جَذّاب
wow;رائع
suspend;تعليق
rebel;متمرد
frozen;مجمدة
spouse;زوج
fluid;سائل
pension;راتب تقاعد
resume;سيرة ذاتية
theoretical;نظري
sodium;صوديوم
promotion;ترقية وظيفية
delicate;حساس
forehead;جبين
rebuild;إعادة بناء
bounce;وثب، ارتداد
electrical;الكهرباء
hook;صنارة صيد
detective;المحقق
traveler;مسافر
click;انقر
compensation;تعويضات
exit;خروج
attraction;جاذبية
dedicate;كرس
altogether;كليا
pickup;يلتقط
carve;نحت
needle;إبرة
belly;بطن
scare;فزع
portfolio;مَلَفّ
shuttle;خدمة النقل
invisible;غير مرئى
timing;توقيت
engagement;الارتباط
ankle;كاحل
transaction;عملية تجارية
rescue;إنقاذ
counterpart;النظير
historically;تاريخيا
firmly;قطعا
mild;لطيف
rider;متسابق
doll;لعبة
noon;وقت الظهيرة
amid;وسط
identical;مطابق
precise;دقيق
anxious;قلق
structural;الهيكلي
residential;سكني
diagnose;تشخيص
carbohydrate;الكربوهيدرات
liberty;حرية
poster;ملصق
theology;علم اللاهوت
nonprofit;غير ربحية
crawl;زحف
oxygen;الأكسجين
handsome;وسيم
sum;مجموع
provided;قدمت
businessman;رجل اعمال
promising;واعدة
conscious;واع
determination;عزم
donor;جهات مانحة
hers;لها
pastor;القس
jazz;موسيقى الجاز
opera;الأوبرا
acquisition;استحواذ
pit;حفرة
hug;حضن
wildlife;الحيوانات البرية
punish;يعاقب
equity;القيمة المالية
doorway;مدخل
departure;الاقلاع
elevator;مصعد
teenage;سن المراهقة
guidance;إرشاد
happiness;سعادة
statue;تمثال
pursuit;سعي
repair;يصلح
decent;مقبول
gym;نادي رياضي
oral;عن طريق الفم
clerk;كاتب ملفات
envelope;ظرف
reporting;التقارير
destination;المكان المقصود
fist;قبضة
endorse;تصادق
exploration;استكشاف
generous;كريم - سخي
bath;حمام
thereby;بذلك
indicator;مؤشر
sunlight;ضوء الشمس
feedback;استجابة
spectrum;نطاق
purple;ليلكي
laser;الليزر
bold;بالخط العريض
reluctant;يترددون
starting;بدء
expertise;خبرة
practically;عمليا
eating;يتناول الطعام
hint;ملحوظة
sharply;بحدة
parade;موكب
realm;مملكة
cancel;إلغاء
blend;يمزج
therapist;معالج نفسي
peel;قشر
pizza;بيتزا
recipient;متلقي
hesitate;يتردد
flip;يواجه
accounting;محاسبة
bias;تحيز
huh;هاه
metaphor;استعارة
candle;شمعة
judicial;قضائي
entity;كيان
suffering;معاناة
full-time;وقت كامل
lamp;مصباح
garbage;قمامة
servant;خادم
regulatory;تنظيمي
diplomatic;دبلوماسي
elegant;أنيق
reception;استقبال
vanish;تلاشى
automatically;تلقائيا
chin;ذقن
necessity;ضروري
confess;اعترف
racism;عنصرية
starter;بداية
banking;الخدمات المصرفية
casual;عارض
gravity;الجاذبية
enroll;يتسجل، يلتحق
diminish;يقلل
prevention;منع
minimize;قلل
chop;يقطع
performer;المؤدي
intent;نوايا
isolate;عزل
inventory;المخزون
productive;إنتاجي
assembly;المجسم
civic;مدني
silk;الحرير
magnitude;ضخامة
steep;انحدار
hostage;رهينة
collector;جامع
popularity;شعبية
alien;كائن فضائي
dynamic;متحرك
scary;مخيف
equation;معادلة
angel;ملاك
offering;عرض
rage;غضب
photography;التصوير
toilet;الحمام
disappointed;خائب الامل
precious;ثمين
prohibit;يحظر
realistic;واقعي
hidden;مختفي
tender;مناقصة
gathering;تجمع
outstanding;أمتياز
stumble;تعثر
lonely;وحيد
automobile;سيارة
artificial;مصطنع
dawn;فَجر
abstract;نبذة مختصرة
descend;تنحدر
silly;سخيف
tide;المد
shared;مشترك
hopefully;نأمل
readily;بسهولة
cooperate;ميداني
revolutionary;ثوري
romance;رومانسي
hardware;المعدات
pillow;وسادة
kit;عدة
continent;القارة
seal;عجل البحر
circuit;دائرة كهربائية
ruling;حكم
shortage;نقص
annually;سنويا
lately;مؤخرا
scan;مسح
fool;أحمق
deadline;حد اقصى
rear;مؤخرة
processing;يتم المعالجة
ranch;مزرعة
coastal;ساحلي
undertake;تتعهد
softly;بهدوء
burning;احتراق
verbal;لفظي
tribal;القبلية
ridiculous;سخيف
automatic;تلقائي
diamond;الماس
credibility;مصداقية
import;يستورد
sexually;جنسيا
divine;إلهي
sentiment;المشاعر
cart;عربة التسوق
oversee;يشرف على
o'clock;الساعة
elder;المسنين
pro;طليعة
inspiration;وحي - الهام
Dutch;هولندي
quantity;كمية
trailer;جَرَّار
mate;الموت
Greek;اليونانية
genius;عبقري
monument;نصب
bid;المناقصة
quest;بحث
sacrifice;تضحية
invitation;دعوة
accuracy;صحة
juror;المحلف
officially;بشكل رسمي
broker;سمسار
treasure;كنز
loyalty;وفاء
talented;موهوب
gasoline;الغازولين
stiff;قاسٍ
output;انتاج
nominee;مرشح
extended;وسعوا
diabetes;داء السكري
slap;يصفع
toxic;سامة
alleged;مزعوم
jaw;فك
grief;حزن
mysterious;غامض
rocket;صاروخ
donate;يتبرع
inmate;النزيل
tackle;يعالج
dynamics;ديناميات
bow;ينحني
ours;لنا
dignity;كرامة
carpet;سجادة
parental;أبوي
bubble;فقاعة
buddy;صاحب
barn;إسطبل
sword;سيف
seventh;السابع
glory;مجد
tightly;بإحكام
protective;محمي
tuck;ثنية
drum;طبل
faint;إِغماء
queen;ملكة
dilemma;معضلة
input;الإدخال
specialize;تخصص
northeast;شمال شرق
shallow;بارز
liability;مسؤولية
sail;ريشة
merchant;تاجر
stadium;ملعب
improved;تحسن
bloody;دموي
associated;مرتبطة
withdrawal;انسحاب
refrigerator;ثلاجة
nest;عش
thoroughly;كاملاً
lane;خط
ancestor;سلف
condemn;ادانة
steam;بخار
accent;لهجة
optimistic;متفائل
unite;توحد
cage;قفص
equip;تجهيز
shrimp;جمبري
homeland;البلد الام
rack;رف
costume;زي
wolf;ذئب
courtroom;قاعة المحكمة
statute;النظام الأساسي
cartoon;كرتون
productivity;إنتاجية
grin;ابتسامة
symbolic;رمزي
bug;حشرة
bless;يبارك
aunt;عمة
agriculture;الزراعة
hostile;عدائي
conceive;تحديد
combined;مجموع
instantly;فورا
bankruptcy;إفلاس
vaccine;مصل
bonus;علاوة
collaboration;تعاون
mixed;مختلط
opposed;يعارض
orbit;يدور في مدار
grasp;يفهم، يمسك، يقبض
patience;الصبر
spite;رغم
tropical;استوائي
voting;التصويت
patrol;دورية
willingness;الرغبة
revelation;وحي
calm;هدوء
jewelry;مجوهرات
Cuban;الكوبي
haul;سحب
concede;تتنازل
wagon;عربة
afterward;بعد ذلك
spectacular;مُذهِل
ruin;يخرب
sheer;محض
immune;منيع
reliability;الموثوقية
ass;هو
alongside;جنبا إلى جنب
bush;دفع
exotic;غَرِيب
fascinating;مبهر
clip;مقطع
thigh;فخذ
bull;ثور
drawer;الدرج
sheep;خروف
discourage;تثبط
coordinator;منسق
ideological;أيديولوجي
runner;عداء
secular;علماني
intimate;حَمِيم
empire;إمبراطورية
cab;سيارة أجرة
exam;امتحان
documentary;وثائقي
neutral;محايد
biology;مادة الاحياء
flexible;مرن
progressive;تدريجي
web;الويب
conspiracy;مؤامرة
casualty;ضحية
republic;جمهورية
execution;إعدام
terrific;رائع
whale;حوت
functional;وظيفي
instinct;غريزه
teammate;زميله
aluminum;الألومنيوم
whoever;أيا كان
ministry;الوزارة
verdict;حكم
instruct;إرشاد
skull;جمجمة
self-esteem;احترام الذات
cooperative;تعاوني
manipulate;معالجة
bee;نحلة
practitioner;ممارس المهنة
loop;عقدة
edit;تعديل
whip;سوط
puzzle;لغز
mushroom;فطر
subsidy;دعم مالي
boil;دمل
tragic;مأساوي
mathematics;الرياضيات
mechanic;ميكانيكي
jar;إناء
earthquake;هزة أرضية
pork;لحم خنزير
creativity;إِبداع
safely;بأمان
underlying;الأساسية
dessert;الحلوى
sympathy;تعاطف
fisherman;صياد السمك
incredibly;بشكل لا يصدق
isolation;عزل
sock;جورب
eleven;أحد عشر
sexy;جنسي
entrepreneur;ريادي
syndrome;متلازمة
bureau;مكتب
workplace;مكان العمل
ambition;طموح
touchdown;الهبوط
utilize;يستخدم
breeze;نسيم
costly;مكلفة
ambitious;طموح
Christianity;النصرانية
presumably;محتمل
influential;مؤثر
translation;ترجمة
uncertain;غير مؤكد
dissolve;تذوب
statistical;إحصائية
gut;القناة الهضمية
metropolitan;محافظه
rolling;المتداول
aesthetic;جمالي
spell;يتهجى
insert;إدراج
booth;كشك
helmet;خوذة
waist;وسط
expected;مُتوقع
lion;أسد
accomplishment;إنجاز
royal;ملكي
panic;هلع
crush;معجب
actively;بنشاط
cliff;جرف
minimal;الحد الأدنى
cord;حبل
fortunately;لحسن الحظ
cocaine;الكوكايين
illusion;وهم
anonymous;مجهول
tolerate;تحمل
appreciation;تقدير
commissioner;مفوض
flexibility;المرونة
instructional;تعليمي
scramble;تزاحم
casino;كازينو
tumor;ورم
decorate;تزيين
pulse;نبض
equivalent;ما يعادل
fixed;مُثَبَّت
experienced;يختبر
donation;هبة
diary;مذكرات
sibling;أخ أو أخت
irony;سخرية
spoon;ملعقة
midst;وسط
alley;زقاق
interact;تفاعل
soap;صابون
cute;جذاب
rival;منافسة
short-term;المدى القصير
punch;لكمة
pin;دبوس
hockey;الهوكي
passing;عابرة
persist;ثابر
supplier;المورد
known;معروف
momentum;قوة الدفع
purse;كيس نقود
shed;تسلط
liquid;سائل
icon;أيقونة
elephant;الفيل
consequently;بناء على ذلك
legislature;السلطة التشريعية
franchise;الامتياز التجاري
correctly;بشكل صحيح
mentally;عقليا
foster;الحاضنة
bicycle;دراجة
encouraging;تشجيع
cheat;يغش
heal;شفاء - يشفى
fever;حُمى
filter;منقي
rabbit;أرنب
coin;عملة
exploit;الاستفادة
accessible;يمكن الوصول
organism;الكائن الحي
sensation;إحساس
partially;جزئيا
upstairs;الطابق العلوي
dried;جافة
conservation;الحفاظ على
shove;يشق
backyard;الفناء الخلفي
charter;الميثاق
stove;موقد
consent;موافقة
comprise;تضم
reminder;تذكير
alike;على حد سواء
placement;تحديد مستوى
dough;عجينة
grandchild;حفيد
dam;سد
reportedly;يقال
well-known;معروف
surrounding;المحيط
ecological;بيئي
outfit;ملابس
unprecedented;غير مسبوق
columnist;كاتب العمود
workout;اكتشف - حل
preliminary;أولية
patent;براءة الإختراع
shy;خجول
trash;قمامة، يدمر، يهدم
disabled;معاق
gross;أزداد
damn;اللعنة
hormone;هرمون
texture;نَسِيج
pencil;قلم
frontier;حدود
spray;رذاذ
disclose;الكشف عن
custody;عهدة
banker;مصرفي
beast;وحش
interfere;تدخل
oak;بلوط
eighth;ثامن
notebook;دفتر
outline;الخطوط العريضة
attendance;الحضور
speculation;تكهنات
uncover;كشف
behalf;باسمى او لاجلى
innovative;مبتكر
shark;قرش
mill;مطحنة
installation;تثبيت
stimulate;يحفز
tag;بطاقة شعار
vertical;عمودي
swimming;سباحة
fleet;سريع
catalog;فهرس
outsider;دخيل
desperately;فاقد الامل
stance;موقف
compel;تجبر
sensitivity;حساسية
someday;في يوم ما
instant;فوري
debut;لاول مرة
proclaim;يعلن
worldwide;في جميع أنحاء العالم
hike;ارتفاع
required;مطلوب
confrontation;مواجهة
colorful;زاهى الألوان
constitution;دستور
trainer;مدرب
Thanksgiving;عيد الشكر
scent;رائحة
stack;كومة
eyebrow;الحاجب
sack;كيس
cease;انقطع
inherit;انت ورثت
tray;علبة
pioneer;رائد
organizational;التنظيمية
textbook;كتاب مدرسي
uh;أوه
nasty;مقرف
shrink;إنكمش
emerging;المستجدة
dot;نقطة
wheat;قمح
fierce;شرس
envision;التصور
rational;معقول
kingdom;مملكة
aisle;ممر
weaken;تضعف
protocol;بروتوكول
exclusively;حصريا
vocal;صوتي
marketplace;المتجر
openly;علنا
unfair;غير منصف
terrain;تضاريس
deploy;نشر
risky;محفوفة بالمخاطر
pasta;معكرونة
genre;النوع
distract;يصرف
merit;ميزة
planner;مخطط
depressed;مكتئب
chunk;قطعة
closest;الأقرب
discount;تخفيض
ladder;سُلُّم
jungle;الغابة
migration;الهجرة
breathing;عمليه التنفس
invade;غزو
hurricane;اعصار
retailer;بائع تجزئة
classify;صنف
coup;انقلاب
ambassador;سفير
density;كثافة
supportive;يدعم
curiosity;حب الاستطلاع
skip;يتخطى
aggression;عدوان
stimulus;التحفيز
journalism;الصحافة
robot;إنسان آلي
dip;تراجع
likewise;بطريقة مماثلة
informal;غير رسمي
Persian;اللغة الفارسية
feather;ريشة
sphere;جسم كروى
tighten;تشديد
boast;تباهى
pat;نفس الشيء
perceived;ملموس
sole;باطن القدم
publicity;شهره اعلاميه
unfold;تتكشف
well-being;الرفاه
validity;صلاحية
ecosystem;النظام البيئي
strictly;بشكل صارم
partial;جزئي
collar;طوق
weed;عشبة ضارة
compliance;امتثال
streak;أثَر
supposedly;يفترض
added;مضاف
builder;باني
glimpse;لمحة
premise;فرضية
specialty;تخصص
deem;تعتبر
artifact;الأداة
sneak;التسلل
monkey;قرد
mentor;مرشد
two-thirds;الثلثين
listener;المستمع
lightning;برق
legally;من الناحية القانونية
sleeve;كم
disappointment;خيبة الامل
disturb;إزعاج
rib;ضلع
excessive;مفرط، متطرف، متهور
high-tech;تقنية عالية
debris;حطام
rod;عصا
logical;منطقي
ash;رماد
socially;اجتماعيا
parish;أبرشية
slavery;عبودية
blank;فارغ
commodity;سلعة
cure;دواء
mineral;المعدنية
hunger;جوع
dying;الموت
developmental;التنموي
faster;أسرع
spare;إضافي
halfway;في منتصف الطريق
equality;المساواة
cemetery;مقبرة
harassment;تحرش
deliberately;عن عمد
fame;شهرة
regret;ندم
striking;ملفت للنظر
likelihood;احتمالا
carrot;جزرة
atop;فوق
toll;رسوم
rim;حافة
embarrassed;مُحرَج
fucking;سخيف
cling;تشبث
isolated;معزول
blink;رمش
suspicious;مثير للشك
wheelchair;كرسي متحرك
squad;فريق
eligible;مؤهل
processor;المعالج
plunge;يغرق
demographic;السكانية
chill;برد
refuge;لجأ
steer;توجيه
legislator;مشرع
rally;تجمع
programming;برمجة
cheer;يشجع
outlet;مخرج
intact;سليم
vendor;بائع
thrive;النماء
peanut;الفول السوداني
chew;مضغ
elaborate;يشرح
conception;تصور
auction;مزاد علني
steak;شريحة لحم
comply;الامتثال
triumph;انتصار
shareholder;شريك
comparable;قابلة للمقارنة
transport;المواصلات
conscience;الضمير
calculation;عملية حسابية
considerably;إلى حد كبير
interval;فترة
scratch;خدش
awake;مستيقظ
jurisdiction;الاختصاص القضائي
inevitably;لا محالة
feminist;ناشط نسائي
constraint;قيد
emotionally;عاطفيا
expedition;البعثة
allegedly;يزعم
similarity;تشابه
butt;بعقب
lid;جفن العين
dumb;غبي
bulk;حجم
sprinkle;رش
mortality;معدل الوفيات
philosophical;فلسفي
conversion;تحويلات
patron;كفيل
municipal;البلدية
liver;كبد
harmony;انسجام
solely;بمفردي
tolerance;تفاوت
goat;ماعز
blessing;بركة
banana;موز
palace;قصر
formerly;سابقا
peasant;فلاح
neat;مرتب
grandparent;الجد
lawmaker;النائب
supermarket;سوبر ماركت
cruise;رحلة بحرية
mobile;التليفون المحمول
calendar;تقويم
widow;أرملة
deposit;الوديعة
beard;لحية
brake;الفرامل
screening;تحري
impulse;دفعة
forbid;حرم
fur;الفراء
brutal;قاسِي
predator;المفترس
poke;نكز
opt;يختار، يقرر
voluntary;تطوعي
valid;صالح
forum;المنتدى
dancing;الرقص
happily;بسعادة
soar;حلق
removal;إزالة
autonomy;استقلال
enact;يسن قانون
thread;مسلك
landmark;معلم معروف
unhappy;تعيس
offender;الجاني
coming;آت
privately;سرا
fraction;جزء
distinctive;متميز
tourism;السياحة
threshold;عتبة
routinely;بشكل روتيني
suite;جناح
regulator;منظم
straw;قش
theological;لاهوتي
exhaust;العادم
globe;كره ارضيه
fragile;قابل للكسر
objection;اعتراض
chemistry;كيمياء
old-fashioned;قديم الطراز
crowded;مزدحما
blast;انفجار
prevail;تسود
overnight;بين عشية وضحاها
denial;إنكار
rental;تأجير
fantastic;جميل
fragment;شظية
screw;برغي
warmth;الدفء
undergraduate;الجامعية
headache;صداع الراس
policeman;الشرطي
projection;تنبؤ
suitable;متكافئ
graduation;تخرُّج
drill;تدريبات
cruel;قاسية
mansion;بيت كبير
grape;عنب
authorize;يأذن
cottage;كوخ
driveway;طريق خاص
charm;سحر
sexuality;الجنس
loyal;مخلص
clay;طين
balloon;بالون
invention;اختراع
ego;الغرور
fare;يفعل
homework;واجب منزلي
disc;قرص
sofa;كنبة
availability;التوفر
radar;رادار
frown;عبوس
regain;استعادة
sweater;سترة
rehabilitation;إعادة تأهيل
rubber;ممحاة
retreat;تراجع
molecule;مركب
freely;بحرية
favorable;ملائم
steadily;بثبات
integrated;مدمج
ha;هو عنده
youngster;الشاب
premium;الممتازة
accountability;مسئولية
overwhelm;طغى
one-third;الثلث
contemplate;تفكر
update;تحديث
spark;شرارة
ironically;بسخرية
fatigue;إعياء
speculate;المضاربة
marker;علامة
preach;تعظ
bucket;دلو
blond;أشقر
confession;اعتراف
provoke;يستفز
marble;رخام
substantially;جوهريا
defender;مدافع
explicit;صريح
disturbing;مزعج
surveillance;مراقبة
magnetic;مغناطيسي
technician;فني
mutter;أم
devastating;مدمر
depart;تغادر
arrow;سهم
trauma;صدمة
neighboring;المجاورة
soak;نقع
ribbon;شريط
meantime;غضون ذلك
transmit;يحيل
harvest;محصول
consecutive;على التوالي
coordinate;تنسيق
spy;الجاسوس
slot;فتحة
riot;شغب
nutrient;العناصر الغذائية
citizenship;المواطنة
severely;بشدة
sovereignty;سيادة
ridge;ريدج
brave;شجاع
lighting;إضاءة
specify;حدد
contributor;مساهم
frustrate;أحبط
articulate;يتكلم بوضوح
importantly;المهم
transit;عبور
dense;كثيف
seminar;ندوة
electronics;إلكترونيات
sunny;مشمس
shorts;السراويل القصيرة
swell;تضخم
accusation;الاتهام
soften;تليين
straighten;تصويب
terribly;بشكل رهيب
cue;إشارة
bride;عروس
biography;سيرة شخصية
hazard;خطر
compelling;قهري
seldom;نادرًا
tile;البلاط
economically;من الناحية الاقتصادية
honestly;بكل صراحه
troubled;مضطرب
twentieth;العشرين
balanced;متوازن
foreigner;أجنبي
convenience;السهولة أو الراحة
delight;بهجة
weave;نسج
timber;خشب
till;إلى
accurately;بدقة
plea;نداء
bulb;مصباح
flying;طيران
sustainable;مستدام
devil;شيطان
bolt;الترباس
cargo;البضائع
spine;العمود الفقري
seller;تاجر
skilled;ماهر
managing;إدارة
marine;البحرية
dock;الرصيف
organized;منظم
fog;ضباب
diplomat;دبلوماسي
boring;ممل
sometime;بعض الاحيان
summary;ملخص
missionary;التبشيرية
epidemic;وبائي
fatal;مميت
trim;تقليم
warehouse;مستودع
accelerate;تسريع
butterfly;فراشة
bronze;البرونز
drown;يغرق
inherent;متأصل
nationwide;على الصعيد الوطني
spit;بصق
kneel;اركع
vacuum;مكنسة
selected;المحدد
dictate;تملي
