the;на
and;и
have;имат
that;че
for;за
you;ти
with;с
say;казвам
this;това
they;те
but;но
his;неговият
from;от
not;не
she;тя
as;като
what;Какво
their;техен
can;мога
who;СЗО
get;получавам
would;би се
her;нея
all;всичко
make;направи
about;относно
know;зная
will;ще
one;един
time;време
there;там
year;година
think;мисля
when;кога
which;който
them;тях
some;някои
people;хората
take;предприеме
out;навън
into;в
just;просто
see;виж
him;него
your;Вашият
come;идвам
could;бих могъл
now;сега
than;отколкото
like;като
other;друго
how;как
then;тогава
its;неговото
our;нашият
two;две
more;Повече ▼
these;тези
want;искам
way;начин
look;виж
first;първи
also;също
new;нов
because;защото
day;ден
use;използване
man;човек
find;намирам
here;тук
thing;нещо
give;дайте
many;много
well;добре
only;само
those;тези
tell;казвам
very;много
even;дори
back;обратно
any;всякакви
good;добре
woman;жена
through;през
life;живот
child;дете
work;работа
down;надолу
may;може
after;след
should;Трябва
call;повикване
world;свят
over;над
school;училище
still;все още
try;опитвам
last;последно
ask;питам
need;трябва
too;също
feel;Усещам
three;три
state;състояние
never;никога
become;да стане
between;между
high;Високо
really;наистина ли
something;нещо
most;повечето
another;друг
much;много
family;семейство
own;собствен
leave;напускам
put;слагам
old;стар
while;докато
mean;означава
keep;пазя
student;студент
why;защо
let;позволявам
great;страхотен
same;един и същ
big;голям
group;група
begin;започвам
seem;Изглежда
country;държава
help;помогне
talk;говоря
where;където
turn;завой
problem;проблем
every;всеки
start;започнете
hand;ръка
might;биха могли, може
American;американски
show;шоу
part;част
against;срещу
place;място
such;такива
again;отново
few;малцина
case;случай
week;седмица
company;търговско дружество
system;система
each;всеки
right;точно
program;програма
hear;чувам
question;въпрос
during;по време на
play;играя
government;правителство
run;тичам
small;малък
number;номер
off;изключено
always;винаги
move;ход
night;нощ
live;на живо
Mr;г-н
point;точка
believe;вярвам
hold;задръжте
today;днес
bring;донеси
happen;случи се
next;следващия
without;без
before;преди
large;голям
million;милиона
must;трябва да
home;У дома
under;под
water;вода
room;стая
write;пишете
mother;майка
area;■ площ
national;национален
money;пари
story;история
young;млад
fact;факт
month;месец
different;различно
lot;много
study;проучване
book;Книга
eye;око
job;работа
word;дума
though;все пак
business;бизнес
issue;проблем
side;страна
kind;мил
four;четири
head;глава
far;далеч
black;черен
long;дълго
both;и двете
little;малко
house;къща
yes;да
since;от
provide;предоставят
service;обслужване
around;наоколо
friend;приятел
important;важно
father;баща
sit;седни
away;далеч
until;до
power;мощност
hour;час
game;игра
often;често
yet;още
line;линия
political;политически
end;край
among;между
ever;някога
stand;стойка
bad;лошо
lose;губя
however;въпреки това
member;член
pay;заплащане
law;закон
meet;Среща
car;кола
city;град
almost;почти
include;включват
continue;продължи
set;комплект
later;по късно
community;общност
name;име
five;пет
once;веднъж
white;бяло
least;най-малко
president;президент
learn;уча
real;истински
change;промяна
team;екип
minute;минута
best;най-доброто
several;няколко
idea;идея
kid;хлапе
body;тяло
information;информация
nothing;Нищо
ago;преди
lead;водя
social;социални
understand;разбирам
whether;дали
watch;гледам
together;заедно
follow;последвам
parent;родител
stop;Спри се
face;лице
anything;нещо
create;създавам
public;публичен
already;вече
speak;говори
others;други
read;Прочети
level;ниво
allow;позволява
add;добавете
office;офис
spend;харча
door;врата
health;здраве
person;човек
art;изкуство
sure;сигурен
war;война
history;история
party;партия
within;в рамките на
grow;растат
result;резултат
open;отворен
morning;сутрин
walk;разходка
reason;причина
low;ниско
win;печеля
research;изследвания
girl;момиче
guy;човек
early;рано
food;храна
moment;момент
himself;себе си
air;въздух
teacher;учител
force;сила
offer;оферта
enough;достатъчно
education;образование
across;през
although;макар че
remember;помня
foot;крак
second;второ
boy;момче
maybe;може би
toward;към
able;способен
age;възраст
policy;политика
everything;всичко
love;любов
process;процес
music;музика
including;включително
consider;обмисли
appear;се появи
actually;всъщност
buy;Купува
probably;вероятно
human;човек
wait;изчакайте
serve;сервирам
market;пазар
die;на
send;изпрати
expect;очаквам
sense;смисъл
build;изграждане
stay;престой
fall;падане
oh;ох
nation;нация
plan;план
cut;разрез
college;колеж
interest;интерес
death;смърт
course;курс
someone;някой
experience;опит
behind;отзад
reach;достигнат
local;местен
kill;убивам
six;шест
remain;остават
effect;ефект
yeah;да
suggest;предполагам
class;клас
control;контрол
raise;повишавам
care;грижа
perhaps;може би
late;късен
hard;твърд
field;поле
else;друго
pass;пас
former;бившия
sell;продавам
major;майор
sometimes;понякога
require;изискват
along;заедно
development;развитие
themselves;себе си
report;отчет
role;роля
better;По-добре
economic;икономически
effort;усилие
decide;реши
rate;процент
strong;силен
possible;възможен
heart;сърце
drug;лекарство
leader;лидер
light;светлина
voice;глас
wife;съпруга
whole;цяло
police;полиция
mind;ум
finally;накрая
pull;дръпнете
return;връщане
free;Безплатно
military;военни
price;цена
less;по-малко
according;Според
decision;решение
explain;обясни
son;син
hope;надежда
develop;развиват се
view;изглед
relationship;връзка
carry;носят
town;град
road;път
drive;шофиране
arm;ръка
TRUE;ВЯРНО
federal;федерален
break;прекъсвам
difference;разлика
thank;благодаря
receive;получавам
value;стойност
international;международни
building;сграда
action;действие
full;пълен
model;модел
join;присъединяване
season;сезон
society;общество
tax;данък
director;директор
position;позиция
player;играч
agree;Съгласен
especially;особено
record;запис
pick;избирам
wear;износване
paper;хартия
special;специален
space;пространство
ground;земята
form;форма
support;поддържа
event;събитие
official;официален
whose;чийто
matter;материя
everyone;всеки
center;център
couple;двойка
site;сайт
project;проект
hit;удари
base;база
activity;дейност
star;звезда
table;маса
court;съдебна зала
produce;произвеждат
eat;Яжте
teach;преподавам
oil;масло
half;половината
situation;ситуация
easy;лесно
cost;цена
industry;индустрия
figure;фигура
street;улица
image;образ
itself;себе си
phone;телефон
either;или
data;данни
cover;Покрийте
quite;доста
picture;снимка
clear;ясно
practice;практика
piece;парче
land;земя
recent;скорошни
describe;описвам
product;продукт
doctor;лекар
wall;стена
patient;търпелив
worker;работник
news;Новини
test;тест
movie;филм
certain;определени
north;север
personal;лични
simply;просто
third;трети
technology;технология
catch;улов
step;стъпка
baby;бебе
computer;компютър
type;Тип
attention;внимание
draw;рисувам
film;филм
Republican;републиканец
tree;дърво
source;източник
red;червен
nearly;почти
organization;организация
choose;избирам
cause;причина
hair;коса
century;век
evidence;доказателства
window;прозорец
difficult;труден
listen;слушам
soon;скоро
culture;култура
billion;милиард
chance;шанс
brother;брат
energy;енергия
period;месечен цикъл
summer;лятото
realize;осъзнавам
hundred;сто
available;на разположение
plant;растение
likely;вероятно
opportunity;възможност
term;срок
short;къс
letter;писмо
condition;състояние
choice;избор
single;единичен
rule;правило
daughter;дъщеря
administration;администрация
south;юг
husband;съпруг
Congress;Конгрес
floor;етаж
campaign;кампания
material;материал
population;население
economy;икономика
medical;медицински
hospital;болница
church;църква
close;близо
thousand;хиляди
risk;риск
current;текущ
fire;огън
future;бъдеще
wrong;грешно
involve;включвам
defense;защита
anyone;всеки
increase;нараства
security;сигурност
bank;банка
myself;себе си
certainly;със сигурност
west;запад
sport;спорт
board;дъска
seek;търси
per;пер
subject;предмет
officer;офицер
private;частен
rest;Почивка
behavior;поведение
deal;сделка
performance;производителност
fight;битка
throw;хвърлям
top;Горна част
quickly;бързо
past;минало
goal;цел
bed;легло
order;поръчка
author;автор
fill;запълвам
represent;представлявам
focus;фокус
foreign;чуждестранен
drop;изпускайте
blood;кръв
upon;върху
agency;агенция
push;тласък
nature;природа
color;цвят
recently;наскоро
store;магазин
reduce;намалявам
sound;звук
note;Забележка
fine;глоба
near;близо до
movement;движение
page;страница
enter;влизам
share;дял
common;често срещани
poor;бедни
natural;естествено
race;раса
concern;загриженост
series;серия
significant;значително
similar;подобен
hot;горещ
language;език
usually;обикновено
response;отговор
dead;мъртъв
rise;покачване
animal;животно
factor;фактор
decade;десетилетие
article;статия
shoot;стреля
east;изток
save;спаси
seven;седем
artist;художник
scene;сцена
stock;наличност
career;кариера
despite;въпреки
central;централен
eight;осем
thus;по този начин
treatment;лечение
beyond;отвъд
happy;щастлив
exactly;точно
protect;защитавам
approach;Приближаване
lie;лъжа
size;размер
dog;куче
fund;фонд
serious;сериозно
occur;възникне
media;медии
ready;готов
sign;знак
thought;мисъл
list;списък
individual;индивидуален
simple;просто
quality;качество
pressure;налягане
accept;приемам
answer;отговор
resource;ресурс
identify;идентифицирам
left;наляво
meeting;среща
determine;определяне на
prepare;приготви се
disease;заболяване
whatever;както и да е
success;успех
argue;спорят
cup;чаша
particularly;особено
amount;количество
ability;способност
staff;персонал
recognize;разпознае
indicate;посочвам
character;характер
growth;растеж
loss;загуба
degree;степен
wonder;чудя се
attack;атака
herself;себе си
region;регион
television;телевизия
box;кутия
TV;телевизор
training;обучение
pretty;красива
trade;търговия
election;избори
everybody;всички
physical;физически
lay;лежи
general;общ
feeling;чувство
standard;стандартен
bill;законопроект
message;съобщение
fail;провалят се
outside;навън
arrive;пристигат
analysis;анализ
benefit;полза
sex;секс
forward;напред
lawyer;адвокат
present;настояще
section;раздел
environmental;околната среда
glass;стъклена чаша
skill;умение
sister;сестра
PM;PM
professor;професор
operation;операция
financial;финансови
crime;престъпност
stage;сцена
ok;Добре
compare;сравнявам
authority;власт
miss;мис
design;дизайн
sort;вид
act;акт
ten;десет
knowledge;знания
gun;пистолет
station;станция
blue;син
strategy;стратегия
clearly;ясно
discuss;обсъждам
indeed;наистина
truth;истина
song;песен
example;пример
democratic;демократичен
check;проверка
environment;околен свят
leg;крак
dark;тъмно
various;различни
rather;по-скоро
laugh;смея се
guess;познайте
executive;изпълнителен
prove;докажи
hang;виси
entire;цяла
rock;рок
forget;забрави
claim;претенция
remove;Премахване
manager;мениджър
enjoy;наслади се
network;мрежа
legal;правен
religious;религиозен
cold;студ
final;финал
main;основен
science;наука
green;зелено
memory;памет
card;карта
above;по-горе
seat;седалка
cell;клетка
establish;установявам
nice;хубаво
trial;пробен период
expert;експерт
spring;пролет
firm;твърд
Democrat;демократ
radio;радио
visit;посещение
management;управление
avoid;да се избегне
imagine;представям си
tonight;тази нощ
huge;огромен
ball;топка
finish;завършек
yourself;себе си
theory;теория
impact;въздействие
respond;отговарям
statement;изявление
maintain;поддържам
charge;зареждане
popular;популярен
traditional;традиционен
onto;върху
reveal;разкрие
direction;посока
weapon;оръжие
employee;служител
cultural;културен
contain;съдържат
peace;спокойствие
pain;болка
apply;Приложи
measure;мярка
wide;широк
shake;клатя
fly;летя
interview;интервю
manage;управлявам
chair;Председател
fish;риба
particular;конкретно
camera;камера
structure;структура
politics;политика
perform;изпълнявам
bit;малко
weight;тегло
suddenly;внезапно
discover;откривам
candidate;кандидат
production;производство
treat;лечение
trip;пътуване
evening;вечер
affect;засягат
inside;вътре
conference;конференция
unit;мерна единица
style;стил
adult;възрастен
worry;тревожи се
range;диапазон
mention;споменавам
deep;Дълбок
edge;ръб, край
specific;специфичен
writer;писател
trouble;неприятности
necessary;необходимо
throughout;навсякъде
challenge;предизвикателство
fear;страх
shoulder;рамо
institution;институция
middle;средата
sea;море
dream;мечта
bar;бар
beautiful;красив
property;Имот
instead;вместо
improve;подобрявам
stuff;неща
detail;детайл
method;метод
somebody;някой
magazine;списание
hotel;хотел
soldier;войник
reflect;отразявам
heavy;тежък
sexual;сексуален
bag;чанта
heat;топлина
marriage;брак
tough;жилав
sing;пея
surface;повърхност
purpose;предназначение
exist;съществуват
pattern;модел
whom;на когото
skin;кожата
agent;агент
owner;собственик
machine;машина
gas;газ
ahead;напред
generation;поколение
commercial;търговски
address;адрес
cancer;рак
item;вещ
reality;реалност
coach;треньор
Mrs;г-жа
yard;Двор
beat;победи
violence;насилие
total;обща сума
tend;склонен
investment;инвестиции
discussion;дискусия
finger;пръст на ръката
garden;градина
notice;забележете
collection;колекция
modern;модерен
task;задача
partner;партньор
positive;положителен
civil;граждански
kitchen;кухня
consumer;консуматор
shot;изстрел
budget;бюджет
wish;желание
painting;живопис
scientist;учен
safe;безопасно
agreement;споразумение
capital;капитал
mouth;устата
nor;нито
victim;жертва
newspaper;вестник
threat;заплаха
responsibility;отговорност
smile;Усмихни се
attorney;адвокат
score;резултат
account;сметка
interesting;интересно
audience;публика
rich;богат
dinner;вечеря
vote;гласуване
western;уестърн
relate;отнасят се
travel;пътуване
debate;дебат
prevent;предотвратявам
citizen;гражданин
majority;мнозинство
none;нито един
front;отпред
born;роден
admit;признавам
senior;Старши
assume;предполагам
wind;вятър
key;ключ
professional;професионален
mission;мисия
fast;бърз
alone;сам
customer;клиент
suffer;страдам
speech;реч
successful;успешен
option;опция
participant;участник
southern;южен
fresh;свежи
eventually;в крайна сметка
forest;гора
video;видео
global;глобален
Senate;Сенат
reform;реформа
access;достъп
restaurant;ресторант
judge;съдия
publish;публикувам
relation;отношение
release;освобождаване
bird;птица
opinion;мнение
credit;кредит
critical;критичен
corner;ъгъл
concerned;обезпокоен
recall;припомням си
version;версия
stare;взират
safety;безопасност
effective;ефективен
neighborhood;квартал
original;оригинален
troop;войска
income;доходи
directly;директно
hurt;боли
species;видове
immediately;веднага
track;песен
basic;основен
strike;стачка
sky;небе
freedom;свобода
absolutely;абсолютно
plane;самолет
nobody;Никой
achieve;постигам
object;обект
attitude;поведение
labor;труд
refer;се отнасят
concept;концепция
client;клиент
powerful;мощен
perfect;перфектен
nine;девет
therefore;Следователно
conduct;поведение, ръководене
announce;обявявам
conversation;разговор
examine;изследвам
touch;докосване
please;Моля те
attend;присъстват
completely;напълно
variety;разнообразие
sleep;сън
involved;участващи
investigation;разследване
nuclear;ядрен
researcher;изследовател
press;Натиснете
conflict;конфликт
spirit;дух
replace;замени
British;британски
encourage;насърчавам
argument;аргумент
camp;лагер
brain;мозък
feature;особеност
afternoon;следобед
AM;сутринта
weekend;уикенд
dozen;дузина
possibility;възможност
insurance;застраховка
department;отдел
battle;битка
beginning;начало
date;дата
generally;в общи линии
African;африкански
sorry;съжалявам
crisis;криза
complete;пълен
fan;вентилатор
stick;пръчка
define;дефинирам
easily;лесно
hole;дупка
element;елемент
vision;визия
status;състояние
normal;нормално
Chinese;Китайски
ship;кораб
solution;решение
stone;камък
slowly;бавно
scale;мащаб
university;университет
introduce;въвеждам
driver;шофьор
attempt;опит
park;паркирам
spot;място
lack;липса
ice;лед
boat;лодка
drink;питие
sun;слънце
distance;разстояние
wood;дърво
handle;дръжка
truck;камион
mountain;планина
survey;изследване
supposed;предполагаем
tradition;традиция
winter;зимата
village;село
Soviet;съветски
refuse;отказвам
sales;продажби
roll;ролка
communication;комуникация
screen;екран
gain;печалба
resident;резидент
hide;Крия
gold;злато
club;клуб
farm;ферма
potential;потенциал
European;европейски
presence;присъствие
independent;независима
district;окръг
shape;форма
reader;читател
Ms;Госпожица
contract;договор
crowd;тълпа
Christian;Кристиян
express;експресен
apartment;апартамент
willing;желаещи
strength;сила
previous;предишен
band;банда
obviously;очевидно
horse;кон
interested;заинтересовани
target;цел
prison;затвор
ride;езда
guard;пазач
terms;условия
demand;търсене
reporter;репортер
deliver;доставям
text;текст
tool;инструмент
wild;див
vehicle;превозно средство
observe;наблюдавайте
flight;полет
facility;съоръжение
understanding;разбиране
average;средно аритметично
emerge;изплуват
advantage;предимство
quick;бързо
leadership;лидерство
earn;печелят
pound;паунд
basis;база
bright;ярък
operate;оперират
guest;гост
sample;проба
contribute;допринасят
tiny;мъничък
block;блок
protection;защита
settle;установявам се
feed;фураж
collect;събирам
additional;допълнителен
highly;силно
identity;идентичност
title;заглавие
mostly;предимно
lesson;урок
faith;вяра
river;река
promote;насърчавам
living;жив
count;броя
unless;освен ако
marry;ожени се
tomorrow;утре
technique;техника
path;път
ear;ухо
shop;магазин
folk;народни
principle;принцип
survive;оцеляват
lift;вдигам
border;граница
competition;състезание
jump;скок
gather;събирам
limit;лимит
fit;годни
cry;плача
equipment;оборудване
worth;заслужава си
associate;сътрудник
critic;критик
warm;топло
aspect;аспект
insist;настоявам
failure;провал
annual;годишен
French;Френски
Christmas;Коледа
comment;коментар
responsible;отговорен
affair;афера
procedure;процедура
regular;редовен
spread;разпространение
chairman;председател
baseball;бейзбол
soft;мека
ignore;игнорирайте
egg;яйце
belief;вяра
demonstrate;демонстрирам
anybody;някой
murder;убийство
gift;подарък
religion;религия
review;преглед
editor;редактор
engage;ангажирам се
coffee;кафе
document;документ
speed;скорост
cross;кръст
influence;влияние
anyway;така или иначе
threaten;заплашвам
commit;ангажирам
female;женски пол
youth;младост
wave;вълна
afraid;страхувам се
quarter;четвърт
background;заден план
native;местен
broad;широк
wonderful;чудесен
deny;отричам
apparently;очевидно
slightly;леко
reaction;реакция
twice;два пъти
suit;костюм
perspective;перспектива
growing;нарастващ
blow;удар
construction;строителство
intelligence;интелигентност
destroy;унищожавам
cook;готвач
connection;Връзка
burn;горя
shoe;обувка
grade;клас
context;контекст
committee;комитет
hey;Хей
mistake;грешка
location;местоположение
clothes;дрехи
Indian;индийски
quiet;тихо
dress;рокля
promise;обещание
aware;наясно
neighbor;съсед
function;функция
bone;костен
active;активен
extend;разшири
chief;главен
combine;съчетавам
wine;вино
below;По-долу
cool;готино
voter;избирател
learning;изучаване на
bus;автобус
hell;по дяволите
dangerous;опасно
remind;напомням
moral;морален
United;Юнайтед
category;категория
relatively;относително
victory;победа
academic;академичен
Internet;интернет
healthy;здрави
negative;отрицателен
following;следното
historical;исторически
medicine;лекарство
tour;обиколка
depend;зависят
photo;снимка
finding;находка
grab;грабвам
direct;директен
classroom;класна стая
contact;контакт
justice;справедливост
participate;участвам
daily;ежедневно
fair;справедлив
pair;двойка
famous;известен
exercise;упражнение
knee;коляно
flower;цвете
tape;лента
hire;наемам
familiar;познат
appropriate;подходящо
supply;доставка
fully;напълно
actor;актьор
birth;раждане
search;Търсене
tie;връзвам
democracy;демокрация
eastern;източен
primary;първичен
yesterday;вчера
circle;кръг
device;устройство
progress;прогрес
bottom;отдолу
island;остров
exchange;обмен
clean;чиста
studio;студио
train;влак
lady;дама
colleague;колега
application;приложение
neck;врата
lean;постно
damage;щета
plastic;пластмаса
tall;висок
plate;плоча
hate;омраза
otherwise;в противен случай
writing;писане
male;мъжки
alive;жив
expression;изразяване
football;футбол
intend;възнамерявам
chicken;пиле
army;армия
abuse;злоупотреба
theater;театър
shut;затвори
map;карта
extra;екстра
session;сесия
danger;опасност
welcome;добре дошли
domestic;домашни
lots;много
literature;литература
rain;дъжд
desire;желание
assessment;Оценяване
injury;нараняване
respect;уважение
northern;северен
nod;кимам
paint;боя
fuel;гориво
leaf;листо
dry;суха
Russian;Руски
instruction;инструкция
pool;басейн
climb;изкачвам се
sweet;сладка
engine;двигател
fourth;четвърто
salt;сол
expand;разширяване
importance;важност
metal;метал
fat;дебел
ticket;билет
software;софтуер
disappear;изчезва
corporate;корпоративен
strange;странно
lip;устна
reading;четене
urban;градски
mental;психически
increasingly;все повече
lunch;обяд
educational;образователен
somewhere;някъде
farmer;земеделски производител
sugar;захар
planet;планета
favorite;любими
explore;изследвайте
obtain;получавам
enemy;враг
greatest;най велик
complex;комплекс
surround;обграждам
athlete;спортист
invite;покани
repeat;повторете
carefully;внимателно
soul;душа
scientific;научен
impossible;невъзможен
panel;панел
meaning;значение
mom;мама
married;женен
instrument;инструмент
predict;прогнозирам
weather;метеорологично време
presidential;президентски
emotional;емоционален
commitment;ангажираност
Supreme;Върховен
bear;мечка
pocket;джоб
thin;тънък
temperature;температура
surprise;изненада
poll;анкета
proposal;предложение
consequence;следствие
breath;дъх
sight;гледка
balance;баланс
adopt;осиновявам
minority;малцинство
straight;прав
connect;свържете се
works;върши работа
teaching;преподаване
belong;принадлежат
aid;помощ
advice;съвет
okay;добре
photograph;снимка
empty;празна
regional;регионален
trail;пътека
novel;роман
code;код
somehow;някак си
organize;организирам
jury;жури
breast;гърди
Iraqi;иракски
acknowledge;признавам
theme;тема
storm;буря
union;съюз
desk;бюро
thanks;Благодаря
fruit;плодове
expensive;скъпо
yellow;жълто
conclusion;заключение
prime;първичен
shadow;сянка
struggle;борба
conclude;заключавам
analyst;анализатор
dance;танцувам
regulation;регулиране
being;същество
ring;пръстен
largely;до голяма степен
shift;смяна
revenue;приходи
mark;марка
locate;локализирам
county;окръг
appearance;външен вид
package;пакет
difficulty;трудност
bridge;мост
recommend;Препоръчвам
obvious;очевидно
basically;основно
e-mail;електронна поща
generate;генерирам
anymore;вече
propose;предлагам
thinking;мислене
possibly;евентуално
trend;тенденция
visitor;посетител
loan;заем
currently;понастоящем
comfortable;удобно
investor;инвеститор
profit;печалба
angry;ядосан
crew;екипаж
accident;злополука
meal;хранене
hearing;слух
traffic;трафик
muscle;мускул
notion;представа
capture;улавяне
prefer;предпочитам
truly;наистина
earth;земя
Japanese;японски
chest;гръден кош
thick;дебел
cash;пари в брой
museum;музей
beauty;красота
emergency;спешен случай
unique;единствен по рода си
internal;вътрешни
ethnic;етнически
link;връзка
stress;стрес
content;съдържание
select;изберете
root;корен
nose;нос
declare;декларирам
appreciate;оценявам
actual;действителен
bottle;бутилка
hardly;едва ли
setting;настройка
launch;стартиране
file;файл
sick;болен
outcome;резултат
ad;реклама
defend;защитавам
duty;задължение
sheet;лист
ought;би трябвало
ensure;осигурете
Catholic;католик
extremely;изключително
extent;степен
component;компонент
mix;разбъркайте
long-term;дългосрочен
slow;бавен
contrast;контраст
zone;зона
wake;събуждам
airport;летище
brown;кафяво
shirt;риза
pilot;пилот
warn;предупреждавам
ultimately;в крайна сметка
cat;котка
contribution;принос
capacity;капацитет
ourselves;себе си
estate;имоти
guide;ръководство
circumstance;обстоятелство
snow;сняг
English;Английски
politician;политик
steal;крадат
pursue;преследвам
slip;приплъзване
percentage;процент
meat;месо
funny;забавен
neither;нито едното
soil;почва
surgery;операция
correct;правилно
Jewish;еврейски
blame;обвинявам
estimate;оценка
due;в следствие
basketball;баскетбол
golf;голф
investigate;разследвам
crazy;луд
significantly;значително
chain;верига
branch;клон
combination;комбинация
frequently;често
governor;Губернатор
relief;облекчение
user;потребител
dad;татко
kick;ритник
manner;начин
ancient;древен
silence;тишина
rating;рейтинг
golden;златист
motion;движение
German;Немски
gender;пол
solve;решавам
fee;такса
landscape;пейзаж
used;използвани
bowl;купа
equal;равен
forth;напред
frame;кадър
typical;типичен
except;с изключение
conservative;консервативен
eliminate;елиминирам
host;домакин
hall;зала
trust;Доверие
ocean;океан
row;ред
producer;продуцент
afford;си позволявам
meanwhile;междувременно
regime;режим
division;разделение
confirm;потвърди
fix;поправя
appeal;обжалване
mirror;огледало
tooth;зъб
smart;умен
length;дължина
entirely;изцяло
rely;разчитам
topic;тема
complain;оплакват
variable;променлива
telephone;телефон
perception;възприятие
attract;привличам
confidence;увереност
bedroom;спалня
secret;тайна
debt;дълг
rare;редки
tank;резервоар
nurse;медицинска сестра
coverage;покритие
opposition;опозиция
aside;настрана
anywhere;навсякъде
bond;връзка
pleasure;удоволствие
master;майстор
era;ера
requirement;изискване
fun;забавление
expectation;очакване
wing;крило
separate;отделно
somewhat;до известна степен
pour;за
stir;разбъркайте
judgment;преценка
beer;Бира
reference;справка
tear;късам
doubt;съмнение
grant;грант
seriously;сериозно
minister;министър
totally;напълно
hero;герой
industrial;индустриален
cloud;облак
stretch;опъвам, разтягам
winner;победител
volume;сила на звука
seed;семе
surprised;изненадан
fashion;мода
pepper;пипер
busy;зает
intervention;интервенция
copy;копие
tip;бакшиш
cheap;евтино
aim;цел
cite;цитирам
welfare;благосъстояние
vegetable;зеленчук
gray;сиво
dish;чиния
beach;плаж
improvement;подобрение
everywhere;навсякъде
opening;отваряне
overall;като цяло
divide;разделям
initial;начален
terrible;ужасно
oppose;противопоставят се
contemporary;съвременен
route;маршрут
multiple;многократни
essential;съществено значение
league;лига
criminal;престъпник
careful;внимателен
core;сърцевина
upper;горен
rush;втурвам се
necessarily;непременно
specifically;специално
tired;уморен
employ;наема
holiday;празник
vast;огромен
resolution;резолюция
household;домакинство
fewer;по-малко
abortion;аборт
apart;на части
witness;свидетел
match;съвпада
barely;едва
sector;сектор
representative;Представител
beneath;отдолу
beside;до
incident;инцидент
limited;ограничен
proud;горд
flow;поток
faculty;факултет
increased;увеличена
waste;отпадъци
merely;просто
mass;маса
emphasize;подчертавам
experiment;експеримент
definitely;определено
bomb;бомба
enormous;огромен
tone;тон
liberal;либерален
massive;масивна
engineer;инженер
wheel;колело
decline;упадък
invest;инвестирам
cable;кабел
towards;към
expose;излагам
rural;селски
AIDS;СПИН
Jew;Или
narrow;тесни
cream;сметана
secretary;секретар
gate;порта
solid;твърдо
hill;хълм
typically;обикновено
noise;шум
grass;трева
unfortunately;за жалост
hat;Има
legislation;законодателство
succeed;успявам
celebrate;празнувам
achievement;постижение
fishing;риболов
accuse;обвинявам
useful;полезен
reject;отхвърлям
talent;талант
taste;вкус
characteristic;Характеристика
milk;мляко
escape;бягство
cast;гласове
sentence;изречение
unusual;необичайно
closely;отблизо
convince;убеждавам
height;височина
physician;лекар
assess;оценявам
plenty;много
virtually;виртуално
addition;допълнение
sharp;остър
creative;творчески
lower;нисък
approve;одобрявам
explanation;обяснение
gay;гей
campus;кампус
proper;правилно
guilty;виновен
acquire;придобивам
compete;състезавам се
technical;технически
plus;плюс
immigrant;имигрант
weak;слаб
illegal;незаконно
hi;здрасти
alternative;алтернатива
interaction;взаимодействие
column;колона
personality;личност
signal;сигнал
curriculum;учебна програма
honor;чест
passenger;пътник
assistance;помощ
forever;завинаги
regard;отношение
Israeli;израелски
association;асоциация
twenty;двадесет
knock;чукам
wrap;обвивам
lab;лаборатория
display;дисплей
criticism;критика
asset;актив
depression;депресия
spiritual;духовен
musical;музикален
journalist;журналист
prayer;молитва
suspect;заподозрян
scholar;учен
warning;внимание
climate;климат
cheese;сирене
observation;наблюдение
childhood;детство
payment;плащане
sir;господине
permit;разрешително
cigarette;цигара
definition;определение
priority;приоритет
bread;хляб
creation;създаване
graduate;завършвам
request;искане
emotion;емоция
scream;вик
dramatic;драматичен
universe;вселена
gap;празнина
excellent;отлично
deeply;дълбоко
prosecutor;прокурор
lucky;късметлия
drag;плъзнете
airline;авиокомпания
library;библиотека
agenda;дневен ред
recover;възстанови се
factory;фабрика
selection;селекция
primarily;преди всичко
roof;покрив
unable;неспособен
expense;разход
initiative;инициативност
diet;диета
arrest;арестуване
funding;финансиране
therapy;терапия
wash;мия
schedule;график
sad;тъжен
brief;кратко
housing;жилища
post;пост
purchase;покупка
existing;съществуващ
steel;стомана
regarding;относно
shout;викам
remaining;оставащи
visual;визуален
fairly;справедливо
chip;чип
violent;насилствен
silent;безшумен
suppose;предполагам
self;себе си
bike;велосипед
tea;чай
perceive;възприемам
comparison;сравнение
settlement;селище
layer;слой
planning;планиране
description;описание
slide;пързалка
widely;широко
wedding;сватба
inform;информирам
portion;порция
territory;територия
immediate;незабавно
opponent;опонент
abandon;изоставям
lake;езеро
transform;трансформирам
tension;напрежение
leading;водещи
bother;притеснявам
consist;състоя се
alcohol;алкохол
enable;активирайте
bend;извивам
saving;спестяване
desert;пустинен
shall;ще
error;грешка
cop;ченге
Arab;арабски
double;двойно
sand;пясък
Spanish;испански
print;печат
preserve;запазвам
passage;пасаж
formal;формален
transition;преход
existence;съществуване
album;албум
participation;участие
arrange;подредете
atmosphere;атмосфера
joint;става
reply;отговор
cycle;цикъл
opposite;противоположност
lock;ключалка
deserve;заслужават
consistent;последователен
resistance;съпротива
discovery;откритие
exposure;излагане
pose;поза
stream;поток
sale;продажба
pot;гърне
grand;грандиозен
mine;моята
hello;Здравейте
coalition;коалиция
tale;приказка
knife;нож
resolve;разрешавам
racial;расов
phase;фаза
joke;шега
coat;палто
Mexican;мексикански
symptom;симптом
manufacturer;производител
philosophy;философия
potato;картофи
foundation;фондация
quote;цитат
online;онлайн
negotiation;договаряне
urge;порив
occasion;повод
dust;прах
breathe;дишам
elect;избирам
investigator;следовател
jacket;яке
glad;радвам се
ordinary;обикновени
reduction;намаляване
rarely;Рядко
pack;опаковка
suicide;самоубийство
numerous;многобройни
substance;вещество
discipline;дисциплина
elsewhere;другаде
iron;желязо
practical;практичен
moreover;освен това
passion;страст
volunteer;доброволец
implement;изпълнявам
essentially;по същество
gene;ген
enforcement;принудително изпълнение
vs;срещу
sauce;сос
independence;независимост
marketing;маркетинг
priest;свещеник
amazing;невероятно
intense;интензивен
advance;аванс
employer;работодател
shock;шок
inspire;вдъхновяват
adjust;коригирайте
retire;пенсионирам
visible;видими
kiss;целувка
illness;болест
cap;шапка с козирка
habit;навик
competitive;конкурентни
juice;сок
congressional;конгресен
involvement;участие
dominate;упражнявам контрол
previously;преди това
whenever;когато и да е
transfer;трансфер
analyze;анализирам
attach;прикачвам
disaster;бедствие
parking;паркинг
prospect;перспектива
boss;шеф
complaint;оплакване
championship;шампионат
fundamental;фундаментален
severe;тежка
enhance;подобрявам
mystery;мистерия
impose;налагам
poverty;бедност
entry;влизане
spending;разходи
king;крал
evaluate;оценявам
symbol;символ
maker;производител
mood;настроение
accomplish;постигне
emphasis;акцент
illustrate;илюстрирам
boot;обувка
monitor;монитор
Asian;азиатски
entertainment;забавление
bean;боб
evaluation;оценка
creature;създание
commander;командир
digital;дигитален
arrangement;подреждане
concentrate;концентрат
usual;обичайно
anger;гняв
psychological;психологически
heavily;силно
peak;връх
approximately;приблизително
increasing;повишаване на
disorder;разстройство
missile;ракета
equally;по равно
vary;варират
wire;тел
round;кръгъл
distribution;разпространение
transportation;транспорт
holy;свят
twin;близнак
command;команда
commission;комисионна
interpretation;интерпретация
breakfast;закуска
strongly;силно
engineering;инженерство
luck;късмет
so-called;т.нар
constant;постоянен
clinic;клиника
veteran;ветеран
smell;миризма
tablespoon;супена лъжица
capable;способен
nervous;нервен
tourist;турист
toss;хвърлям
crucial;от решаващо значение
bury;погребвам
pray;молете се
tomato;домат
exception;изключение
butter;масло
deficit;дефицит
bathroom;баня
objective;обективен
electronic;електронен
ally;съюзник
journey;пътуване
reputation;репутация
mixture;смес
surely;със сигурност
tower;кула
smoke;дим
confront;изправи срещу
pure;чисто
glance;поглед
dimension;измерение
toy;играчка
prisoner;затворник
fellow;Колега
smooth;гладка
nearby;наблизо
peer;връстник
designer;дизайнер
personnel;персонал
educator;възпитател
relative;роднина
immigration;имиграция
belt;колан
teaspoon;чаена лъжичка
birthday;рожден ден
implication;внушение
perfectly;перфектно
coast;бряг
supporter;поддръжник
accompany;придружавам
silver;сребро
teenager;тийнейджър
recognition;разпознаване
retirement;пенсиониране
flag;знаме
recovery;възстановяване
whisper;прошепвам
gentleman;джентълмен
corn;царевица
moon;луна
inner;атрешна
junior;младши
throat;гърлото
salary;заплата
swing;люлка
observer;наблюдател
publication;публикация
crop;реколта
dig;ти
permanent;постоянен
phenomenon;явление
anxiety;безпокойство
unlike;за разлика от
wet;мокър
literally;буквално
resist;противопоставям се
convention;конвенция
embrace;прегръщам
assist;подпомагам
exhibition;изложба
construct;конструирам
viewer;зрител
pan;тиган
consultant;консултант
administrator;администратор
occasionally;понякога
mayor;кмет
consideration;разглеждане
CEO;изпълнителен директор
secure;сигурен
pink;розово
buck;долар
historic;исторически
poem;стихотворение
grandmother;баба
bind;обвързвам
fifth;пети
constantly;постоянно
enterprise;предприятие
favor;услуга
testing;тестване
stomach;стомаха
apparent;очевидно
weigh;претеглям
install;Инсталирай
sensitive;чувствителен
suggestion;внушение
mail;поща
recipe;рецепта
reasonable;разумен
preparation;подготовка
wooden;дървена
elementary;елементарен
concert;концерт
aggressive;агресивен
FALSE;НЕВЯРНО
intention;намерение
channel;канал
extreme;екстремни
tube;тръба
drawing;рисунка
protein;протеин
quit;напуснете
absence;отсъствие
Latin;латински
rapidly;бързо
jail;затвор
diversity;разнообразие
honest;честен
Palestinian;палестински
pace;темпо
employment;назначаване на работа
speaker;говорител
impression;впечатление
essay;есе
respondent;респондент
giant;гигант
cake;торта
historian;историк
negotiate;преговарям
restore;Възстанови
substantial;съществено
pop;поп
specialist;специалист
origin;произход
approval;одобрение
quietly;тихо
advise;съветвам
conventional;конвенционален
depth;дълбочина
wealth;богатство
disability;увреждане
shell;черупка
criticize;критикувам
effectively;ефективно
biological;биологични
onion;лук
deputy;депутат
flat;апартамент
brand;марка
assure;уверявам
mad;луд
award;награда
criteria;критерии
dealer;дилър
via;чрез
utility;полезност
precisely;точно
arise;възникват
armed;въоръжен
nevertheless;въпреки това
highway;магистрала
clinical;клинични
routine;рутина
wage;заплата
normally;нормално
phrase;фраза
ingredient;съставка
stake;залог
Muslim;мюсюлманин
fiber;фибри
activist;активист
Islamic;ислямски
snap;щракам
terrorism;тероризъм
refugee;бежанец
incorporate;включвам
hip;хип
ultimate;крайна
switch;превключвател
corporation;корпорация
valuable;ценен
assumption;предположение
gear;съоръжения
barrier;бариера
minor;незначителен
provision;осигуряване
killer;убиец
assign;възлагам
gang;банда
developing;развиващи се
classic;класически
chemical;химически
label;етикет
teen;тийнейджър
index;индекс
vacation;ваканция
advocate;адвокат
draft;чернова
extraordinary;извънредно
heaven;рая
rough;груб
yell;крещи
pregnant;бременна
distant;отдалечен
drama;драма
satellite;сателит
personally;лично
clock;часовник
chocolate;шоколад
Italian;Италиански
Canadian;канадски
ceiling;таван
sweep;помете
advertising;реклама
universal;универсален
spin;завъртане
button;бутон
bell;звънец
rank;ранг
darkness;тъмнина
clothing;облекло
super;супер
yield;добив
fence;ограда
portrait;портрет
survival;оцеляване
roughly;приблизително
lawsuit;съдебен процес
testimony;свидетелство
bunch;куп
found;намерени
burden;бреме
react;реагират
chamber;камера
furniture;мебели
cooperation;сътрудничество
string;низ
ceremony;церемония
communicate;общуват
cheek;буза
lost;изгубен
profile;профил
mechanism;механизъм
disagree;не съм съгласен
penalty;дузпа
ie;т.е
resort;курорт
destruction;унищожаване
unlikely;малко вероятно
tissue;тъкан
constitutional;конституционен
pant;пъхтя
stranger;непознат
infection;инфекция
cabinet;кабинет
broken;счупен
apple;ябълка
electric;електрически
proceed;продължете
bet;но
literary;литературен
virus;вирус
stupid;глупав
dispute;спор
fortune;състояние
strategic;стратегически
assistant;асистент
overcome;преодолявам
remarkable;забележително
occupy;заемат
statistics;статистика
shopping;пазаруване
cousin;братовчед
encounter;сблъскване
wipe;избършете
initially;първоначално
blind;сляп
port;порт
electricity;електричество
genetic;генетични
adviser;съветник
spokesman;говорител
retain;запазвам
latter;последно
incentive;стимул
slave;роб
translate;превеждам
accurate;точен
whereas;като има предвид, че
terror;терор
expansion;разширение
elite;елит
Olympic;олимпийски
dirt;мръсотия
odd;странно
rice;ориз
bullet;куршум
tight;стегнати
Bible;Библия
chart;графика
solar;слънчева
square;квадрат
concentration;концентрация
complicated;сложно
gently;нежно
champion;шампион
scenario;сценарий
telescope;телескоп
reflection;отражение
revolution;революция
strip;Лента
interpret;тълкувам
friendly;приятелски настроен
tournament;турнир
fiction;измислица
detect;откривам
tremendous;огромен
lifetime;живот
recommendation;препоръка
senator;сенатор
hunting;на лов
salad;салата
guarantee;гаранция
innocent;невинен
boundary;граница
pause;пауза
remote;дистанционно
satisfaction;удовлетворение
journal;дневник
bench;пейка
lover;любовник
raw;суров
awareness;осъзнаване
surprising;изненадващо
withdraw;оттегляне
deck;палуба
similarly;по същия начин
newly;наскоро
pole;няма
testify;свидетелствам
mode;режим
dialogue;диалог
imply;предполагат
naturally;естествено
mutual;взаимно
founder;основател
advanced;напреднал
pride;гордост
dismiss;уволнявам
aircraft;самолет
delivery;доставка
mainly;главно
bake;печете
freeze;замразяване
platform;платформа
finance;финанси
sink;мивка
attractive;атрактивен
diverse;разнообразни
relevant;релевантни
ideal;идеален
joy;радост
regularly;редовно
working;работещ
singer;певица
evolve;развивам се
shooting;стрелба
partly;частично
unknown;неизвестен
offense;нарушение
counter;брояч
DNA;ДНК
potentially;потенциално
thirty;тридесет
justify;оправдавам
protest;протестирам
crash;катастрофа
craft;правя
treaty;договор
terrorist;терорист
insight;прозрение
possess;притежавам
politically;политически
tap;докоснете
extensive;обширен
episode;епизод
swim;плувам
tire;автомобилна гума
fault;грешка
loose;разхлабен
shortly;скоро
originally;първоначално
considerable;значителен
prior;предварителен
intellectual;интелектуален
assault;нападение
relax;отпуснете се
stair;стълбище
adventure;приключение
external;външен
proof;доказателство
confident;уверен
headquarters;централно управление
sudden;внезапно
dirty;мръсен
violation;нарушение
tongue;език
license;Разрешително
shelter;подслон
rub;търкайте
controversy;полемика
entrance;вход
properly;правилно
fade;избледняват
defensive;отбранителен
tragedy;трагедия
net;нето
characterize;характеризират
funeral;погребение
profession;професия
alter;променям
constitute;представляват
establishment;заведение
squeeze;стискам
imagination;въображение
mask;маска
convert;преобразувам
comprehensive;изчерпателна
prominent;виден
presentation;представяне
regardless;независимо от това
load;натоварване
stable;стабилен
introduction;Въведение
pretend;преструвам се
elderly;възрастен
representation;представителство
deer;елен
split;разделяне
violate;нарушавам
partnership;партньорство
pollution;замърсяване
emission;емисия
steady;стабилен
vital;жизненоважен
fate;съдба
earnings;печалби
oven;фурна
distinction;разграничение
segment;сегмент
nowhere;никъде
poet;поет
mere;Повече ▼
exciting;вълнуващо
variation;вариация
comfort;комфорт
radical;радикален
adapt;адаптирам се
Irish;ирландски
honey;пчелен мед
correspondent;кореспондент
pale;Блед
musician;музикант
significance;значимост
vessel;съд
storage;съхранение
flee;бягам
mm-hmm;мм-хмм
leather;Кожа
distribute;разпространявам
evolution;еволюция
ill;аз ще
tribe;племе
shelf;рафт
grandfather;дядо
lawn;морава
buyer;купувач
dining;хранене
wisdom;мъдрост
council;съвет
vulnerable;уязвими
instance;инстанция
garlic;чесън
capability;способност
poetry;поезия
celebrity;знаменитост
gradually;постепенно
stability;стабилност
fantasy;фантазия
scared;уплашен
plot;парцел
framework;рамка
gesture;жест
depending;в зависимост
ongoing;продължава
psychology;психология
counselor;съветник
chapter;глава
divorce;развод
owe;дължа
pipe;тръба
athletic;атлетичен
slight;лек
math;математика
shade;сянка
tail;опашка
sustain;поддържам
mount;монтиране
obligation;задължение
angle;ъгъл
palm;длан
differ;различават
custom;персонализиран
economist;икономист
fifteen;петнадесет
soup;супа
celebration;празненство
efficient;ефикасен
composition;състав
satisfy;задоволяват
pile;купчина
briefly;накратко
carbon;въглерод
closer;по близо
consume;консумират
scheme;схема
crack;пукнатина
frequency;честота
tobacco;тютюн
survivor;оцелял
besides;Освен това
psychologist;психолог
wealthy;богат
galaxy;галактика
given;дадено
ski;ски
limitation;ограничение
trace;следа
appointment;назначаване
preference;предпочитание
meter;метър
explosion;експлозия
publicly;публично
incredible;невероятен
fighter;боец
rapid;бърз
admission;допускане
hunter;ловец
educate;образоват
painful;болезнено
friendship;приятелство
aide;помощник
infant;кърмаче
calculate;изчисли
fifty;петдесет
rid;отървавам се
porch;веранда
tendency;тенденция
uniform;униформа
formation;образуване
scholarship;стипендия
reservation;резервация
efficiency;ефективност
qualify;квалифицирам
mall;търговски център
derive;извличам
scandal;скандал
PC;настолен компютър
helpful;полезно
impress;впечатлявам
heel;всичко
resemble;приличат
privacy;поверителност
fabric;плат
contest;състезание
proportion;пропорция
guideline;насока
rifle;пушка
maintenance;поддръжка
conviction;убеждение
trick;трик
organic;органични
tent;палатка
examination;Преглед
publisher;издател
strengthen;укрепвам
proposed;предложено
myth;мит
sophisticated;сложен
cow;крава
etc;и т.н
standing;стоящ
asleep;заспал
tennis;тенис
nerve;нерв
barrel;барел
bombing;бомбардировка
membership;членство
ratio;съотношение
menu;меню
controversial;спорен
desperate;отчаян
lifestyle;начин на живот
humor;хумор
loud;силен
glove;ръкавица
sufficient;достатъчно
narrative;разказ
photographer;фотограф
helicopter;хеликоптер
modest;скромен
provider;доставчик
delay;забавяне
agricultural;земеделски
explode;експлодирам
stroke;удар
scope;обхват
punishment;наказание
handful;шепа
badly;зле
horizon;хоризонт
curious;любопитен
downtown;в центъра
girlfriend;приятелка
prompt;подкана
cholesterol;холестерол
absorb;абсорбирам
adjustment;корекция
taxpayer;данъкоплатец
eager;нетърпелив
principal;главница
detailed;подробно
motivation;мотивация
assignment;задание
restriction;ограничение
laboratory;лаборатория
workshop;работилница
differently;различно
auto;Автоматичен
romantic;романтичен
cotton;памук
motor;мотор
sue;съдя
flavor;вкус
overlook;пренебрегвам
float;плавам
undergo;подлагам се
sequence;последователност
demonstration;демонстрация
jet;струя
orange;оранжево
consumption;консумация
assert;твърдят
blade;острие
temporary;временно
medication;лекарства
cabin;кабина
bite;хапя
edition;редактиране
valley;долина
yours;твоя
pitch;стъпка
pine;бор
brilliant;брилянтен
versus;срещу
manufacturing;производство
absolute;абсолютен
chef;готвач
discrimination;дискриминация
offensive;обидно
boom;бум
register;регистрирам
appoint;назначавам
heritage;наследство
God;Бог
dominant;доминантен
successfully;успешно
shit;мамка му
lemon;лимон
hungry;гладен
wander;скитам се
submit;Изпращане
economics;икономика
naked;гол
anticipate;предвиждам
nut;гайка
legacy;наследство
extension;разширение
shrug;сви рамене
battery;батерия
arrival;пристигане
legitimate;легитимен
orientation;ориентация
inflation;инфлация
cope;справя се
flame;пламък
cluster;клъстер
wound;рана
dependent;зависим
shower;душ
institutional;институционален
depict;изобразяват
operating;опериращ
flesh;плът
garage;гараж
operator;оператор
instructor;инструктор
collapse;колапс
borrow;взимам на заем
furthermore;освен това
comedy;комедия
mortgage;ипотека
sanction;санкция
civilian;граждански
twelve;дванадесет
weekly;седмично
habitat;среда на живот
grain;зърно
brush;четка
consciousness;съзнание
devote;посвещавам
measurement;измерване
province;провинция
ease;лекота
seize;изземвам
ethics;етика
nomination;номинация
permission;разрешение
wise;мъдър
actress;актриса
summit;връх
acid;киселина
odds;коефициенти
gifted;надарен
frustration;разочарование
medium;среден
physically;физически
distinguish;различавам
shore;бряг
repeatedly;многократно
lung;бял дроб
running;бягане
distinct;различен
artistic;артистичен
discourse;дискурс
basket;кошница
ah;ах
fighting;борба
impressive;впечатляващо
competitor;състезател
ugly;грозен
worried;притеснен
portray;изобразявам
powder;прах
ghost;призрак
persuade;убеждавам
moderate;умерено
subsequent;последващи
continued;продължи
cookie;бисквитка
carrier;носител
cooking;готвене
frequent;често срещан
ban;забрана
awful;ужасно
admire;възхищавам се
pet;домашен любимец
miracle;чудо
exceed;надхвърлям
rhythm;ритъм
widespread;широко разпространен
killing;убиване
lovely;прекрасно
sin;грях
charity;благотворителност
script;сценарий
tactic;тактика
identification;идентифициране
transformation;трансформация
everyday;всеки ден
headline;заглавие
venture;начинание
invasion;инвазия
nonetheless;въпреки това
adequate;адекватен
piano;пиано
grocery;бакалия
intensity;интензивност
exhibit;експонат
blanket;одеяло
margin;марж
quarterback;защитник
mouse;мишка
rope;въже
concrete;бетон
prescription;рецепта
African-American;Афроамериканец
chase;гонитба
brick;тухла
recruit;набирам
patch;пластир
consensus;консенсус
horror;ужас
recording;записване
changing;промяна
painter;художник
colonial;колониален
pie;при
sake;саке
gaze;поглед
courage;кураж
pregnancy;бременност
swear;Закълни се
defeat;поражение
clue;улика
reinforce;подсилвам
confusion;объркване
slice;парче
occupation;професия
dear;скъпа
coal;въглища
sacred;свещен
formula;формула
cognitive;когнитивен
collective;колективен
exact;точно
uncle;чичо
captain;капитан
sigh;въздишка
attribute;атрибут
dare;осмелявам се
homeless;бездомен
gallery;галерия
soccer;футбол
defendant;ответник
tunnel;тунел
fitness;фитнес
lap;обиколка
grave;гроб
toe;тогава
container;контейнер
virtue;добродетелта
abroad;в чужбина
architect;архитект
dramatically;драматично
makeup;грим
inquiry;разследване
rose;роза
surprisingly;изненадващо
highlight;подчертайте
decrease;намаляване
indication;индикация
rail;релса
anniversary;годишнина
couch;диван
alliance;съюз
hypothesis;хипотеза
boyfriend;гадже
compose;композирайте
mess;бъркотия
legend;легенда
regulate;регулират
adolescent;юноша
shine;блясък
norm;норма
upset;разстроен
remark;Забележка
resign;оставка
reward;награда
gentle;лек
related;свързани
organ;орган
lightly;леко
concerning;относно
invent;измислям
laughter;смях
northwest;Северозападна
counseling;консултиране
receiver;приемник
ritual;ритуал
insect;насекомо
interrupt;прекъсвам
salmon;сьомга
trading;търговия
magic;магия
superior;превъзхождащ
combat;битка
stem;стъбло
surgeon;хирург
acceptable;приемливо
physics;физика
rape;изнасилване
counsel;съветник
jeans;дънки
hunt;ловувам
continuous;непрекъснато
log;дневник
echo;ехо
pill;хапче
excited;развълнуван
sculpture;скулптура
compound;съединение
integrate;интегрирам
flour;брашно
bitter;горчив
bare;просто
slope;наклон
rent;под наем
presidency;президентство
serving;сервиране
subtle;фин
greatly;значително
bishop;епископ
drinking;пиене
acceptance;приемане
pump;помпа
candy;бонбони
evil;зло
pleased;доволен
medal;медал
beg;помолвам
sponsor;спонсор
ethical;етичен
secondary;втори
slam;затръшвам
export;износ
experimental;експериментален
melt;стопявам
midnight;полунощ
curve;крива
integrity;интегритет
entitle;право
evident;очевидно
logic;логика
essence;същност
exclude;изключвам
harsh;суров
closet;дрешник
suburban;крайградски
greet;поздравявам
interior;интериор
corridor;коридор
retail;на дребно
pitcher;стомна
march;Март
snake;змия
excuse;извинение
weakness;слабост
pig;прасе
classical;класически
estimated;оценени
T-shirt;тениска
unemployment;безработица
civilization;цивилизация
fold;гънка
reverse;обратен
missing;липсва
correlation;корелация
humanity;човечеството
flash;светкавица
developer;разработчик
reliable;надежден
excitement;вълнение
beef;говеждо месо
Islam;ислям
Roman;римски
architecture;архитектура
occasional;от време на време
administrative;административен
elbow;лакът
deadly;смъртоносен
Hispanic;испанец
allegation;твърдение
confuse;обърквам
airplane;самолет
monthly;месечно
duck;патица
dose;доза
Korean;корейски
plead;пледирам
initiate;инициирам
lecture;лекция
van;от
sixth;шесто
bay;залив
mainstream;мейнстрийм
suburb;предградие
sandwich;сандвич
trunk;багажник
rumor;слух
implementation;изпълнение
swallow;поглъщам
motivate;мотивирам
render;изобразявам
longtime;дълго време
trap;капан
restrict;ограничавам
cloth;плат
seemingly;привидно
legislative;законодателна
effectiveness;ефикасност
enforce;налагам
lens;лещи
inspector;инспектор
lend;заемаш
plain;обикновена
fraud;измама
companion;спътник
contend;споря
nail;пирон
array;масив
strict;строг
assemble;сглобявам
frankly;честно казано
rat;плъх
hay;хубаво
hallway;коридор
cave;пещера
inevitable;неизбежно
southwest;югозапад
monster;чудовище
unexpected;неочаквано
obstacle;пречка
facilitate;улеснявам
rip;Почивай в мир
herb;билка
overwhelming;поразителен
integration;интеграция
crystal;кристал
recession;рецесия
written;написана
motive;мотив
flood;наводнение
pen;химилка
ownership;собственост
nightmare;кошмар
inspection;проверка
supervisor;ръководител
consult;консултирайте се
arena;арена
diagnosis;диагноза
possession;владение
forgive;прости
consistently;последователно
basement;мазе
drift;дрейф
drain;източване
prosecution;наказателно преследване
maximum;максимум
announcement;съобщение
warrior;войн
prediction;прогноза
bacteria;бактерии
questionnaire;въпросник
mud;кал
infrastructure;инфраструктура
hurry;побързайте
privilege;привилегия
temple;храм
outdoor;на открито
suck;смучат
and/or;и/или
broadcast;излъчване
re;повторно
leap;скок
random;случаен
wrist;китка на ръка
curtain;завеса
pond;езерце
domain;домейн
guilt;вина
cattle;говеда
walking;ходене
playoff;плейоф
minimum;минимум
fiscal;фискален
skirt;пола
dump;сметище
hence;следователно
database;база данни
uncomfortable;неудобно
execute;изпълни
limb;крайник
ideology;идеология
tune;мелодия
continuing;продължаване
harm;вреда
railroad;железопътна линия
endure;издържам
radiation;радиация
horn;рог
chronic;хроничен
peaceful;мирен
innovation;иновация
strain;щам
guitar;китара
replacement;замяна
behave;държа се
administer;администрирам
simultaneously;едновременно
dancer;танцьорка
amendment;изменение
pad;подложка
transmission;предаване
await;чакам
retired;пенсиониран
trigger;спусък
spill;разлив
grateful;благодарен
grace;благодат
virtual;виртуален
colony;колония
adoption;осиновяване
indigenous;местно население
closed;затворен
convict;осъден
towel;хавлиена кърпа
modify;променям
particle;частица
prize;награда
landing;кацане
boost;тласък
bat;един
alarm;аларма
festival;фестивал
grip;хватка
weird;странно
undermine;подкопавам
freshman;първокурсник
sweat;пот
outer;външен
drunk;пиян
separation;раздяла
traditionally;традиционно
govern;управлява
southeast;югоизток
intelligent;интелигентен
wherever;където и да е
ballot;гласуване
rhetoric;риторика
convinced;убеден
driving;шофиране
vitamin;витамин
enthusiasm;ентусиазъм
accommodate;настанявам
praise;хвала
injure;наранявам
wilderness;пустиня
endless;безкраен
mandate;мандат
respectively;съответно
uncertainty;несигурност
chaos;хаос
mechanical;механичен
canvas;платно
forty;четиридесет
lobby;лоби
profound;дълбоко
format;формат
trait;Характерна черта
currency;валута
turkey;пуйка
reserve;резерв
beam;лъч
astronomer;астроном
corruption;корупция
contractor;изпълнител
apologize;извинете се
doctrine;доктрина
genuine;истински
thumb;палец
unity;единство
compromise;компромис
horrible;ужасен
behavioral;поведенчески
exclusive;изключителен
scatter;разпръсквам
commonly;обикновено
convey;предавам
twist;усукване
complexity;сложност
fork;вилица
disk;диск
relieve;облекчавам
suspicion;подозрение
health-care;здравеопазване
residence;местожителство
shame;срам
meaningful;смислен
sidewalk;тротоар
Olympics;олимпиада
technological;технологичен
signature;подпис
pleasant;приятно
wow;Еха
suspend;спирам
rebel;бунтовник
frozen;замразени
spouse;съпруг
fluid;течност
pension;пенсия
resume;продължи
theoretical;теоретичен
sodium;натрий
promotion;повишение
delicate;деликатен
forehead;челото
rebuild;възстановявам
bounce;отскачане
electrical;електрически
hook;кука
detective;детектив
traveler;пътник
click;щракнете
compensation;компенсация
exit;изход
attraction;атракция
dedicate;посвещавам
altogether;като цяло
pickup;Вдигни
carve;издълбавам
needle;игла
belly;корема
scare;плаша
portfolio;портфолио
shuttle;совалка
invisible;невидим
timing;синхронизация
engagement;годеж
ankle;глезен
transaction;сделка
rescue;спасяване
counterpart;двойник
historically;исторически
firmly;твърдо
mild;лек
rider;ездач
doll;кукла
noon;по обяд
amid;сред
identical;идентичен
precise;прецизен
anxious;разтревожен, неспокоен
structural;структурен
residential;жилищен
diagnose;поставям диагноза
carbohydrate;въглехидрат
liberty;свобода
poster;постер
theology;теология
nonprofit;нестопанска цел
crawl;пълзене
oxygen;кислород
handsome;красив
sum;сума
provided;предоставени
businessman;бизнесмен
promising;обещаващ
conscious;в съзнание
determination;решителност
donor;донор
hers;нейната
pastor;пастор
jazz;джаз
opera;опера
acquisition;придобиване
pit;яма
hug;прегръдка
wildlife;дивата природа
punish;наказвам
equity;собствен капитал
doorway;врата
departure;заминаване
elevator;асансьор
teenage;тийнейджърски
guidance;напътствие
happiness;щастие
statue;статуя
pursuit;преследване
repair;ремонт
decent;приличен
gym;фитнес
oral;устно
clerk;чиновник
envelope;плик
reporting;отчитане
destination;дестинация
fist;юмрук
endorse;одобрявам
exploration;проучване
generous;щедър
bath;баня
thereby;по този начин
indicator;индикатор
sunlight;слънчева светлина
feedback;обратна връзка
spectrum;спектър
purple;лилаво
laser;лазер
bold;удебелен
reluctant;те се колебаят
starting;стартиране
expertise;експертиза
practically;практически
eating;храня се
hint;намек
sharply;рязко
parade;парад
realm;царство
cancel;анулиране
blend;смесвам
therapist;терапевт
peel;кора
pizza;пица
recipient;получател
hesitate;колебайте
flip;флип
accounting;счетоводство
bias;пристрастие
huh;хах
metaphor;метафора
candle;свещ
judicial;съдебно
entity;образувание
suffering;страдание
full-time;пълен работен ден
lamp;лампа
garbage;боклуци
servant;слуга
regulatory;регулаторен
diplomatic;дипломатически
elegant;елегантен
reception;рецепция
vanish;изчезват
automatically;автоматично
chin;брадичка
necessity;необходимост
confess;признавам си
racism;расизъм
starter;стартер
banking;банково дело
casual;случайни
gravity;земно притегляне
enroll;записвам се
diminish;намалявам
prevention;предотвратяване
minimize;минимизирам
chop;котлет
performer;изпълнител
intent;намерение
isolate;изолирайте
inventory;складова наличност
productive;продуктивен
assembly;монтаж
civic;граждански
silk;коприна
magnitude;величина
steep;стръмен
hostage;заложник
collector;колектор
popularity;популярност
alien;извънземно
dynamic;динамичен
scary;страшен
equation;уравнение
angel;ангел
offering;предлагане
rage;ярост
photography;фотография
toilet;тоалетна
disappointed;разочарован
precious;скъпоценен
prohibit;забранявам
realistic;реалистичен
hidden;скрит
tender;търг
gathering;събиране
outstanding;изключителен
stumble;препъване
lonely;самотен
automobile;автомобилен
artificial;изкуствени
dawn;зората
abstract;абстрактно
descend;слизам
silly;глупав
tide;прилив
shared;споделено
hopefully;да се надяваме
readily;с готовност
cooperate;сътрудничат
revolutionary;революционен
romance;романтика
hardware;хардуер
pillow;възглавница
kit;комплект
continent;континент
seal;тюлен
circuit;верига
ruling;управляващ
shortage;недостиг
annually;годишно
lately;напоследък
scan;сканиране
fool;глупак
deadline;краен срок
rear;отзад
processing;обработка
ranch;ранчо
coastal;крайбрежен
undertake;предприемам
softly;нежно
burning;парене
verbal;глаголен
tribal;племенен
ridiculous;нелепо
automatic;автоматичен
diamond;диамант
credibility;достоверност
import;импортиране
sexually;сексуално
divine;божествено
sentiment;настроения
cart;количка
oversee;надзиравам
o'clock;часа
elder;старейшина
pro;професионалист
inspiration;вдъхновение
Dutch;холандски
quantity;количество
trailer;ремарке
mate;смърт
Greek;Гръцки
genius;гений
monument;паметник
bid;предложение
quest;търсене
sacrifice;жертва
invitation;покана
accuracy;точност
juror;съдебен заседател
officially;официално
broker;брокер
treasure;съкровище
loyalty;лоялност
talented;талантлив
gasoline;бензин
stiff;скован
output;изход
nominee;номиниран
extended;удължен
diabetes;диабет
slap;шамар
toxic;токсичен
alleged;предполагаем
jaw;челюст
grief;скръб
mysterious;мистериозен
rocket;ракета
donate;дарявам
inmate;затворник
tackle;справи
dynamics;динамика
bow;лък
ours;нашият
dignity;достойнство
carpet;килим
parental;родителски
bubble;балон
buddy;приятелю
barn;хамбар
sword;меч
seventh;седмо
glory;слава
tightly;плътно
protective;защитен
tuck;затъквам
drum;барабан
faint;губя съзнание
queen;кралица
dilemma;дилема
input;вход
specialize;специализират
northeast;североизток
shallow;плитък
liability;отговорност
sail;плавам
merchant;търговец
stadium;стадион
improved;подобрен
bloody;кървав
associated;свързани
withdrawal;оттегляне
refrigerator;хладилник
nest;гнездо
thoroughly;старателно
lane;платно
ancestor;прародител
condemn;осъждам
steam;пара
accent;акцент
optimistic;оптимистичен
unite;обединяват се
cage;клетка
equip;оборудвам
shrimp;скариди
homeland;роден край
rack;багажник
costume;костюм
wolf;вълк
courtroom;съдебна зала
statute;устав
cartoon;карикатура
productivity;производителност
grin;усмивка
symbolic;символичен
bug;буболечка
bless;благославям
aunt;леля
agriculture;селско стопанство
hostile;враждебен
conceive;зачевам
combined;комбинирани
instantly;моментално
bankruptcy;фалит
vaccine;ваксина
bonus;бонус
collaboration;сътрудничество
mixed;смесен
opposed;противопоставени
orbit;орбита
grasp;хващам
patience;търпение
spite;злоба
tropical;тропически
voting;гласуване
patrol;патрул
willingness;желание
revelation;откровение
calm;спокоен
jewelry;бижута
Cuban;кубински
haul;теглене
concede;признавам
wagon;вагон
afterward;после
spectacular;грандиозен
ruin;разруха
sheer;чист
immune;имунен
reliability;надеждност
ass;е
alongside;наред
bush;храст
exotic;екзотично
fascinating;очарователно
clip;клип
thigh;бедро
bull;бик
drawer;чекмедже
sheep;овце
discourage;обезкуражавам
coordinator;координатор
ideological;идеологически
runner;бегач
secular;светски
intimate;интимен
empire;империя
cab;такси
exam;изпит
documentary;документален филм
neutral;неутрален
biology;биология
flexible;гъвкав
progressive;прогресивен
web;уеб
conspiracy;конспирация
casualty;пострадал
republic;република
execution;екзекуция
terrific;страхотно
whale;кит
functional;функционален
instinct;инстинкт
teammate;съотборник
aluminum;алуминий
whoever;който и да е
ministry;министерство
verdict;присъда
instruct;инструктирам
skull;череп
self-esteem;самочувствие
cooperative;кооперативен
manipulate;манипулират
bee;пчела
practitioner;практик
loop;цикъл
edit;редактиране
whip;камшик
puzzle;пъзел
mushroom;гъба
subsidy;субсидия
boil;кипене
tragic;трагичен
mathematics;математика
mechanic;механик
jar;буркан
earthquake;земетресение
pork;свинско
creativity;креативност
safely;безопасно
underlying;лежащ в основата
dessert;десерт
sympathy;съчувствие
fisherman;рибар
incredibly;невероятно
isolation;изолация
sock;чорап
eleven;единадесет
sexy;секси
entrepreneur;предприемач
syndrome;синдром
bureau;бюро
workplace;работно място
ambition;амбиция
touchdown;тъчдаун
utilize;използвам
breeze;полъх
costly;скъпи
ambitious;амбициозен
Christianity;християнството
presumably;вероятно
influential;влиятелен
translation;превод
uncertain;несигурен
dissolve;разтварям
statistical;статистически
gut;червата
metropolitan;митрополит
rolling;валцуване
aesthetic;естетичен
spell;заклинание
insert;вмъкнете
booth;будка
helmet;каска
waist;талия
expected;очакван
lion;лъв
accomplishment;постижение
royal;кралски
panic;паника
crush;смачквам
actively;активно
cliff;скала
minimal;минимален
cord;шнур
fortunately;за щастие
cocaine;кокаин
illusion;илюзия
anonymous;анонимен
tolerate;толерирам
appreciation;признателност
commissioner;комисар
flexibility;гъвкавост
instructional;инструктаж
scramble;боричкане
casino;казино
tumor;тумор
decorate;украсяват
pulse;пулс
equivalent;еквивалентен
fixed;фиксирани
experienced;опитен
donation;дарение
diary;дневник
sibling;брат или сестра
irony;ирония
spoon;лъжица
midst;по средата
alley;алея
interact;взаимодействат
soap;сапун
cute;сладко
rival;съперник
short-term;краткосрочен
punch;удар
pin;карфица
hockey;хокей
passing;преминаване
persist;упорствам
supplier;доставчик
known;известен
momentum;импулс
purse;Портмоне
shed;навес
liquid;течност
icon;икона
elephant;слон
consequently;следователно
legislature;законодателна власт
franchise;франчайз
correctly;правилно
mentally;умствено
foster;приемен
bicycle;велосипед
encouraging;насърчаване
cheat;мамят
heal;лекувам
fever;висока температура
filter;филтър
rabbit;заек
coin;монета
exploit;експлоатация
accessible;достъпен
organism;организъм
sensation;усещане
partially;частично
upstairs;на горния етаж
dried;изсушени
conservation;запазване
shove;блъскам
backyard;заден двор
charter;харта
stove;печка
consent;съгласие
comprise;съдържат
reminder;напомняне
alike;подобни
placement;поставяне
dough;тесто
grandchild;внук
dam;язовир
reportedly;съобщава се
well-known;всеизвестен
surrounding;околните
ecological;екологичен
outfit;облекло
unprecedented;безпрецедентен
columnist;колумнист
workout;тренировка
preliminary;предварителен
patent;патент
shy;срамежлив
trash;боклук
disabled;хора с увреждания
gross;бруто
damn;по дяволите
hormone;хормон
texture;текстура
pencil;молив
frontier;граница
spray;спрей
disclose;разкривам
custody;попечителство
banker;банкер
beast;звяр
interfere;меся се
oak;дъб
eighth;осмо
notebook;тетрадка
outline;контур
attendance;посещаемост
speculation;спекулация
uncover;разкривам
behalf;от името
innovative;иновативен
shark;акула
mill;мелница
installation;инсталация
stimulate;стимулират
tag;етикет
vertical;вертикален
swimming;плуване
fleet;флота
catalog;каталог
outsider;аутсайдер
desperately;отчаяно
stance;позиция
compel;принуждавам
sensitivity;чувствителност
someday;някой ден
instant;моментално
debut;дебют
proclaim;провъзгласявам
worldwide;в световен мащаб
hike;поход
required;изисква се
confrontation;конфронтация
colorful;цветен
constitution;конституция
trainer;треньор
Thanksgiving;Денят на благодарността
scent;аромат
stack;стек
eyebrow;вежда
sack;чувал
cease;престанете
inherit;ти наследяваш
tray;тава
pioneer;пионер
organizational;организационни
textbook;учебник
uh;ъъъ
nasty;гаден
shrink;свиване
emerging;възникващи
dot;точка
wheat;пшеница
fierce;свиреп
envision;предвиждам
rational;рационален
kingdom;царство
aisle;пътека
weaken;отслабвам
protocol;протокол
exclusively;единствено и само
vocal;вокал
marketplace;пазар
openly;открито
unfair;несправедлива
terrain;терен
deploy;разгърнете
risky;рисковано
pasta;паста
genre;жанр
distract;Разсейвам
merit;заслуга
planner;плановик
depressed;депресиран
chunk;парче
closest;най-близо
discount;отстъпка
ladder;стълба
jungle;джунгла
migration;миграция
breathing;дишане
invade;нахлувам
hurricane;ураган
retailer;търговец на дребно
classify;класифицирам
coup;преврат
ambassador;посланик
density;плътност
supportive;поддържащ
curiosity;любопитство
skip;пропуснете
aggression;агресия
stimulus;стимул
journalism;журналистика
robot;робот
dip;потапяне
likewise;по същия начин
informal;неофициален
Persian;персийски
feather;перо
sphere;сфера
tighten;затегне
boast;хваля се
pat;същото
perceived;възприеман
sole;подметка
publicity;публичност
unfold;разгънете
well-being;благополучие
validity;валидност
ecosystem;екосистема
strictly;строго
partial;частично
collar;яка
weed;плевел
compliance;съответствие
streak;ивица
supposedly;по общо мнение
added;добавен
builder;строител
glimpse;проблясък
premise;помещение
specialty;специалност
deem;считам
artifact;артефакт
sneak;промъквам се
monkey;маймуна
mentor;наставник
two-thirds;две трети
listener;слушател
lightning;мълния
legally;законно
sleeve;ръкав
disappointment;разочарование
disturb;безпокоя
rib;ребро
excessive;прекомерно
high-tech;висока технология
debris;отломки
rod;прът
logical;логично
ash;пепел
socially;социално
parish;енория
slavery;робство
blank;празно
commodity;стока
cure;лек
mineral;минерал
hunger;глад
dying;умиращ
developmental;развитие
faster;по-бързо
spare;резервен
halfway;наполовина
equality;равенство
cemetery;гробище
harassment;тормоз
deliberately;умишлено
fame;слава
regret;разкайвам се
striking;поразително
likelihood;вероятност
carrot;морков
atop;отгоре
toll;пътна такса
rim;джанта
embarrassed;смутен
fucking;шибан
cling;придържам
isolated;изолиран
blink;мигам
suspicious;подозрителен
wheelchair;инвалиден стол
squad;отряд
eligible;отговарящ на условията
processor;процесор
plunge;потопете се
demographic;демографски
chill;охладете се
refuge;убежище
steer;управлявам
legislator;законодател
rally;рали
programming;програмиране
cheer;веселие
outlet;изход
intact;непокътнати
vendor;продавач
thrive;процъфтявам
peanut;фъстък
chew;дъвча
elaborate;изчерпателно
conception;зачатие
auction;търг
steak;пържола
comply;спазвам
triumph;триумф
shareholder;акционер
comparable;сравними
transport;транспорт
conscience;съвест
calculation;изчисление
considerably;значително
interval;интервал
scratch;драскотина
awake;буден
jurisdiction;юрисдикция
inevitably;неизбежно
feminist;феминистка
constraint;ограничение
emotionally;емоционално
expedition;експедиция
allegedly;твърди се
similarity;сходство
butt;дупето
lid;капак
dumb;тъп
bulk;насипно състояние
sprinkle;поръсете
mortality;смъртност
philosophical;философски
conversion;преобразуване
patron;покровител
municipal;общински
liver;черен дроб
harmony;хармония
solely;единствено
tolerance;толерантност
goat;коза
blessing;благословение
banana;банан
palace;дворец
formerly;по-рано
peasant;селянин
neat;чист
grandparent;баба и дядо
lawmaker;законодател
supermarket;супермаркет
cruise;круиз
mobile;Подвижен
calendar;календар
widow;вдовица
deposit;депозит
beard;брада
brake;спирачка
screening;скрининг
impulse;импулс
forbid;забранявам
fur;кожа
brutal;брутален
predator;хищник
poke;мушкам
opt;избирам
voluntary;доброволен
valid;валиден
forum;форум
dancing;танцуване
happily;щастливо
soar;извисявам се
removal;отстраняване
autonomy;автономия
enact;постановявам
thread;резба
landmark;забележителност
unhappy;нещастен
offender;нарушител
coming;идва
privately;частно
fraction;фракция
distinctive;отличителен
tourism;туризъм
threshold;праг
routinely;рутинно
suite;апартамент
regulator;регулатор
straw;слама
theological;богословски
exhaust;ауспух
globe;земно кълбо
fragile;чуплив
objection;възражение
chemistry;химия
old-fashioned;старомоден
crowded;пренаселено
blast;взрив
prevail;преобладават
overnight;през нощта
denial;отказ
rental;отдаване под наем
fantastic;фантастично
fragment;фрагмент
screw;винт
warmth;топлина
undergraduate;бакалавър
headache;главоболие
policeman;полицай
projection;проекция
suitable;подходящ
graduation;абитуриентски
drill;пробивна машина
cruel;жесток
mansion;имение
grape;гроздов
authorize;упълномощавам
cottage;вила
driveway;алея
charm;чар
sexuality;сексуалност
loyal;лоялен
clay;глина
balloon;балон
invention;изобретение
ego;его
fare;Направи
homework;домашна работа
disc;диск
sofa;диван
availability;наличност
radar;радар
frown;намръщване
regain;възвръщам
sweater;пуловер
rehabilitation;рехабилитация
rubber;каучук
retreat;отстъпление
molecule;молекула
freely;свободно
favorable;благоприятен
steadily;стабилно
integrated;интегриран
ha;той има
youngster;младеж
premium;премия
accountability;отчетност
overwhelm;затрупвам
one-third;една трета
contemplate;съзерцавам
update;актуализация
spark;искра
ironically;иронично
fatigue;умора
speculate;спекулирам
marker;маркер
preach;проповядвам
bucket;кофа
blond;руса
confession;изповед
provoke;провокирам
marble;мрамор
substantially;по същество
defender;защитник
explicit;изрично
disturbing;обезпокоителен
surveillance;наблюдение
magnetic;магнитен
technician;техник
mutter;майка
devastating;опустошителен
depart;заминавам
arrow;стрелка
trauma;травма
neighboring;съседни
soak;накисвам
ribbon;панделка
meantime;междувременно
transmit;предавам
harvest;прибиране на реколтата
consecutive;последователен
coordinate;координирам
spy;шпионин
slot;слот
riot;бунт
nutrient;хранително вещество
citizenship;гражданство
severely;тежко
sovereignty;суверенитет
ridge;хребет
brave;смел
lighting;осветление
specify;посочете
contributor;сътрудник
frustrate;разочаровам
articulate;артикулиран
importantly;важното
transit;транзит
dense;плътен
seminar;семинар
electronics;електроника
sunny;слънчево
shorts;къси панталонки
swell;набъбвам
accusation;обвинение
soften;омекват
straighten;изправете
terribly;ужасно
cue;щека
bride;булка
biography;биография
hazard;опасност
compelling;завладяващ
seldom;рядко
tile;плочка
economically;икономически
honestly;честно казано
troubled;обезпокоен
twentieth;двадесети
balanced;балансиран
foreigner;чужденец
convenience;удобство
delight;наслада
weave;тъкат
timber;дървен материал
till;да се
accurately;точно
plea;апел
bulb;крушка
flying;летене
sustainable;устойчиви
devil;дявол
bolt;болт
cargo;товари
spine;гръбначен стълб
seller;продавач
skilled;квалифициран
managing;управление
marine;морски
dock;док
organized;организиран
fog;мъгла
diplomat;дипломат
boring;скучно е
sometime;някой път
summary;резюме
missionary;мисионерски
epidemic;епидемия
fatal;фатален
trim;подстригвам
warehouse;склад
accelerate;ускорявам
butterfly;пеперуда
bronze;бронз
drown;удавя се
inherent;присъщи
nationwide;в национален мащаб
spit;плюе
kneel;коленичи
vacuum;вакуум
selected;избрани
dictate;диктувам
