the;দ্য
and;এবং
have;আছে
that;যে
for;জন্য
you;আপনি
with;সঙ্গে
say;বল
this;এই
they;তারা
but;কিন্তু
his;তার
from;থেকে
not;না
she;সে
as;হিসাবে
what;কি
their;তাদের
can;করতে পারা
who;WHO
get;পাওয়া
would;হবে
her;তার
all;সব
make;করা
about;সম্পর্কিত
know;জানি
will;ইচ্ছাশক্তি
one;এক
time;সময়
there;সেখানে
year;বছর
think;মনে
when;কখন
which;যা
them;তাদের
some;কিছু
people;মানুষ
take;গ্রহণ করা
out;আউট
into;মধ্যে
just;শুধু
see;দেখা
him;তাকে
your;তোমার
come;আসা
could;পারে
now;এখন
than;চেয়ে
like;পছন্দ
other;অন্যান্য
how;কিভাবে
then;তারপর
its;এর
our;আমাদের
two;দুই
more;আরো
these;এইগুলো
want;চাই
way;উপায়
look;তাকান
first;প্রথম
also;এছাড়াও
new;নতুন
because;কারণ
day;দিন
use;ব্যবহার
man;মানুষ
find;অনুসন্ধান
here;এখানে
thing;জিনিস
give;দিতে
many;অনেক
well;আমরা হব
only;কেবল
those;সেগুলো
tell;বল
very;খুব
even;এমন কি
back;পেছনে
any;যেকোনো
good;ভাল
woman;মহিলা
through;মাধ্যম
life;জীবন
child;শিশু
work;কাজ
down;নিচে
may;হতে পারে
after;পরে
should;উচিত
call;কল
world;বিশ্ব
over;ওভার
school;বিদ্যালয়
still;এখনও
try;চেষ্টা করুন
last;শেষ
ask;জিজ্ঞাসা
need;প্রয়োজন
too;খুব
feel;অনুভব করা
three;তিন
state;অবস্থা
never;কখনই
become;হয়ে
between;মধ্যে
high;উচ্চ
really;সত্যিই
something;কিছু
most;সর্বাধিক
another;অন্য
much;অনেক
family;পরিবার
own;নিজস্ব
leave;ছেড়ে
put;রাখা
old;পুরাতন
while;যখন
mean;মানে
keep;রাখা
student;ছাত্র
why;কেন
let;দিন
great;মহান
same;একই
big;বিশাল
group;দল
begin;শুরু
seem;মনে হয়
country;দেশ
help;সাহায্য
talk;আলাপ
where;কোথায়
turn;পালা
problem;সমস্যা
every;প্রতি
start;শুরু
hand;হাত
might;হতে পারে
American;মার্কিন
show;প্রদর্শন
part;অংশ
against;বিরুদ্ধে
place;স্থান
such;যেমন
again;আবার
few;কিছু
case;মামলা
week;সপ্তাহ
company;প্রতিষ্ঠান
system;পদ্ধতি
each;প্রতিটি
right;অধিকার
program;কার্যক্রম
hear;শুনতে
question;প্রশ্ন
during;সময়
play;খেলা
government;সরকার
run;চালানো
small;ছোট
number;সংখ্যা
off;বন্ধ
always;সর্বদা
move;সরানো
night;রাত
live;লাইভ দেখান
Mr;জনাব
point;বিন্দু
believe;বিশ্বাস
hold;রাখা
today;আজ
bring;আনা
happen;ঘটবে
next;পরবর্তী
without;ছাড়া
before;আগে
large;বড়
million;মিলিয়ন
must;অবশ্যই
home;বাড়ি
under;অধীন
water;জল
room;রুম
write;লিখুন
mother;মা
area;এলাকা
national;জাতীয়
money;টাকা
story;গল্প
young;তরুণ
fact;সত্য
month;মাস
different;ভিন্ন
lot;অনেক
study;অধ্যয়ন
book;বই
eye;চোখ
job;চাকরি
word;শব্দ
though;যদিও
business;ব্যবসা
issue;সমস্যা
side;পক্ষ
kind;ধরনের
four;চার
head;মাথা
far;দূরে
black;কালো
long;দীর্ঘ
both;উভয়
little;সামান্য
house;গৃহ
yes;হ্যাঁ
since;থেকে
provide;প্রদান
service;সেবা
around;কাছাকাছি
friend;বন্ধু
important;গুরুত্বপূর্ণ
father;পিতা
sit;বসা
away;দূরে
until;পর্যন্ত
power;ক্ষমতা
hour;ঘন্টা
game;খেলা
often;প্রায়ই
yet;এখনো
line;লাইন
political;রাজনৈতিক
end;শেষ
among;মধ্যে
ever;কখনও
stand;দাঁড়ানো
bad;খারাপ
lose;হারান
however;যাহোক
member;সদস্য
pay;বেতন
law;আইন
meet;সম্মেলন
car;গাড়ী
city;শহর
almost;প্রায়
include;অন্তর্ভুক্ত
continue;চালিয়ে যান
set;সেট
later;পরে
community;সম্প্রদায়
name;নাম
five;পাঁচ
once;একদা
white;সাদা
least;অন্তত
president;রাষ্ট্রপতি
learn;শিখতে
real;বাস্তব
change;পরিবর্তন
team;টীম
minute;মিনিট
best;সেরা
several;বেশ কিছু
idea;ধারণা
kid;বাচ্চা
body;শরীর
information;তথ্য
nothing;কিছুই না
ago;আগে
lead;নেতৃত্ব
social;সামাজিক
understand;বোঝা
whether;কিনা
watch;ঘড়ি
together;একসাথে
follow;অনুসরণ
parent;অভিভাবক
stop;থামা
face;মুখ
anything;কিছু
create;সৃষ্টি
public;পাবলিক
already;ইতিমধ্যে
speak;কথা বলা
others;অন্যান্য
read;পড়া
level;স্তর
allow;অনুমতি
add;যোগ করুন
office;দপ্তর
spend;ব্যয় করা
door;দরজা
health;স্বাস্থ্য
person;ব্যক্তি
art;শিল্প
sure;নিশ্চিত
war;যুদ্ধ
history;ইতিহাস
party;পার্টি
within;মধ্যে
grow;হত্তয়া
result;ফলাফল
open;খোলা
morning;সকাল
walk;হাঁটা
reason;কারণ
low;কম
win;জয়
research;গবেষণা
girl;মেয়ে
guy;লোক
early;তাড়াতাড়ি
food;খাদ্য
moment;মুহূর্ত
himself;নিজেকে
air;বায়ু
teacher;শিক্ষক
force;বল
offer;অফার
enough;যথেষ্ট
education;শিক্ষা
across;জুড়ে
although;যদিও
remember;মনে রাখবেন
foot;পা
second;দ্বিতীয়
boy;ছেলে
maybe;হতে পারে
toward;দিকে
able;সক্ষম
age;বয়স
policy;নীতি
everything;সবকিছু
love;ভালবাসা
process;প্রক্রিয়া
music;সঙ্গীত
including;সহ
consider;বিবেচনা
appear;প্রদর্শিত
actually;আসলে
buy;কেনা
probably;সম্ভবত
human;মানব
wait;অপেক্ষা করুন
serve;পরিবেশন করা
market;বাজার
die;দ্য
send;পাঠান
expect;আশা করা
sense;ইন্দ্রিয়
build;নির্মাণ
stay;থাকা
fall;পতন
oh;উহু
nation;জাতি
plan;পরিকল্পনা
cut;কাটা
college;কলেজ
interest;স্বার্থ
death;মৃত্যু
course;অবশ্যই
someone;কেউ
experience;অভিজ্ঞতা
behind;পিছনে
reach;পৌঁছানো
local;স্থানীয়
kill;হত্যা
six;ছয়
remain;থাকা
effect;প্রভাব
yeah;হ্যাঁ
suggest;পরামর্শ
class;ক্লাস
control;নিয়ন্ত্রণ
raise;বাড়াতে
care;যত্ন
perhaps;সম্ভবত
late;দেরী
hard;কঠিন
field;ক্ষেত্র
else;অন্য
pass;পাস
former;সাবেক
sell;বিক্রি
major;প্রধান
sometimes;কখনও কখনও
require;প্রয়োজন
along;বরাবর
development;উন্নয়ন
themselves;নিজেদের
report;রিপোর্ট
role;ভূমিকা
better;উত্তম
economic;অর্থনৈতিক
effort;প্রচেষ্টা
decide;সিদ্ধান্ত
rate;হার
strong;শক্তিশালী
possible;সম্ভব
heart;হৃদয়
drug;ড্রাগ
leader;নেতা
light;আলো
voice;ভয়েস
wife;স্ত্রী
whole;সম্পূর্ণ
police;পুলিশ
mind;মন
finally;অবশেষে
pull;টান
return;ফিরে
free;বিনামূল্যে
military;সামরিক
price;মূল্য
less;কম
according;অনুসারে
decision;সিদ্ধান্ত
explain;ব্যাখ্যা করা
son;পুত্র
hope;আশা
develop;বিকাশ
view;দেখুন
relationship;সম্পর্ক
carry;বহন
town;শহর
road;রাস্তা
drive;ড্রাইভ
arm;বাহু
TRUE;সত্য
federal;ফেডারেল
break;বিরতি
difference;পার্থক্য
thank;ধন্যবাদ
receive;গ্রহণ
value;মান
international;আন্তর্জাতিক
building;ভবন
action;কর্ম
full;সম্পূর্ণ
model;মডেল
join;যোগদান
season;মৌসম
society;সমাজ
tax;ট্যাক্স
director;পরিচালক
position;অবস্থান
player;খেলোয়াড়
agree;একমত
especially;বিশেষ করে
record;রেকর্ড
pick;বাছাই
wear;পরিধান
paper;কাগজ
special;বিশেষ
space;স্থান
ground;স্থল
form;ফর্ম
support;সমর্থন
event;ঘটনা
official;দাপ্তরিক
whose;যার
matter;ব্যাপার
everyone;সবাই
center;কেন্দ্র
couple;দম্পতি
site;সাইট
project;প্রকল্প
hit;আঘাত
base;ভিত্তি
activity;কার্যকলাপ
star;তারকা
table;টেবিল
court;আদালত
produce;উৎপাদন করা
eat;খাওয়া
teach;শেখান
oil;তেল
half;অর্ধেক
situation;অবস্থা
easy;সহজ
cost;খরচ
industry;শিল্প
figure;চিত্র
street;রাস্তা
image;ইমেজ
itself;নিজেই
phone;ফোন
either;হয়
data;তথ্য
cover;আবরণ
quite;বেশ
picture;ছবি
clear;স্পষ্ট
practice;অনুশীলন করা
piece;টুকরা
land;জমি
recent;সাম্প্রতিক
describe;বর্ণনা
product;পণ্য
doctor;ডাক্তার
wall;প্রাচীর
patient;রোগী
worker;কর্মী
news;খবর
test;পরীক্ষা
movie;সিনেমা
certain;নিশ্চিত
north;উত্তর
personal;ব্যক্তিগত
simply;কেবল
third;তৃতীয়
technology;প্রযুক্তি
catch;ধরা
step;পদক্ষেপ
baby;শিশু
computer;কম্পিউটার
type;প্রকার
attention;মনোযোগ
draw;আঁকা
film;চলচ্চিত্র
Republican;রিপাবলিকান
tree;গাছ
source;সূত্র
red;লাল
nearly;প্রায়
organization;সংগঠন
choose;পছন্দ করা
cause;কারণ
hair;চুল
century;শতাব্দী
evidence;প্রমান
window;জানলা
difficult;কঠিন
listen;শুনুন
soon;শীঘ্রই
culture;সংস্কৃতি
billion;বিলিয়ন
chance;সুযোগ
brother;ভাই
energy;শক্তি
period;সময়কাল
summer;গ্রীষ্ম
realize;উপলব্ধি করা
hundred;শত
available;উপলব্ধ
plant;উদ্ভিদ
likely;সম্ভবত
opportunity;সুযোগ
term;মেয়াদ
short;সংক্ষিপ্ত
letter;চিঠি
condition;অবস্থা
choice;পছন্দ
single;একক
rule;নিয়ম
daughter;কন্যা
administration;প্রশাসন
south;দক্ষিণ
husband;স্বামী
Congress;কংগ্রেস
floor;মেঝে
campaign;প্রচারণা
material;উপাদান
population;জনসংখ্যা
economy;অর্থনীতি
medical;চিকিৎসা
hospital;হাসপাতাল
church;গির্জা
close;বন্ধ
thousand;হাজার
risk;ঝুঁকি
current;বর্তমান
fire;আগুন
future;ভবিষ্যৎ
wrong;ভুল
involve;জড়িত
defense;প্রতিরক্ষা
anyone;যে কেউ
increase;বৃদ্ধি
security;নিরাপত্তা
bank;ব্যাংক
myself;নিজেকে
certainly;অবশ্যই
west;পশ্চিম
sport;খেলা
board;বোর্ড
seek;চাওয়া
per;প্রতি
subject;বিষয়
officer;অফিসার
private;ব্যক্তিগত
rest;বিশ্রাম
behavior;আচরণ
deal;চুক্তি
performance;কর্মক্ষমতা
fight;যুদ্ধ
throw;নিক্ষেপ
top;শীর্ষ
quickly;দ্রুত
past;অতীত
goal;লক্ষ্য
bed;বিছানা
order;আদেশ
author;লেখক
fill;পূরণ
represent;চিত্রিত করা
focus;ফোকাস
foreign;বিদেশী
drop;ড্রপ
blood;রক্ত
upon;উপর
agency;সংস্থা
push;ধাক্কা
nature;প্রকৃতি
color;রঙ
recently;সম্প্রতি
store;দোকান
reduce;হ্রাস করা
sound;শব্দ
note;বিঃদ্রঃ
fine;জরিমানা
near;কাছাকাছি
movement;আন্দোলন
page;পৃষ্ঠা
enter;প্রবেশ করা
share;ভাগ
common;সাধারণ
poor;দরিদ্র
natural;প্রাকৃতিক
race;জাতি
concern;উদ্বেগ
series;সিরিজ
significant;উল্লেখযোগ্য
similar;অনুরূপ
hot;গরম
language;ভাষা
usually;সাধারণত
response;প্রতিক্রিয়া
dead;মৃত
rise;উঠা
animal;পশু
factor;ফ্যাক্টর
decade;দশক
article;নিবন্ধ
shoot;অঙ্কুর
east;পূর্ব
save;সংরক্ষণ
seven;সাত
artist;শিল্পী
scene;দৃশ্য
stock;স্টক
career;কর্মজীবন
despite;সত্ত্বেও
central;কেন্দ্রীয়
eight;আট
thus;এইভাবে
treatment;চিকিত্সা
beyond;তার পরেও
happy;সুখী
exactly;ঠিক
protect;রক্ষা
approach;পন্থা
lie;মিথ্যা
size;আকার
dog;কুকুর
fund;তহবিল
serious;গুরুতর
occur;ঘটবে
media;মিডিয়া
ready;প্রস্তুত
sign;চিহ্ন
thought;চিন্তা
list;তালিকা
individual;স্বতন্ত্র
simple;সহজ
quality;গুণমান
pressure;চাপ
accept;গ্রহণ
answer;উত্তর
resource;সম্পদ
identify;সনাক্ত করা
left;বাম
meeting;মিটিং
determine;নির্ধারণ
prepare;প্রস্তুত করা
disease;রোগ
whatever;যাই হোক
success;সাফল্য
argue;তর্ক করা
cup;কাপ
particularly;বিশেষ করে
amount;পরিমাণ
ability;ক্ষমতা
staff;কর্মী
recognize;চিনতে
indicate;নির্দেশ করে
character;চরিত্র
growth;বৃদ্ধি
loss;ক্ষতি
degree;ডিগ্রী
wonder;আশ্চর্য
attack;আক্রমণ
herself;নিজেকে
region;অঞ্চল
television;টেলিভিশন
box;বাক্স
TV;টেলিভিশন
training;প্রশিক্ষণ
pretty;সুন্দর
trade;বাণিজ্য
election;নির্বাচন
everybody;সবাই
physical;শারীরিক
lay;রাখা
general;সাধারণ
feeling;অনুভূতি
standard;মান
bill;বিল
message;বার্তা
fail;ব্যর্থ
outside;বাইরে
arrive;পৌঁছা
analysis;বিশ্লেষণ
benefit;সুবিধা
sex;যৌনতা
forward;এগিয়ে
lawyer;আইনজীবী
present;বর্তমান
section;অধ্যায়
environmental;পরিবেশগত
glass;গ্লাস
skill;দক্ষতা
sister;বোন
PM;পিএম
professor;অধ্যাপক
operation;অপারেশন
financial;আর্থিক
crime;অপরাধ
stage;মঞ্চ
ok;ঠিক আছে
compare;তুলনা করা
authority;কর্তৃত্ব
miss;হারানো
design;নকশা
sort;সাজান
act;আইন
ten;দশ
knowledge;জ্ঞান
gun;বন্দুক
station;স্টেশন
blue;নীল
strategy;কৌশল
clearly;পরিষ্কারভাবে
discuss;আলোচনা করা
indeed;প্রকৃতপক্ষে
truth;সত্য
song;গান
example;উদাহরণ
democratic;গণতান্ত্রিক
check;চেক
environment;পরিবেশ
leg;পা
dark;অন্ধকার
various;বিভিন্ন
rather;বরং
laugh;হাসি
guess;অনুমান
executive;কার্যনির্বাহী
prove;প্রমাণ
hang;স্তব্ধ
entire;সম্পূর্ণ
rock;শিলা
forget;ভুলে যাও
claim;দাবি
remove;অপসারণ
manager;ম্যানেজার
enjoy;উপভোগ
network;অন্তর্জাল
legal;আইনি
religious;ধর্মীয়
cold;ঠান্ডা
final;চূড়ান্ত
main;প্রধান
science;বিজ্ঞান
green;সবুজ
memory;স্মৃতি
card;কার্ড
above;উপরে
seat;আসন
cell;কোষ
establish;প্রতিষ্ঠা
nice;চমৎকার
trial;বিচার
expert;বিশেষজ্ঞ
spring;বসন্ত
firm;দৃঢ়
Democrat;গণতন্ত্রী
radio;রেডিও
visit;পরিদর্শন
management;ব্যবস্থাপনা
avoid;এড়াতে
imagine;কল্পনা করা
tonight;আজ রাতে
huge;বিশাল
ball;বল
finish;শেষ
yourself;নিজেকে
theory;তত্ত্ব
impact;প্রভাব
respond;প্রতিক্রিয়া
statement;বিবৃতি
maintain;বজায় রাখা
charge;চার্জ
popular;জনপ্রিয়
traditional;ঐতিহ্যগত
onto;উপর
reveal;প্রকাশ করা
direction;অভিমুখ
weapon;অস্ত্র
employee;কর্মচারী
cultural;সাংস্কৃতিক
contain;ধারণ
peace;শান্তি
pain;ব্যথা
apply;আবেদন
measure;পরিমাপ করা
wide;প্রশস্ত
shake;ঝাঁকি
fly;মাছি
interview;সাক্ষাৎকার
manage;পরিচালনা
chair;চেয়ার
fish;মাছ
particular;বিশেষ
camera;ক্যামেরা
structure;গঠন
politics;রাজনীতি
perform;সঞ্চালন
bit;বিট
weight;ওজন
suddenly;হঠাৎ
discover;আবিষ্কার
candidate;প্রার্থী
production;উত্পাদন
treat;চিকিত্সা
trip;ট্রিপ
evening;সন্ধ্যা
affect;প্রভাবিত
inside;ভিতরে
conference;সম্মেলন
unit;ইউনিট
style;শৈলী
adult;প্রাপ্তবয়স্ক
worry;চিন্তা
range;পরিসীমা
mention;উল্লেখ
deep;গভীর
edge;প্রান্ত
specific;নির্দিষ্ট
writer;লেখক
trouble;কষ্ট
necessary;প্রয়োজনীয়
throughout;সর্বত্র
challenge;চ্যালেঞ্জ
fear;ভয়
shoulder;কাঁধ
institution;প্রতিষ্ঠান
middle;মধ্যম
sea;সমুদ্র
dream;স্বপ্ন
bar;বার
beautiful;সুন্দর
property;সম্পত্তি
instead;পরিবর্তে
improve;উন্নতি
stuff;জিনিসপত্র
detail;বিস্তারিত
method;পদ্ধতি
somebody;কেউ
magazine;পত্রিকা
hotel;হোটেল
soldier;সৈনিক
reflect;প্রতিফলিত করা
heavy;ভারী
sexual;যৌন
bag;থলে
heat;তাপ
marriage;বিবাহ
tough;কঠিন
sing;গান
surface;পৃষ্ঠতল
purpose;উদ্দেশ্য
exist;বিদ্যমান
pattern;প্যাটার্ন
whom;কাকে
skin;চামড়া
agent;প্রতিনিধি
owner;মালিক
machine;মেশিন
gas;গ্যাস
ahead;এগিয়ে
generation;প্রজন্ম
commercial;ব্যবসায়িক
address;ঠিকানা
cancer;ক্যান্সার
item;আইটেম
reality;বাস্তবতা
coach;কোচ
Mrs;জনাবা
yard;গজ
beat;বীট
violence;সহিংসতা
total;মোট
tend;ঝোঁক
investment;বিনিয়োগ
discussion;আলোচনা
finger;আঙুল
garden;বাগান
notice;নোটিশ
collection;সংগ্রহ
modern;আধুনিক
task;টাস্ক
partner;অংশীদার
positive;ইতিবাচক
civil;নাগরিক
kitchen;রান্নাঘর
consumer;ভোক্তা
shot;গুলি
budget;বাজেট
wish;ইচ্ছা
painting;পেইন্টিং
scientist;বিজ্ঞানী
safe;নিরাপদ
agreement;চুক্তি
capital;মূলধন
mouth;মুখ
nor;বা
victim;শিকার
newspaper;সংবাদপত্র
threat;হুমকি
responsibility;দায়িত্ব
smile;হাসি
attorney;অ্যাটর্নি
score;স্কোর
account;অ্যাকাউন্ট
interesting;মজাদার
audience;শ্রোতা
rich;ধনী
dinner;রাতের খাবার
vote;ভোট
western;পশ্চিমী
relate;বলা
travel;ভ্রমণ
debate;বিতর্ক
prevent;প্রতিরোধ
citizen;নাগরিক
majority;সংখ্যাগরিষ্ঠ
none;কোনটি
front;সামনে
born;জন্ম
admit;স্বীকার করা
senior;ঊর্ধ্বতন
assume;অনুমান
wind;বায়ু
key;চাবি
professional;পেশাদার
mission;মিশন
fast;দ্রুত
alone;একা
customer;ক্রেতা
suffer;ভোগা
speech;বক্তৃতা
successful;সফল
option;বিকল্প
participant;অংশগ্রহণকারী
southern;দক্ষিণ
fresh;তাজা
eventually;অবশেষে
forest;বন। জংগল
video;ভিডিও
global;বিশ্বব্যাপী
Senate;সিনেট
reform;সংশোধন
access;অ্যাক্সেস
restaurant;রেঁস্তোরা
judge;বিচারক
publish;প্রকাশ
relation;সম্পর্ক
release;মুক্তি
bird;পাখি
opinion;মতামত
credit;ক্রেডিট
critical;সমালোচনামূলক
corner;কোণ
concerned;উদ্বিগ্ন
recall;প্রত্যাহার
version;সংস্করণ
stare;তাকান
safety;নিরাপত্তা
effective;কার্যকর
neighborhood;পাড়া
original;মূল
troop;সৈন্যদল
income;আয়
directly;সরাসরি
hurt;আঘাত
species;প্রজাতি
immediately;অবিলম্বে
track;ট্র্যাক
basic;মৌলিক
strike;ধর্মঘট
sky;আকাশ
freedom;স্বাধীনতা
absolutely;একেবারে
plane;সমতল
nobody;কেউ
achieve;অর্জন
object;বস্তু
attitude;মনোভাব
labor;শ্রম
refer;উল্লেখ করুন
concept;ধারণা
client;ক্লায়েন্ট
powerful;ক্ষমতাশালী
perfect;নিখুঁত
nine;নয়টি
therefore;তাই
conduct;পরিচালনা
announce;ঘোষণা করা
conversation;কথোপকথন
examine;পরীক্ষা করা
touch;স্পর্শ
please;অনুগ্রহ
attend;অংশগ্রহণ
completely;সম্পূর্ণরূপে
variety;বৈচিত্র্য
sleep;ঘুম
involved;জড়িত
investigation;তদন্ত
nuclear;পারমাণবিক
researcher;গবেষক
press;প্রেস
conflict;সংঘর্ষ
spirit;আত্মা
replace;প্রতিস্থাপন
British;ব্রিটিশ
encourage;উত্সাহিত করা
argument;যুক্তি
camp;শিবির
brain;মস্তিষ্ক
feature;বৈশিষ্ট্য
afternoon;বিকেল
AM;এএম
weekend;সপ্তাহান্তে
dozen;ডজন
possibility;সম্ভাবনা
insurance;বীমা
department;বিভাগ
battle;যুদ্ধ
beginning;শুরু
date;তারিখ
generally;সাধারণত
African;আফ্রিকান
sorry;দুঃখিত
crisis;সংকট
complete;সম্পূর্ণ
fan;পাখা
stick;লাঠি
define;সংজ্ঞায়িত করা
easily;সহজে
hole;গর্ত
element;উপাদান
vision;দৃষ্টি
status;অবস্থা
normal;স্বাভাবিক
Chinese;চাইনিজ
ship;জাহাজ
solution;সমাধান
stone;পাথর
slowly;ধীরে ধীরে
scale;স্কেল
university;বিশ্ববিদ্যালয়
introduce;পরিচয় করিয়ে দেওয়া
driver;ড্রাইভার
attempt;প্রচেষ্টা
park;পার্ক
spot;স্পট
lack;অভাব
ice;বরফ
boat;নৌকা
drink;পান করা
sun;সূর্য
distance;দূরত্ব
wood;কাঠ
handle;হাতল
truck;ট্রাক
mountain;পর্বত
survey;জরিপ
supposed;অনুমিত
tradition;ঐতিহ্য
winter;শীতকাল
village;গ্রাম
Soviet;সোভিয়েত
refuse;প্রত্যাখ্যান
sales;বিক্রয়
roll;রোল
communication;যোগাযোগ
screen;পর্দা
gain;লাভ করা
resident;বাসিন্দা
hide;লুকান
gold;সোনা
club;ক্লাব
farm;খামার
potential;সম্ভাব্য
European;ইউরোপীয়
presence;উপস্থিতি
independent;স্বাধীন
district;জেলা
shape;আকৃতি
reader;পাঠক
Ms;মাইক্রোসফট
contract;চুক্তি
crowd;ভিড়
Christian;খ্রিস্টান
express;প্রকাশ করা
apartment;অ্যাপার্টমেন্ট
willing;রাজী
strength;শক্তি
previous;আগে
band;ব্যান্ড
obviously;স্পষ্টতই
horse;ঘোড়া
interested;আগ্রহী
target;লক্ষ্য
prison;কারাগার
ride;অশ্বারোহণ
guard;প্রহরী
terms;শর্তাবলী
demand;চাহিদা
reporter;রিপোর্টার
deliver;বিতরণ
text;পাঠ্য
tool;টুল
wild;বন্য
vehicle;যানবাহন
observe;পর্যবেক্ষণ
flight;ফ্লাইট
facility;সুবিধা
understanding;বোঝা
average;গড়
emerge;আবির্ভূত
advantage;সুবিধা
quick;দ্রুত
leadership;নেতৃত্ব
earn;উপার্জন
pound;পাউন্ড
basis;ভিত্তি
bright;উজ্জ্বল
operate;কাজ
guest;অতিথি
sample;নমুনা
contribute;অবদান
tiny;ক্ষুদ্র
block;ব্লক
protection;সুরক্ষা
settle;নিষ্পত্তি
feed;খাওয়ানো
collect;সংগ্রহ করা
additional;অতিরিক্ত
highly;অত্যন্ত
identity;পরিচয়
title;শিরোনাম
mostly;অধিকাংশ ক্ষেত্রে
lesson;পাঠ
faith;বিশ্বাস
river;নদী
promote;প্রচার
living;জীবিত
count;গণনা
unless;যদি না
marry;বিবাহ করা
tomorrow;আগামীকাল
technique;প্রযুক্তি
path;পথ
ear;কান
shop;দোকান
folk;লোক
principle;নীতি
survive;বেঁচে থাকা
lift;উত্তোলন
border;সীমান্ত
competition;প্রতিযোগিতা
jump;লাফ
gather;জড়ো করা
limit;সীমা
fit;ফিট
cry;কান্না
equipment;সরঞ্জাম
worth;মূল্য
associate;সহযোগী
critic;সমালোচক
warm;উষ্ণ
aspect;দৃষ্টিভঙ্গি
insist;জোর করা
failure;ব্যর্থতা
annual;বার্ষিক
French;ফরাসি
Christmas;বড়দিন
comment;মন্তব্য
responsible;দায়ী
affair;ব্যাপার
procedure;পদ্ধতি
regular;নিয়মিত
spread;ছড়িয়ে পড়া
chairman;চেয়ারম্যান
baseball;বেসবল
soft;নরম
ignore;উপেক্ষা
egg;ডিম
belief;বিশ্বাস
demonstrate;প্রদর্শন
anybody;যে কেউ
murder;হত্যা
gift;উপহার
religion;ধর্ম
review;পুনঃমূল্যায়ন
editor;সম্পাদক
engage;জড়িত
coffee;কফি
document;নথি
speed;দ্রুততা
cross;ক্রস
influence;প্রভাব
anyway;যাইহোক
threaten;হুমকি
commit;কমিট
female;মহিলা
youth;যৌবন
wave;তরঙ্গ
afraid;ভয়
quarter;চতুর্থাংশ
background;পটভূমি
native;স্থানীয়
broad;বিস্তৃত
wonderful;বিস্ময়কর
deny;অস্বীকার
apparently;দৃশ্যত
slightly;সামান্য
reaction;প্রতিক্রিয়া
twice;দুইবার
suit;স্যুট
perspective;দৃষ্টিকোণ
growing;ক্রমবর্ধমান
blow;ঘা
construction;নির্মাণ
intelligence;বুদ্ধিমত্তা
destroy;ধ্বংস
cook;রান্না
connection;সংযোগ
burn;পোড়া
shoe;জুতা
grade;শ্রেণী
context;প্রসঙ্গ
committee;কমিটি
hey;হে
mistake;ভুল
location;অবস্থান
clothes;বস্ত্র
Indian;ভারতীয়
quiet;শান্ত
dress;পোষাক
promise;প্রতিশ্রুতি
aware;সচেতন
neighbor;প্রতিবেশী
function;ফাংশন
bone;হাড়
active;সক্রিয়
extend;প্রসারিত করা
chief;প্রধান
combine;একত্রিত করা
wine;মদ
below;নিচে
cool;শীতল
voter;ভোটার
learning;শেখার
bus;বাস
hell;জাহান্নাম
dangerous;বিপজ্জনক
remind;মনে করিয়ে দেওয়া
moral;নৈতিক
United;ইউনাইটেড
category;বিভাগ
relatively;তুলনামূলকভাবে
victory;বিজয়
academic;একাডেমিক
Internet;ইন্টারনেট
healthy;সুস্থ
negative;নেতিবাচক
following;অনুসরণ
historical;ঐতিহাসিক
medicine;ওষুধ
tour;সফর
depend;নির্ভরশীল
photo;ফটো
finding;খোঁজা
grab;দখল
direct;সরাসরি
classroom;শ্রেণীকক্ষ
contact;যোগাযোগ
justice;বিচার
participate;অংশগ্রহণ
daily;দৈনিক
fair;ন্যায্য
pair;জোড়া
famous;বিখ্যাত
exercise;ব্যায়াম
knee;হাঁটু
flower;ফুল
tape;টেপ
hire;ভাড়া
familiar;পরিচিত
appropriate;যথাযথ
supply;সরবরাহ
fully;সম্পূর্ণরূপে
actor;অভিনেতা
birth;জন্ম
search;অনুসন্ধান
tie;টাই
democracy;গণতন্ত্র
eastern;পূর্ব
primary;প্রাথমিক
yesterday;গতকাল
circle;বৃত্ত
device;যন্ত্র
progress;অগ্রগতি
bottom;নীচে
island;দ্বীপ
exchange;বিনিময়
clean;পরিষ্কার
studio;স্টুডিও
train;ট্রেন
lady;ভদ্রমহিলা
colleague;সহকর্মী
application;আবেদন
neck;ঘাড়
lean;রোগা
damage;ক্ষতি
plastic;প্লাস্টিক
tall;লম্বা
plate;প্লেট
hate;ঘৃণা
otherwise;অন্যথায়
writing;লেখা
male;পুরুষ
alive;জীবিত
expression;অভিব্যক্তি
football;ফুটবল
intend;উদ্দেশ্য
chicken;মুরগি
army;সেনাবাহিনী
abuse;অপব্যবহার
theater;থিয়েটার
shut;বন্ধ
map;মানচিত্র
extra;অতিরিক্ত
session;সেশন
danger;বিপদ
welcome;স্বাগত
domestic;গার্হস্থ্য
lots;প্রচুর
literature;সাহিত্য
rain;বৃষ্টি
desire;ইচ্ছা
assessment;মূল্যায়ন
injury;আঘাত
respect;সম্মান
northern;উত্তর
nod;নড
paint;পেইন্ট
fuel;জ্বালানী
leaf;পাতা
dry;শুকনো
Russian;রাশিয়ান
instruction;নির্দেশ
pool;পুল
climb;আরোহণ
sweet;মিষ্টি
engine;ইঞ্জিন
fourth;চতুর্থ
salt;লবণ
expand;বিস্তৃত করা
importance;গুরুত্ব
metal;ধাতু
fat;চর্বি
ticket;টিকিট
software;সফটওয়্যার
disappear;অদৃশ্য
corporate;কর্পোরেট
strange;অদ্ভুত
lip;ঠোঁট
reading;পড়া
urban;শহুরে
mental;মানসিক
increasingly;ক্রমবর্ধমানভাবে
lunch;মধ্যাহ্নভোজ
educational;শিক্ষাগত
somewhere;কোথাও
farmer;কৃষক
sugar;চিনি
planet;গ্রহ
favorite;প্রিয়
explore;অন্বেষণ
obtain;প্রাপ্ত
enemy;শত্রু
greatest;সর্বশ্রেষ্ঠ
complex;জটিল
surround;ঘিরে
athlete;ক্রীড়াবিদ
invite;আমন্ত্রণ
repeat;পুনরাবৃত্তি
carefully;সাবধানে
soul;আত্মা
scientific;বৈজ্ঞানিক
impossible;অসম্ভব
panel;প্যানেল
meaning;অর্থ
mom;মা
married;বিবাহিত
instrument;যন্ত্র
predict;ভবিষ্যদ্বাণী
weather;আবহাওয়া
presidential;রাষ্ট্রপতির
emotional;আবেগপূর্ণ
commitment;অঙ্গীকার
Supreme;সর্বোচ্চ
bear;ভালুক
pocket;পকেট
thin;পাতলা
temperature;তাপমাত্রা
surprise;বিস্ময়
poll;পোল
proposal;প্রস্তাব
consequence;পরিণতি
breath;শ্বাস
sight;দৃষ্টিশক্তি
balance;ভারসাম্য
adopt;দত্তক
minority;নাবালকত্ব
straight;সোজা
connect;সংযোগ
works;কাজ করে
teaching;শিক্ষাদান
belong;অন্তর্গত
aid;সাহায্য
advice;উপদেশ
okay;ঠিক আছে
photograph;আলোকচিত্র
empty;খালি
regional;আঞ্চলিক
trail;পথ
novel;উপন্যাস
code;কোড
somehow;কোনোভাবে
organize;সংগঠিত করা
jury;জুরি
breast;স্তন
Iraqi;ইরাকি
acknowledge;স্বীকার
theme;থিম
storm;ঝড়
union;মিলন
desk;ডেস্ক
thanks;ধন্যবাদ
fruit;ফল
expensive;ব্যয়বহুল
yellow;হলুদ
conclusion;উপসংহার
prime;প্রধান
shadow;ছায়া
struggle;সংগ্রাম
conclude;উপসংহার
analyst;বিশ্লেষক
dance;নাচ
regulation;প্রবিধান
being;হচ্ছে
ring;রিং
largely;ব্যাপকভাবে
shift;স্থানান্তর
revenue;রাজস্ব
mark;চিহ্ন
locate;সনাক্ত করা
county;কাউন্টি
appearance;চেহারা
package;প্যাকেজ
difficulty;অসুবিধা
bridge;সেতু
recommend;সুপারিশ
obvious;স্পষ্ট
basically;মূলত
e-mail;ই-মেইল
generate;উৎপন্ন
anymore;আর
propose;প্রস্তাব
thinking;চিন্তা
possibly;সম্ভবত
trend;প্রবণতা
visitor;দর্শনার্থী
loan;ঋণ
currently;বর্তমানে
comfortable;আরামপ্রদ
investor;বিনিয়োগকারী
profit;লাভ
angry;রাগান্বিত
crew;নাবিকদল
accident;দুর্ঘটনা
meal;খাবার
hearing;শুনানি
traffic;ট্রাফিক
muscle;পেশী
notion;ধারণা
capture;ক্যাপচার
prefer;পছন্দ
truly;সত্যিই
earth;পৃথিবী
Japanese;জাপানিজ
chest;বুক
thick;পুরু
cash;নগদ
museum;যাদুঘর
beauty;সৌন্দর্য
emergency;জরুরী
unique;অনন্য
internal;অভ্যন্তরীণ
ethnic;জাতিগত
link;লিঙ্ক
stress;চাপ
content;বিষয়বস্তু
select;নির্বাচন করুন
root;মূল
nose;নাক
declare;ঘোষণা
appreciate;প্রশংসা
actual;আসল
bottle;বোতল
hardly;খুব কমই
setting;স্থাপন
launch;শুরু করা
file;ফাইল
sick;অসুস্থ
outcome;ফলাফল
ad;বিজ্ঞাপন
defend;রক্ষা করা
duty;কর্তব্য
sheet;শীট
ought;উচিত
ensure;নিশ্চিত করা
Catholic;ক্যাথলিক
extremely;অত্যন্ত
extent;পরিমাণ
component;উপাদান
mix;মিশ্রণ
long-term;দীর্ঘ মেয়াদী
slow;ধীর
contrast;বিপরীত
zone;মণ্ডল
wake;জেগে ওঠা
airport;বিমানবন্দর
brown;বাদামী
shirt;শার্ট
pilot;বিমান - চালক
warn;সতর্ক করা
ultimately;শেষ পর্যন্ত
cat;বিড়াল
contribution;অবদান
capacity;ক্ষমতা
ourselves;নিজেদেরকে
estate;এস্টেট
guide;গাইড
circumstance;পরিস্থিতি
snow;তুষার
English;ইংরেজি
politician;রাজনীতিবিদ
steal;চুরি
pursue;অন্বেষণ করা
slip;স্লিপ
percentage;শতাংশ
meat;মাংস
funny;হাস্যকর
neither;না
soil;মাটি
surgery;অস্ত্রোপচার
correct;সঠিক
Jewish;ইহুদি
blame;দোষ
estimate;অনুমান
due;বাকি
basketball;বাস্কেটবল
golf;গলফ
investigate;তদন্ত
crazy;পাগল
significantly;উল্লেখযোগ্যভাবে
chain;চেইন
branch;শাখা
combination;সংমিশ্রণ
frequently;ঘন ঘন
governor;গভর্নর
relief;ত্রাণ
user;ব্যবহারকারী
dad;বাবা
kick;লাথি
manner;পদ্ধতি
ancient;প্রাচীন
silence;নীরবতা
rating;রেটিং
golden;সোনালী
motion;গতি
German;জার্মান
gender;লিঙ্গ
solve;সমাধান
fee;ফি
landscape;ল্যান্ডস্কেপ
used;ব্যবহৃত
bowl;বাটি
equal;সমান
forth;সামনে
frame;ফ্রেম
typical;সাধারণ
except;ছাড়া
conservative;রক্ষণশীল
eliminate;নিষ্কাশন করা
host;হোস্ট
hall;হল
trust;বিশ্বাস
ocean;মহাসাগর
row;সারি
producer;প্রযোজক
afford;সামর্থ্য
meanwhile;এদিকে
regime;শাসন
division;বিভাগ
confirm;নিশ্চিত করুন
fix;ঠিক করা
appeal;আপিল
mirror;আয়না
tooth;দাঁত
smart;স্মার্ট
length;দৈর্ঘ্য
entirely;সম্পূর্ণরূপে
rely;নির্ভর করা
topic;বিষয়
complain;অভিযোগ
variable;পরিবর্তনশীল
telephone;টেলিফোন
perception;উপলব্ধি
attract;আকর্ষণ
confidence;আত্মবিশ্বাস
bedroom;শয়নকক্ষ
secret;গোপন
debt;ঋণ
rare;বিরল
tank;ট্যাঙ্ক
nurse;নার্স
coverage;কভারেজ
opposition;বিরোধী দল
aside;একপাশে
anywhere;যে কোন জায়গায়
bond;বন্ধন
pleasure;আনন্দ
master;মাস্টার
era;যুগ
requirement;প্রয়োজন
fun;মজা
expectation;প্রত্যাশা
wing;উইং
separate;পৃথক
somewhat;কিছুটা
pour;জন্য
stir;আলোড়ন
judgment;রায়
beer;বিয়ার
reference;রেফারেন্স
tear;টিয়ার
doubt;সন্দেহ
grant;প্রদান
seriously;গুরুত্ব সহকারে
minister;মন্ত্রী
totally;সম্পূর্ণরূপে
hero;নায়ক
industrial;শিল্প
cloud;মেঘ
stretch;প্রসারিত
winner;বিজয়ী
volume;আয়তন
seed;বীজ
surprised;বিস্মিত
fashion;ফ্যাশন
pepper;মরিচ
busy;ব্যস্ত
intervention;হস্তক্ষেপ
copy;অনুলিপি
tip;টিপ
cheap;সস্তা
aim;লক্ষ্য
cite;উদ্ধৃত করা
welfare;কল্যাণ
vegetable;শাকসবজি
gray;ধূসর
dish;থালা
beach;সৈকত
improvement;উন্নতি
everywhere;সর্বত্র
opening;খোলা
overall;সামগ্রিক
divide;বিভক্ত করা
initial;প্রাথমিক
terrible;ভয়ানক
oppose;বিরোধিতা
contemporary;সমসাময়িক
route;রুট
multiple;একাধিক
essential;অপরিহার্য
league;লীগ
criminal;অপরাধী
careful;সতর্ক
core;মূল
upper;উপরের
rush;ভিড়
necessarily;অগত্যা
specifically;বিশেষভাবে
tired;ক্লান্ত
employ;নিয়োগ
holiday;ছুটির দিন
vast;বিশাল
resolution;রেজোলিউশন
household;পরিবারের
fewer;কম
abortion;গর্ভপাত
apart;পৃথক্
witness;সাক্ষী
match;ম্যাচ
barely;সবে
sector;সেক্টর
representative;প্রতিনিধি
beneath;নিচে
beside;পাশে
incident;ঘটনা
limited;সীমিত
proud;গর্বিত
flow;প্রবাহ
faculty;অনুষদ
increased;বৃদ্ধি
waste;বর্জ্য
merely;নিছক
mass;ভর
emphasize;জোর দেওয়া
experiment;পরীক্ষা
definitely;স্পষ্টভাবে
bomb;বোমা
enormous;বিশাল
tone;স্বর
liberal;উদার
massive;বিশাল
engineer;প্রকৌশলী
wheel;চাকা
decline;হ্রাস
invest;বিনিয়োগ
cable;তারের
towards;দিকে
expose;প্রকাশ করা
rural;গ্রামীণ
AIDS;এইডস
Jew;বা
narrow;সংকীর্ণ
cream;ক্রিম
secretary;সচিব
gate;গেট
solid;কঠিন
hill;পাহাড়
typically;সাধারণত
noise;গোলমাল
grass;ঘাস
unfortunately;দুর্ভাগ্যবশত
hat;আছে
legislation;আইন
succeed;সফল
celebrate;উদযাপন
achievement;অর্জন
fishing;মাছ ধরা
accuse;অভিযুক্ত করা
useful;দরকারী
reject;প্রত্যাখ্যান
talent;প্রতিভা
taste;স্বাদ
characteristic;বৈশিষ্ট্য
milk;দুধ
escape;পলায়ন
cast;ঢালাই
sentence;বাক্য
unusual;অস্বাভাবিক
closely;ঘনিষ্ঠভাবে
convince;সন্তুষ্ট
height;উচ্চতা
physician;চিকিত্সক
assess;মূল্যায়ন
plenty;প্রচুর
virtually;কার্যত
addition;সংযোজন
sharp;তীক্ষ্ণ
creative;সৃজনশীল
lower;নিম্ন
approve;অনুমোদন
explanation;ব্যাখ্যা
gay;সমকামী
campus;ক্যাম্পাস
proper;সঠিক
guilty;দোষী
acquire;অর্জন
compete;প্রতিযোগিতা করা
technical;প্রযুক্তিগত
plus;প্লাস
immigrant;অভিবাসী
weak;দুর্বল
illegal;অবৈধ
hi;ওহে
alternative;বিকল্প
interaction;মিথষ্ক্রিয়া
column;কলাম
personality;ব্যক্তিত্ব
signal;সংকেত
curriculum;পাঠ্যক্রম
honor;সম্মান
passenger;যাত্রী
assistance;সাহায্য
forever;চিরতরে
regard;সম্মান
Israeli;ইসরায়েলি
association;সংঘ
twenty;বিশ
knock;ঠক্ঠক্
wrap;মোড়ানো
lab;ল্যাব
display;প্রদর্শন
criticism;সমালোচনা
asset;সম্পদ
depression;বিষণ্ণতা
spiritual;আধ্যাত্মিক
musical;বাদ্যযন্ত্র
journalist;সাংবাদিক
prayer;প্রার্থনা
suspect;সন্দেহ
scholar;পণ্ডিত
warning;সতর্কতা
climate;জলবায়ু
cheese;পনির
observation;পর্যবেক্ষণ
childhood;শৈশব
payment;পেমেন্ট
sir;স্যার
permit;অনুমতি
cigarette;সিগারেট
definition;সংজ্ঞা
priority;অগ্রাধিকার
bread;রুটি
creation;সৃষ্টি
graduate;স্নাতক
request;অনুরোধ
emotion;আবেগ
scream;চিৎকার
dramatic;নাটকীয়
universe;বিশ্ব
gap;ফাঁক
excellent;চমৎকার
deeply;গভীরভাবে
prosecutor;প্রসিকিউটর
lucky;ভাগ্যবান
drag;টানুন
airline;এয়ারলাইন
library;লাইব্রেরি
agenda;আলোচ্যসূচি
recover;পুনরুদ্ধার
factory;কারখানা
selection;নির্বাচন
primarily;প্রাথমিকভাবে
roof;ছাদ
unable;অক্ষম
expense;খরচ
initiative;উদ্যোগ
diet;খাদ্য
arrest;গ্রেফতার
funding;তহবিল
therapy;থেরাপি
wash;ধোয়া
schedule;সময়সূচী
sad;দুঃখজনক
brief;সংক্ষিপ্ত
housing;হাউজিং
post;পোস্ট
purchase;ক্রয়
existing;বিদ্যমান
steel;ইস্পাত
regarding;সংক্রান্ত
shout;চিৎকার
remaining;অবশিষ্ট
visual;চাক্ষুষ
fairly;মোটামুটি
chip;চিপ
violent;হিংস্র
silent;নীরব
suppose;ধরুন
self;স্ব
bike;বাইক
tea;চা
perceive;উপলব্ধি করা
comparison;তুলনা
settlement;নিষ্পত্তি
layer;স্তর
planning;পরিকল্পনা
description;বর্ণনা
slide;স্লাইড
widely;ব্যাপকভাবে
wedding;বিবাহ
inform;অবহিত করা
portion;অংশ
territory;এলাকা
immediate;অবিলম্বে
opponent;প্রতিপক্ষ
abandon;পরিত্যাগ করা
lake;হ্রদ
transform;রূপান্তর
tension;চিন্তা
leading;নেতৃস্থানীয়
bother;বিরক্ত করা
consist;গঠিত
alcohol;অ্যালকোহল
enable;সক্ষম
bend;বাঁক
saving;সংরক্ষণ
desert;মরুভূমি
shall;হবে
error;ত্রুটি
cop;পুলিশ
Arab;আরব
double;দ্বিগুণ
sand;বালি
Spanish;স্পেনীয়
print;ছাপা
preserve;সংরক্ষণ করা
passage;উত্তরণ
formal;আনুষ্ঠানিক
transition;স্থানান্তর
existence;অস্তিত্ব
album;অ্যালবাম
participation;অংশগ্রহণ
arrange;ব্যবস্থা করা
atmosphere;বায়ুমণ্ডল
joint;যৌথ
reply;উত্তর
cycle;সাইকেল
opposite;বিপরীত
lock;তালা
deserve;প্রাপ্য
consistent;সামঞ্জস্যপূর্ণ
resistance;প্রতিরোধ
discovery;আবিষ্কার
exposure;প্রকাশ
pose;অঙ্গবিক্ষেপ
stream;প্রবাহ
sale;বিক্রয়
pot;পাত্র
grand;গ্র্যান্ড
mine;আমার
hello;হ্যালো
coalition;জোট
tale;গল্প
knife;ছুরি
resolve;সমাধান
racial;জাতিগত
phase;পর্যায়
joke;কৌতুক
coat;কোট
Mexican;মেক্সিকান
symptom;উপসর্গ
manufacturer;প্রস্তুতকারক
philosophy;দর্শন
potato;আলু
foundation;ভিত্তি
quote;উদ্ধৃতি
online;অনলাইন
negotiation;আলাপ - আলোচনা
urge;তাড়ন
occasion;উপলক্ষ
dust;ধুলো
breathe;শ্বাস ফেলা
elect;নির্বাচিত
investigator;তদন্তকারী
jacket;জ্যাকেট
glad;আনন্দিত
ordinary;সাধারণ
reduction;হ্রাস
rarely;খুব কমই
pack;প্যাক
suicide;আত্মহত্যা
numerous;অনেক
substance;পদার্থ
discipline;শৃঙ্খলা
elsewhere;অন্যত্র
iron;লোহা
practical;ব্যবহারিক
moreover;অধিকন্তু
passion;আবেগ
volunteer;স্বেচ্ছাসেবক
implement;বাস্তবায়ন
essentially;মূলত
gene;জিন
enforcement;প্রয়োগ
vs;বনাম
sauce;সস
independence;স্বাধীনতা
marketing;মার্কেটিং
priest;পুরোহিত
amazing;আশ্চর্যজনক
intense;তীব্র
advance;অগ্রিম
employer;নিয়োগকর্তা
shock;শক
inspire;অনুপ্রাণিত করা
adjust;সামঞ্জস্য করা
retire;অবসর
visible;দৃশ্যমান
kiss;চুম্বন
illness;অসুস্থতা
cap;টুপি
habit;অভ্যাস
competitive;প্রতিযোগিতামূলক
juice;রস
congressional;কংগ্রেসনাল
involvement;জড়িত
dominate;আয়ত্ত করা
previously;পূর্বে
whenever;যখনই
transfer;স্থানান্তর
analyze;বিশ্লেষণ
attach;সংযুক্ত করা
disaster;বিপর্যয়
parking;পার্কিং
prospect;সম্ভাবনা
boss;বস
complaint;অভিযোগ
championship;চ্যাম্পিয়নশিপ
fundamental;মৌলিক
severe;গুরুতর
enhance;উন্নত করা
mystery;রহস্য
impose;আরোপ করা
poverty;দারিদ্র্য
entry;প্রবেশ
spending;খরচ
king;রাজা
evaluate;মূল্যায়ন
symbol;প্রতীক
maker;নির্মাতা
mood;মেজাজ
accomplish;সম্পন্ন করা
emphasis;জোর
illustrate;চিত্রিত করা
boot;বুট
monitor;মনিটর
Asian;এশিয়ান
entertainment;বিনোদন
bean;শিম
evaluation;মূল্যায়ন
creature;জীব
commander;কমান্ডার
digital;ডিজিটাল
arrangement;ব্যবস্থা
concentrate;মনোনিবেশ
usual;চলিত
anger;রাগ
psychological;মানসিক
heavily;ভারীভাবে
peak;শিখর
approximately;আন্দাজ
increasing;ক্রমবর্ধমান
disorder;ব্যাধি
missile;মিসাইল
equally;সমানভাবে
vary;পরিবর্তিত
wire;তার
round;বৃত্তাকার
distribution;বিতরণ
transportation;পরিবহন
holy;পবিত্র
twin;যমজ
command;আদেশ
commission;কমিশন
interpretation;ব্যাখ্যা
breakfast;প্রাতঃরাশ
strongly;দৃঢ়ভাবে
engineering;প্রকৌশল
luck;ভাগ্য
so-called;তথাকথিত
constant;ধ্রুবক
clinic;ক্লিনিক
veteran;অভিজ্ঞ
smell;গন্ধ
tablespoon;টেবিল চামচ
capable;সক্ষম
nervous;স্নায়বিক
tourist;পর্যটক
toss;টস
crucial;অত্যন্ত গুরুত্বপূর্ণ
bury;কবর দেওয়া
pray;প্রার্থনা
tomato;টমেটো
exception;ব্যতিক্রম
butter;মাখন
deficit;ঘাটতি
bathroom;পায়খানা
objective;উদ্দেশ্য
electronic;বৈদ্যুতিক
ally;মিত্র
journey;যাত্রা
reputation;খ্যাতি
mixture;মিশ্রণ
surely;অবশ্যই
tower;টাওয়ার
smoke;ধোঁয়া
confront;মুখোমুখি
pure;বিশুদ্ধ
glance;এক পলক দেখা
dimension;মাত্রা
toy;খেলনা
prisoner;বন্দী
fellow;সহকর্মী
smooth;মসৃণ
nearby;কাছাকাছি
peer;সমকক্ষ ব্যক্তি
designer;নকশাকার
personnel;কর্মীদের
educator;শিক্ষাবিদ
relative;আপেক্ষিক
immigration;অভিবাসন
belt;বেল্ট
teaspoon;চা চামচ
birthday;জন্মদিন
implication;নিহিত
perfectly;পুরোপুরি
coast;উপকূল
supporter;সমর্থক
accompany;সঙ্গে
silver;রূপা
teenager;কিশোর
recognition;স্বীকৃতি
retirement;অবসর
flag;পতাকা
recovery;পুনরুদ্ধার
whisper;ফিসফিস
gentleman;ভদ্রলোক
corn;ভুট্টা
moon;চাঁদ
inner;ভিতরের
junior;জুনিয়র
throat;গলা
salary;বেতন
swing;সুইং
observer;পর্যবেক্ষক
publication;প্রকাশনা
crop;ফসল
dig;আপনি
permanent;স্থায়ী
phenomenon;ঘটমান বিষয়
anxiety;উদ্বেগ
unlike;অপছন্দ
wet;ভিজা
literally;আক্ষরিক অর্থে
resist;প্রতিহত করা
convention;সম্মেলন
embrace;আলিঙ্গন
assist;সাহায্য
exhibition;প্রদর্শনী
construct;নির্মাণ
viewer;দর্শক
pan;প্যান
consultant;পরামর্শদাতা
administrator;প্রশাসক
occasionally;মাঝে মাঝে
mayor;মেয়র
consideration;বিবেচনা
CEO;সিইও
secure;নিরাপদ
pink;গোলাপী
buck;বক
historic;ঐতিহাসিক
poem;কবিতা
grandmother;দাদী
bind;বাঁধাই করা
fifth;পঞ্চম
constantly;ক্রমাগত
enterprise;এন্টারপ্রাইজ
favor;আনুকূল্য
testing;পরীক্ষামূলক
stomach;পেট
apparent;স্পষ্ট
weigh;ওজন
install;ইনস্টল
sensitive;সংবেদনশীল
suggestion;পরামর্শ
mail;মেইল
recipe;রেসিপি
reasonable;যুক্তিসঙ্গত
preparation;প্রস্তুতি
wooden;কাঠের
elementary;প্রাথমিক
concert;কনসার্ট
aggressive;আক্রমণাত্মক
FALSE;মিথ্যা
intention;উদ্দেশ্য
channel;চ্যানেল
extreme;চরম
tube;নল
drawing;অঙ্কন
protein;প্রোটিন
quit;প্রস্থান
absence;অনুপস্থিতি
Latin;ল্যাটিন
rapidly;দ্রুত
jail;জেল
diversity;বৈচিত্র্য
honest;সৎ
Palestinian;ফিলিস্তিনি
pace;গতি
employment;কর্মসংস্থান
speaker;স্পিকার
impression;ছাপ
essay;প্রবন্ধ
respondent;উত্তরদাতা
giant;দৈত্য
cake;কেক
historian;ইতিহাসবিদ
negotiate;আলোচনা
restore;পুনরুদ্ধার
substantial;যথেষ্ট
pop;পপ
specialist;বিশেষজ্ঞ
origin;মূল
approval;অনুমোদন
quietly;শান্তভাবে
advise;পরামর্শ
conventional;প্রচলিত
depth;গভীরতা
wealth;ধন
disability;অক্ষমতা
shell;শেল
criticize;সমালোচনা করা
effectively;কার্যকরভাবে
biological;জৈবিক
onion;পেঁয়াজ
deputy;সহকারী
flat;সমান
brand;ব্র্যান্ড
assure;নিশ্চিত করা
mad;পাগল
award;পুরস্কার
criteria;নির্ণায়ক
dealer;ডিলার
via;মাধ্যমে
utility;ইউটিলিটি
precisely;অবিকল
arise;উঠা
armed;সশস্ত্র
nevertheless;তবুও
highway;হাইওয়ে
clinical;ক্লিনিক্যাল
routine;রুটিন
wage;বেতন
normally;স্বাভাবিকভাবে
phrase;বাক্যাংশ
ingredient;উপাদান
stake;বাজি
Muslim;মুসলিম
fiber;ফাইবার
activist;কর্মী
Islamic;ইসলামিক
snap;স্ন্যাপ
terrorism;সন্ত্রাসবাদ
refugee;উদ্বাস্তু
incorporate;নিগমবদ্ধ
hip;নিতম্ব
ultimate;চূড়ান্ত
switch;সুইচ
corporation;কর্পোরেশন
valuable;মূল্যবান
assumption;ধৃষ্টতা
gear;গিয়ার
barrier;বাধা
minor;গৌণ
provision;বিধান
killer;হত্যাকারী
assign;বরাদ্দ করা
gang;দল
developing;উন্নয়নশীল
classic;ক্লাসিক
chemical;রাসায়নিক
label;লেবেল
teen;কিশোর
index;সূচক
vacation;ছুটি
advocate;উকিল
draft;খসড়া
extraordinary;অসাধারণ
heaven;স্বর্গ
rough;রুক্ষ
yell;চিৎকার
pregnant;গর্ভবতী
distant;দূরবর্তী
drama;নাটক
satellite;উপগ্রহ
personally;ব্যক্তিগতভাবে
clock;ঘড়ি
chocolate;চকোলেট
Italian;ইতালীয়
Canadian;কানাডিয়ান
ceiling;সিলিং
sweep;পরিষ্কার করা
advertising;বিজ্ঞাপন
universal;সর্বজনীন
spin;স্পিন
button;বোতাম
bell;ঘণ্টা
rank;পদমর্যাদা
darkness;অন্ধকার
clothing;পোশাক
super;সুপার
yield;ফলন
fence;বেড়া
portrait;প্রতিকৃতি
survival;বেঁচে থাকা
roughly;মোটামুটি
lawsuit;মামলা
testimony;সাক্ষ্য
bunch;গুচ্ছ
found;পাওয়া গেছে
burden;বোঝা
react;প্রতিক্রিয়া
chamber;চেম্বার
furniture;আসবাবপত্র
cooperation;সহযোগিতা
string;স্ট্রিং
ceremony;অনুষ্ঠান
communicate;যোগাযোগ
cheek;গাল
lost;নিখোঁজ
profile;প্রোফাইল
mechanism;পদ্ধতি
disagree;অসম্মত
penalty;শাস্তি
ie;অর্থাৎ
resort;অবলম্বন
destruction;ধ্বংস
unlikely;অসম্ভাব্য
tissue;টিস্যু
constitutional;সাংবিধানিক
pant;প্যান্ট
stranger;অপরিচিত
infection;সংক্রমণ
cabinet;ক্যাবিনেট
broken;ভাঙ্গা
apple;আপেল
electric;বৈদ্যুতিক
proceed;এগিয়ে যান
bet;কিন্তু
literary;সাহিত্যিক
virus;ভাইরাস
stupid;বোকা
dispute;বিতর্ক
fortune;ভাগ্য
strategic;কৌশলগত
assistant;সহকারী
overcome;পরাস্ত
remarkable;উল্লেখযোগ্য
occupy;দখল করা
statistics;পরিসংখ্যান
shopping;কেনাকাটা
cousin;কাজিন
encounter;সম্মুখীন
wipe;মুছা
initially;প্রাথমিকভাবে
blind;অন্ধ
port;বন্দর
electricity;বিদ্যুৎ
genetic;জেনেটিক
adviser;উপদেষ্টা
spokesman;মুখপাত্র
retain;ধরে রাখা
latter;পরবর্তী
incentive;প্রণোদনা
slave;দাস
translate;অনুবাদ করা
accurate;সঠিক
whereas;যেখানে
terror;সন্ত্রাস
expansion;সম্প্রসারণ
elite;অভিজাত
Olympic;অলিম্পিক
dirt;ময়লা
odd;অস্বাভাবিক
rice;চাল
bullet;বুলেট
tight;টাইট
Bible;বাইবেল
chart;চার্ট
solar;সৌর
square;বর্গক্ষেত্র
concentration;একাগ্রতা
complicated;জটিল
gently;আলতো করে
champion;রক্ষক
scenario;দৃশ্যকল্প
telescope;টেলিস্কোপ
reflection;প্রতিফলন
revolution;বিপ্লব
strip;ফালা
interpret;ব্যাখ্যা
friendly;বন্ধুত্বপূর্ণ
tournament;টুর্নামেন্ট
fiction;কল্পকাহিনী
detect;সনাক্ত করা
tremendous;অসাধারণ
lifetime;জীবনকাল
recommendation;সুপারিশ
senator;সিনেটর
hunting;শিকার
salad;সালাদ
guarantee;গ্যারান্টি
innocent;নির্দোষ
boundary;সীমানা
pause;বিরতি
remote;দূরবর্তী
satisfaction;সন্তোষ
journal;জার্নাল
bench;এজলাস
lover;প্রেমিক
raw;কাঁচা
awareness;সচেতনতা
surprising;বিস্ময়কর
withdraw;প্রত্যাহার
deck;ডেক
similarly;একইভাবে
newly;নতুনভাবে
pole;সেখানে নেই
testify;সাক্ষ্য দেওয়া
mode;মোড
dialogue;সংলাপ
imply;বোঝানো
naturally;স্বাভাবিকভাবে
mutual;পারস্পরিক
founder;প্রতিষ্ঠাতা
advanced;উন্নত
pride;গর্ব
dismiss;বরখাস্ত করা
aircraft;বিমান
delivery;বিতরণ
mainly;প্রধানত
bake;বেক
freeze;বরফে পরিণত করা
platform;প্ল্যাটফর্ম
finance;অর্থায়ন
sink;ডুব
attractive;আকর্ষণীয়
diverse;বিভিন্ন
relevant;প্রাসঙ্গিক
ideal;আদর্শ
joy;আনন্দ
regularly;নিয়মিত
working;কাজ
singer;গায়ক
evolve;বিবর্তিত
shooting;শুটিং
partly;আংশিকভাবে
unknown;অজানা
offense;অপরাধ
counter;পাল্টা
DNA;ডিএনএ
potentially;সম্ভাব্য
thirty;ত্রিশ
justify;ন্যায্যতা
protest;প্রতিবাদ
crash;ক্র্যাশ
craft;নৈপুণ্য
treaty;চুক্তি
terrorist;সন্ত্রাসী
insight;অন্তর্দৃষ্টি
possess;অধিকারী
politically;রাজনৈতিকভাবে
tap;টোকা
extensive;ব্যাপক
episode;পর্ব
swim;সাঁতার কাটা
tire;পাগড়ি
fault;দোষ
loose;আলগা
shortly;শীঘ্রই
originally;মূলত
considerable;যথেষ্ট
prior;পূর্বে
intellectual;বুদ্ধিজীবী
assault;হামলা
relax;শিথিল করা
stair;সিঁড়ি
adventure;অ্যাডভেঞ্চার
external;বহিরাগত
proof;প্রমাণ
confident;আত্মবিশ্বাসী
headquarters;সদর দপ্তর
sudden;হঠাৎ
dirty;নোংরা
violation;লঙ্ঘন
tongue;জিহ্বা
license;লাইসেন্স
shelter;আশ্রয়
rub;ঘষা
controversy;বিতর্ক
entrance;প্রবেশদ্বার
properly;সঠিকভাবে
fade;বিবর্ণ
defensive;আত্মরক্ষামূলক
tragedy;দুঃখজনক ঘটনা
net;নেট
characterize;বৈশিষ্ট্য
funeral;অন্ত্যেষ্টিক্রিয়া
profession;পেশা
alter;পরিবর্তন
constitute;গঠন করা
establishment;প্রতিষ্ঠা
squeeze;চাপ
imagination;কল্পনা
mask;মুখোশ
convert;রূপান্তর
comprehensive;ব্যাপক
prominent;বিশিষ্ট
presentation;উপস্থাপনা
regardless;নির্বিশেষে
load;ভার
stable;স্থিতিশীল
introduction;ভূমিকা
pretend;ভান করা
elderly;বয়স্ক
representation;প্রতিনিধিত্ব
deer;হরিণ
split;বিভক্ত
violate;লঙ্ঘন করা
partnership;অংশীদারিত্ব
pollution;দূষণ
emission;নিঃসরণ
steady;স্থির
vital;গুরুত্বপূর্ণ
fate;ভাগ্য
earnings;উপার্জন
oven;চুলা
distinction;পার্থক্য
segment;সেগমেন্ট
nowhere;কোথাও
poet;কবি
mere;আরো
exciting;উত্তেজনাপূর্ণ
variation;প্রকরণ
comfort;আরাম
radical;মৌলবাদী
adapt;মানিয়ে নেওয়া
Irish;আইরিশ
honey;মধু
correspondent;সংবাদদাতা
pale;ফ্যাকাশে
musician;সঙ্গীতজ্ঞ
significance;তাৎপর্য
vessel;জাহাজ
storage;স্টোরেজ
flee;ভাগা
mm-hmm;মিমি-হুম
leather;চামড়া
distribute;বিতরণ
evolution;বিবর্তন
ill;অসুস্থ
tribe;উপজাতি
shelf;তাক
grandfather;দাদা
lawn;লন
buyer;ক্রেতা
dining;ডাইনিং
wisdom;বুদ্ধি
council;পরিষদ
vulnerable;দুর্বল
instance;দৃষ্টান্ত
garlic;রসুন
capability;ক্ষমতা
poetry;কবিতা
celebrity;সেলিব্রিটি
gradually;ধীরে ধীরে
stability;স্থিতিশীলতা
fantasy;ফ্যান্টাসি
scared;ভীত
plot;পটভূমি
framework;কাঠামো
gesture;অঙ্গভঙ্গি
depending;নির্ভর করে
ongoing;চলমান
psychology;মনোবিজ্ঞান
counselor;পরামর্শদাতা
chapter;অধ্যায়
divorce;বিবাহবিচ্ছেদ
owe;ঋণী
pipe;পাইপ
athletic;ক্রীড়াবিদ
slight;সামান্য
math;গণিত
shade;ছায়া
tail;লেজ
sustain;বজায় রাখা
mount;মাউন্ট
obligation;বাধ্যবাধকতা
angle;কোণ
palm;পাম
differ;পার্থক্য
custom;কাস্টম
economist;অর্থনীতিবিদ
fifteen;পনের
soup;স্যুপ
celebration;উদযাপন
efficient;দক্ষ
composition;গঠন
satisfy;পরিতৃপ্ত করা
pile;গাদা
briefly;সংক্ষেপে
carbon;কার্বন
closer;কাছাকাছি
consume;গ্রাস করা
scheme;পরিকল্পনা
crack;ফাটল
frequency;ফ্রিকোয়েন্সি
tobacco;তামাক
survivor;বেঁচে থাকা
besides;ছাড়াও
psychologist;মনোবিজ্ঞানী
wealthy;ধনী
galaxy;ছায়াপথ
given;দেওয়া
ski;স্কি
limitation;সীমাবদ্ধতা
trace;ট্রেস
appointment;অ্যাপয়েন্টমেন্ট
preference;পছন্দ
meter;মিটার
explosion;বিস্ফোরণ
publicly;প্রকাশ্যে
incredible;অবিশ্বাস্য
fighter;যোদ্ধা
rapid;দ্রুত
admission;ভর্তি
hunter;শিকারী
educate;শিক্ষিত
painful;বেদনাদায়ক
friendship;বন্ধুত্ব
aide;সহায়
infant;শিশু
calculate;গণনা করা
fifty;পঞ্চাশ
rid;পরিত্রাণ
porch;বারান্দা
tendency;প্রবণতা
uniform;ইউনিফর্ম
formation;গঠন
scholarship;বৃত্তি
reservation;সংরক্ষণ
efficiency;দক্ষতা
qualify;যোগ্যতা
mall;মল
derive;আহরণ
scandal;কলঙ্ক
PC;পিসি
helpful;সহায়ক
impress;প্রভাবিত
heel;সব
resemble;অনুরূপ
privacy;গোপনীয়তা
fabric;ফ্যাব্রিক
contest;প্রতিযোগিতা
proportion;অনুপাত
guideline;নির্দেশিকা
rifle;রাইফেল
maintenance;রক্ষণাবেক্ষণ
conviction;দৃঢ় বিশ্বাস
trick;কৌশল
organic;জৈব
tent;তাঁবু
examination;পরীক্ষা
publisher;প্রকাশক
strengthen;শক্তিশালী করা
proposed;প্রস্তাবিত
myth;শ্রুতি
sophisticated;পরিশীলিত
cow;গাভী
etc;ইত্যাদি
standing;দাঁড়ানো
asleep;ঘুমন্ত
tennis;টেনিস
nerve;স্নায়ু
barrel;পিপা
bombing;বোমা হামলা
membership;সদস্যপদ
ratio;অনুপাত
menu;তালিকা
controversial;বিতর্কিত
desperate;মরিয়া
lifestyle;জীবনধারা
humor;মেজাজ
loud;জোরে
glove;দস্তানা
sufficient;যথেষ্ট
narrative;বর্ণনামূলক
photographer;ফটোগ্রাফার
helicopter;হেলিকপ্টার
modest;বিনয়ী
provider;প্রদানকারী
delay;বিলম্ব
agricultural;কৃষি
explode;বিস্ফোরণ
stroke;স্ট্রোক
scope;সুযোগ
punishment;শাস্তি
handful;থাবা
badly;খারাপভাবে
horizon;দিগন্ত
curious;কৌতূহলী
downtown;শহরের কেন্দ্রস্থল
girlfriend;বান্ধবী
prompt;শীঘ্র
cholesterol;কোলেস্টেরল
absorb;শোষণ করা
adjustment;সমন্বয়
taxpayer;করদাতা
eager;আগ্রহী
principal;অধ্যক্ষ
detailed;বিশদ
motivation;প্রেরণা
assignment;নিয়োগ
restriction;সীমাবদ্ধতা
laboratory;পরীক্ষাগার
workshop;কর্মশালা
differently;ভিন্নভাবে
auto;স্বয়ংক্রিয়
romantic;রোমান্টিক
cotton;তুলা
motor;মোটর
sue;মামলা
flavor;স্বাদ
overlook;উপেক্ষা করা
float;ভাসা
undergo;সহ্য করা
sequence;ক্রম
demonstration;প্রদর্শন
jet;জেট
orange;কমলা
consumption;খরচ
assert;জাহির করা
blade;ব্লেড
temporary;অস্থায়ী
medication;ঔষধ
cabin;কেবিন
bite;কামড়
edition;সম্পাদনা
valley;উপত্যকা
yours;তোমার
pitch;পিচ
pine;পাইন
brilliant;উজ্জ্বল
versus;বনাম
manufacturing;উত্পাদন
absolute;পরম
chef;পাচক
discrimination;বৈষম্য
offensive;আক্রমণাত্মক
boom;বুম
register;নিবন্ধন
appoint;নিয়োগ
heritage;ঐতিহ্য
God;সৃষ্টিকর্তা
dominant;প্রভাবশালী
successfully;সফলভাবে
shit;বিষ্ঠা
lemon;লেবু
hungry;ক্ষুধার্ত
wander;বিচরণ
submit;জমা
economics;অর্থনীতি
naked;নগ্ন
anticipate;পূর্বানুমান
nut;বাদাম
legacy;উত্তরাধিকার
extension;এক্সটেনশন
shrug;ঝাঁকান
battery;ব্যাটারি
arrival;আগমন
legitimate;বৈধ
orientation;অভিযোজন
inflation;মুদ্রাস্ফীতি
cope;সামলাতে
flame;শিখা
cluster;ক্লাস্টার
wound;ক্ষত
dependent;নির্ভরশীল
shower;ঝরনা
institutional;প্রাতিষ্ঠানিক
depict;চিত্রিত করা
operating;অপারেটিং
flesh;মাংস
garage;গ্যারেজ
operator;অপারেটর
instructor;প্রশিক্ষক
collapse;পতন
borrow;ধার করা
furthermore;অধিকন্তু
comedy;কমেডি
mortgage;বন্ধক
sanction;অনুমোদন
civilian;বেসামরিক
twelve;বারো
weekly;সাপ্তাহিক
habitat;বাসস্থান
grain;শস্য
brush;ব্রাশ
consciousness;চেতনা
devote;উৎসর্গ করা
measurement;মাপা
province;প্রদেশ
ease;আরাম
seize;জব্দ করা
ethics;নীতিশাস্ত্র
nomination;মনোনয়ন
permission;অনুমতি
wise;জ্ঞানী
actress;অভিনেত্রী
summit;সামিট
acid;অ্যাসিড
odds;মতভেদ
gifted;প্রতিভাধর
frustration;পরাজয়
medium;মধ্যম
physically;শারীরিকভাবে
distinguish;পার্থক্য করা
shore;কূল
repeatedly;পুনঃপুনঃ
lung;ফুসফুস
running;চলমান
distinct;স্বতন্ত্র
artistic;শৈল্পিক
discourse;বক্তৃতা
basket;ঝুড়ি
ah;আহ
fighting;যুদ্ধ
impressive;চিত্তাকর্ষক
competitor;প্রতিযোগী
ugly;কুৎসিত
worried;উদ্বিগ্ন
portray;ভাষায় বর্ণনা করা
powder;পাউডার
ghost;প্রেতাত্মা
persuade;পটান
moderate;মধ্যপন্থী
subsequent;পরবর্তী
continued;অব্যাহত
cookie;কুকি
carrier;বাহক
cooking;রান্না
frequent;ঘন ঘন
ban;নিষেধাজ্ঞা
awful;ভয়াবহ, আতঙ্কজনক
admire;প্রশংসা করা
pet;পোষা প্রাণী
miracle;অলৌকিক ঘটনা
exceed;অতিক্রম
rhythm;তাল
widespread;ব্যাপক
killing;হত্যা
lovely;সুন্দর
sin;পাপ
charity;দানশীলতা
script;লিপি
tactic;কৌশল
identification;সনাক্তকরণ
transformation;রূপান্তর
everyday;প্রতিদিন
headline;শিরোনাম
venture;উদ্যোগ
invasion;আক্রমণ
nonetheless;তবুও
adequate;পর্যাপ্ত
piano;পিয়ানো
grocery;মুদিখানা
intensity;তীব্রতা
exhibit;প্রদর্শন
blanket;কম্বল
margin;মার্জিন
quarterback;কোয়ার্টারব্যাক
mouse;মাউস
rope;দড়ি
concrete;কংক্রিট
prescription;প্রেসক্রিপশন
African-American;আফ্রিকান আমেরিকান
chase;পশ্চাদ্ধাবন
brick;ইট
recruit;নিয়োগ
patch;প্যাচ
consensus;ঐক্যমত
horror;ভয়াবহ
recording;রেকর্ডিং
changing;পরিবর্তন
painter;চিত্রকর
colonial;ঔপনিবেশিক
pie;এ
sake;খাতির
gaze;দৃষ্টি
courage;সাহস
pregnancy;গর্ভাবস্থা
swear;শপথ
defeat;পরাজয়
clue;সূত্র
reinforce;শক্তিশালী করা
confusion;বিভ্রান্তি
slice;টুকরা
occupation;পেশা
dear;প্রিয়
coal;কয়লা
sacred;পবিত্র
formula;সূত্র
cognitive;জ্ঞান ভিত্তিক
collective;সমষ্টিগত
exact;সঠিক
uncle;চাচা
captain;অধিনায়ক
sigh;দীর্ঘশ্বাস
attribute;বৈশিষ্ট্য
dare;সাহস
homeless;গৃহহীন
gallery;গ্যালারি
soccer;ফুটবল
defendant;প্রতিবাদী
tunnel;টানেল
fitness;ফিটনেস
lap;ভাঁজ
grave;কবর
toe;তারপর
container;ধারক
virtue;পুণ্য
abroad;বিদেশে
architect;স্থপতি
dramatically;নাটকীয়ভাবে
makeup;মেকআপ
inquiry;অনুসন্ধান
rose;গোলাপ
surprisingly;আশ্চর্যজনকভাবে
highlight;লক্ষণীয় করা
decrease;হ্রাস
indication;ইঙ্গিত
rail;রেল
anniversary;বার্ষিকী
couch;পালঙ্ক
alliance;জোট
hypothesis;অনুমান
boyfriend;প্রেমিক
compose;রচনা করা
mess;মেস
legend;কিংবদন্তি
regulate;নিয়ন্ত্রণ করা
adolescent;কিশোর
shine;চকমক
norm;আদর্শ
upset;মর্মাহত
remark;মন্তব্য
resign;পদত্যাগ
reward;পুরস্কার
gentle;মৃদু
related;সম্পর্কিত
organ;অঙ্গ
lightly;হালকাভাবে
concerning;সম্পর্কিত
invent;উদ্ভাবন
laughter;হাসি
northwest;উত্তর-পশ্চিম
counseling;কাউন্সেলিং
receiver;রিসিভার
ritual;আচার
insect;পোকা
interrupt;বাধা
salmon;স্যালমন মাছ
trading;লেনদেন
magic;জাদু
superior;উচ্চতর
combat;যুদ্ধ
stem;স্টেম
surgeon;সার্জন
acceptable;গ্রহণযোগ্য
physics;পদার্থবিদ্যা
rape;ধর্ষণ
counsel;পরামর্শ
jeans;জিন্স
hunt;খোজা
continuous;একটানা
log;লগ
echo;প্রতিধ্বনি
pill;বড়ি
excited;উত্তেজিত
sculpture;ভাস্কর্য
compound;যৌগ
integrate;সংহত করা
flour;ময়দা
bitter;তিক্ত
bare;শুধু
slope;ঢাল
rent;ভাড়া
presidency;প্রেসিডেন্সি
serving;ভজনা
subtle;সূক্ষ্ম
greatly;ব্যাপকভাবে
bishop;বিশপ
drinking;মদ্যপান
acceptance;গ্রহণযোগ্যতা
pump;পাম্প
candy;মিছরি
evil;মন্দ
pleased;খুশি
medal;পদক
beg;ভিক্ষা করা
sponsor;পৃষ্ঠপোষক
ethical;নৈতিক
secondary;মাধ্যমিক
slam;স্লাম
export;রপ্তানি
experimental;পরীক্ষামূলক
melt;গলে
midnight;মধ্যরাত
curve;বক্ররেখা
integrity;অখণ্ডতা
entitle;এনটাইটেল
evident;স্পষ্ট
logic;যুক্তি
essence;সারাংশ
exclude;বাদ
harsh;কঠোর
closet;আলমারি
suburban;শহরতলির
greet;অভিবাদন
interior;অভ্যন্তর
corridor;করিডোর
retail;খুচরা
pitcher;কলস
march;মার্চ
snake;সাপ
excuse;অজুহাত
weakness;দুর্বলতা
pig;শূকর
classical;শাস্ত্রীয়
estimated;আনুমানিক
T-shirt;টি-শার্ট
unemployment;বেকারত্ব
civilization;সভ্যতা
fold;ভাঁজ
reverse;বিপরীত
missing;অনুপস্থিত
correlation;পারস্পরিক সম্পর্ক
humanity;মানবতা
flash;ফ্ল্যাশ
developer;বিকাশকারী
reliable;নির্ভরযোগ্য
excitement;উত্তেজনা
beef;গরুর মাংস
Islam;ইসলাম
Roman;রোমান
architecture;স্থাপত্য
occasional;মাঝে মাঝে
administrative;প্রশাসনিক
elbow;কনুই
deadly;মারাত্মক
Hispanic;হিস্পানিক
allegation;অভিযোগ
confuse;বিভ্রান্ত করা
airplane;বিমান
monthly;মাসিক
duck;হাঁস
dose;ডোজ
Korean;কোরিয়ান
plead;আবেদন
initiate;শুরু করা
lecture;বক্তৃতা
van;থেকে
sixth;ষষ্ঠ
bay;উপসাগর
mainstream;মূলধারা
suburb;উপশহর
sandwich;স্যান্ডউইচ
trunk;ট্রাঙ্ক
rumor;গুজব
implementation;বাস্তবায়ন
swallow;গিলে ফেলা
motivate;অনুপ্রাণিত করা
render;রেন্ডার
longtime;অনেকক্ষণ
trap;ফাঁদ
restrict;সীমাবদ্ধ
cloth;কাপড়
seemingly;আপাতদৃষ্টিতে
legislative;বিধানিক
effectiveness;কার্যকারিতা
enforce;প্রয়োগ করা
lens;লেন্স
inspector;পরিদর্শক
lend;ধার দেওয়া
plain;সমতল
fraud;জালিয়াতি
companion;সহচর
contend;তর্কবিতর্ক করা
nail;পেরেক
array;অ্যারে
strict;কঠোর
assemble;একত্রিত করা
frankly;অকপটে
rat;ইঁদুর
hay;চমৎকার
hallway;হলওয়ে
cave;গুহা
inevitable;অনিবার্য
southwest;দক্ষিণ-পশ্চিম
monster;দানব
unexpected;অপ্রত্যাশিত
obstacle;বাধা
facilitate;সহজতর করা
rip;ছিঁড়ে ফেলা
herb;ঔষধি
overwhelming;অপ্রতিরোধ্য
integration;মিশ্রণ
crystal;স্ফটিক
recession;মন্দা
written;লিখিত
motive;উদ্দেশ্য
flood;বন্যা
pen;কলম
ownership;মালিকানা
nightmare;দুঃস্বপ্ন
inspection;পরিদর্শন
supervisor;কর্মকর্তা
consult;পরামর্শ
arena;আখড়া
diagnosis;রোগ নির্ণয়
possession;দখল
forgive;ক্ষমা
consistently;ধারাবাহিকভাবে
basement;বেসমেন্ট
drift;প্রবাহ
drain;ড্রেন
prosecution;প্রসিকিউশন
maximum;সর্বোচ্চ
announcement;ঘোষণা
warrior;যোদ্ধা
prediction;ভবিষ্যদ্বাণী
bacteria;ব্যাকটেরিয়া
questionnaire;প্রশ্নাবলী
mud;কাদা
infrastructure;অবকাঠামো
hurry;তাড়াতাড়ি
privilege;বিশেষাধিকার
temple;মন্দির
outdoor;বহিরঙ্গন
suck;চুষা
and/or;এবং/অথবা
broadcast;সম্প্রচার
re;পুনরায়
leap;লাফ
random;এলোমেলো
wrist;কব্জি
curtain;পর্দা
pond;পুকুর
domain;ডোমেইন
guilt;অপরাধবোধ
cattle;গবাদি পশু
walking;হাঁটা
playoff;প্লে অফ
minimum;সর্বনিম্ন
fiscal;রাজকোষ
skirt;স্কার্ট
dump;ডাম্প
hence;তাই
database;তথ্যশালা
uncomfortable;অস্বস্তিকর
execute;এক্সিকিউট
limb;অঙ্গ
ideology;মতাদর্শ
tune;সুর
continuing;অব্যাহত
harm;ক্ষতি
railroad;রেলপথ
endure;সহ্য করা
radiation;বিকিরণ
horn;শিং
chronic;দীর্ঘস্থায়ী
peaceful;শান্তিপূর্ণ
innovation;উদ্ভাবন
strain;স্ট্রেন
guitar;গিটার
replacement;প্রতিস্থাপন
behave;আচরণ
administer;পরিচালনা
simultaneously;একই সাথে
dancer;নর্তকী
amendment;সংশোধন
pad;প্যাড
transmission;সংক্রমণ
await;অপেক্ষা করা
retired;অবসরপ্রাপ্ত
trigger;ট্রিগার
spill;ঝরা
grateful;কৃতজ্ঞ
grace;অনুগ্রহ
virtual;অপার্থিব
colony;উপনিবেশ
adoption;দত্তক
indigenous;আদিবাসী
closed;বন্ধ
convict;দোষী
towel;তোয়ালে
modify;সংশোধন করা
particle;কণা
prize;পুরস্কার
landing;অবতরণ
boost;প্রচার করা
bat;এক
alarm;এলার্ম
festival;উৎসব
grip;গ্রিপ
weird;অদ্ভুত
undermine;অবমূল্যায়ন
freshman;নবীন
sweat;ঘাম
outer;বাইরের
drunk;মাতাল
separation;বিচ্ছেদ
traditionally;ঐতিহ্যগতভাবে
govern;শাসন করা
southeast;দক্ষিণ-পূর্ব
intelligent;বুদ্ধিমান
wherever;যেখানেই
ballot;ব্যালট
rhetoric;অলঙ্কারশাস্ত্র
convinced;বিশ্বাসী
driving;পরিচালনা
vitamin;ভিটামিন
enthusiasm;উদ্দীপনা
accommodate;মিটমাট করা
praise;প্রশংসা
injure;আঘাত করা
wilderness;মরুভূমি
endless;অন্তহীন
mandate;আদেশ
respectively;যথাক্রমে
uncertainty;অনিশ্চয়তা
chaos;বিশৃঙ্খলা
mechanical;যান্ত্রিক
canvas;ক্যানভাস
forty;চল্লিশ
lobby;লবি
profound;গভীর
format;বিন্যাস
trait;বৈশিষ্ট্য
currency;মুদ্রা
turkey;তুরস্ক
reserve;সংচিতি
beam;মরীচি
astronomer;জ্যোতির্বিজ্ঞানী
corruption;দুর্নীতি
contractor;ঠিকাদার
apologize;ক্ষমাপ্রার্থী
doctrine;মতবাদ
genuine;অকৃত্রিম
thumb;থাম্ব
unity;ঐক্য
compromise;আপস
horrible;ভয়ঙ্কর
behavioral;আচরণগত
exclusive;একচেটিয়া
scatter;ছিটান
commonly;সাধারণত
convey;বহন করা
twist;মোচড়
complexity;জটিলতা
fork;কাঁটা
disk;ডিস্ক
relieve;উপশম
suspicion;সন্দেহ
health-care;স্বাস্থ্যসেবা
residence;বাসস্থান
shame;লজ্জা
meaningful;অর্থপূর্ণ
sidewalk;ফুটপাথ
Olympics;অলিম্পিক
technological;প্রযুক্তিগত
signature;স্বাক্ষর
pleasant;আনন্দদায়ক
wow;কি দারুন
suspend;স্থগিত করা
rebel;বিদ্রোহী
frozen;হিমায়িত
spouse;পত্নী
fluid;তরল
pension;পেনশন
resume;জীবনবৃত্তান্ত
theoretical;তাত্ত্বিক
sodium;সোডিয়াম
promotion;পদোন্নতি
delicate;সূক্ষ্ম
forehead;কপাল
rebuild;পুনর্নির্মাণ
bounce;বাউন্স
electrical;বৈদ্যুতিক
hook;হুক
detective;গোয়েন্দা
traveler;ভ্রমণকারী
click;ক্লিক
compensation;ক্ষতিপূরণ
exit;প্রস্থান
attraction;আকর্ষণ
dedicate;উৎসর্গ করা
altogether;সব মিলিয়ে
pickup;পিকআপ
carve;খুদা
needle;সুই
belly;পেট
scare;ভয় দেখানো
portfolio;পোর্টফোলিও
shuttle;শাটল
invisible;অদৃশ্য
timing;সময়
engagement;ব্যস্ততা
ankle;গোড়ালি
transaction;লেনদেন
rescue;উদ্ধার
counterpart;প্রতিপক্ষ
historically;ঐতিহাসিকভাবে
firmly;দৃঢ়ভাবে
mild;হালকা
rider;রাইডার
doll;পুতুল
noon;দুপুর
amid;মধ্যে
identical;অভিন্ন
precise;সুনির্দিষ্ট
anxious;উদ্বিগ্ন
structural;কাঠামোগত
residential;আবাসিক
diagnose;নির্ণয়
carbohydrate;কার্বোহাইড্রেট
liberty;স্বাধীনতা
poster;পোস্টার
theology;ধর্মতত্ত্ব
nonprofit;অলাভজনক
crawl;ক্রল
oxygen;অক্সিজেন
handsome;সুদর্শন
sum;যোগফল
provided;প্রদান করা হয়
businessman;ব্যবসায়ী
promising;প্রতিশ্রুতিশীল
conscious;সচেতন
determination;সংকল্প
donor;দাতা
hers;তার
pastor;যাজক
jazz;জ্যাজ
opera;অপেরা
acquisition;অধিগ্রহণ
pit;গর্ত
hug;আলিঙ্গন
wildlife;বন্যপ্রাণী
punish;শাস্তি
equity;ইক্যুইটি
doorway;দরজা
departure;প্রস্থান
elevator;লিফট
teenage;কিশোর
guidance;নির্দেশিকা
happiness;সুখ
statue;মূর্তি
pursuit;সাধনা
repair;মেরামত
decent;শালীন
gym;জিম
oral;মৌখিক
clerk;কেরানি
envelope;খাম
reporting;রিপোর্টিং
destination;গন্তব্য
fist;মুষ্টি
endorse;অনুমোদন করা
exploration;অন্বেষণ
generous;উদার
bath;স্নান
thereby;যার ফলে
indicator;সূচক
sunlight;সূর্যালোক
feedback;প্রতিক্রিয়া
spectrum;বর্ণালী
purple;বেগুনি
laser;লেজার
bold;সাহসী
reluctant;তারা দ্বিধা করে
starting;শুরু
expertise;দক্ষতা
practically;কার্যত
eating;খাওয়া
hint;ইঙ্গিত
sharply;তীক্ষ্ণভাবে
parade;কুচকাওয়াজ
realm;রাজত্ব
cancel;বাতিল
blend;মিশ্রিত
therapist;থেরাপিস্ট
peel;খোসা
pizza;পিজা
recipient;প্রাপক
hesitate;দ্বিধা
flip;উল্টানো
accounting;অ্যাকাউন্টিং
bias;পক্ষপাত
huh;হুহ
metaphor;রুপক
candle;মোমবাতি
judicial;বিচারিক
entity;সত্তা
suffering;কষ্ট
full-time;পুরো সময়
lamp;বাতি
garbage;আবর্জনা
servant;চাকর
regulatory;নিয়ন্ত্রক
diplomatic;কূটনৈতিক
elegant;মার্জিত
reception;অভ্যর্থনা
vanish;অদৃশ্য
automatically;স্বয়ংক্রিয়ভাবে
chin;থুতনি
necessity;প্রয়োজনীয়তা
confess;স্বীকার
racism;বর্ণবাদ
starter;স্টার্টার
banking;ব্যাংকিং
casual;নৈমিত্তিক
gravity;মাধ্যাকর্ষণ
enroll;নথিভুক্ত করা
diminish;হ্রাস করা
prevention;প্রতিরোধ
minimize;ছোট করা
chop;কাটা
performer;অভিনয়কারী
intent;অভিপ্রায়
isolate;বিছিন্ন
inventory;জায়
productive;উত্পাদনশীল
assembly;সমাবেশ
civic;নাগরিক
silk;রেশম
magnitude;মাত্রা
steep;খাড়া
hostage;জিম্মি
collector;সংগ্রাহক
popularity;জনপ্রিয়তা
alien;পরক
dynamic;গতিশীল
scary;ভীতিকর
equation;সমীকরণ
angel;ফেরেশতা
offering;প্রস্তাব
rage;রাগ
photography;ফটোগ্রাফি
toilet;টয়লেট
disappointed;হতাশ
precious;মূল্যবান
prohibit;নিষেধ
realistic;বাস্তবসম্মত
hidden;গোপন
tender;টেন্ডার
gathering;সমাবেশ
outstanding;অসামান্য
stumble;হোঁচট খাওয়া
lonely;একাকী
automobile;অটোমোবাইল
artificial;কৃত্রিম
dawn;ভোর
abstract;বিমূর্ত
descend;অবতরণ
silly;নির্বোধ
tide;জোয়ার
shared;ভাগ করা
hopefully;আশা করি
readily;সহজে
cooperate;সহযোগিতা
revolutionary;বিপ্লবী
romance;রোম্যান্স
hardware;হার্ডওয়্যার
pillow;বালিশ
kit;কিট
continent;মহাদেশ
seal;সীল
circuit;সার্কিট
ruling;শাসন
shortage;স্বল্পতা
annually;বার্ষিক
lately;সম্প্রতি
scan;স্ক্যান
fool;মূর্খ
deadline;শেষ তারিখ
rear;পিছনে
processing;প্রক্রিয়াকরণ
ranch;খামার
coastal;উপকূলীয়
undertake;গ্রহণ করা
softly;নরমভাবে
burning;জ্বলন্ত
verbal;মৌখিক
tribal;উপজাতীয়
ridiculous;হাস্যকর
automatic;স্বয়ংক্রিয়
diamond;হীরা
credibility;বিশ্বাসযোগ্যতা
import;আমদানি
sexually;যৌনভাবে
divine;ঐশ্বরিক
sentiment;ভাবপ্রবণতা
cart;কার্ট
oversee;তদারকি
o'clock;বাজে
elder;বড়
pro;প্রো
inspiration;অনুপ্রেরণা
Dutch;ডাচ
quantity;পরিমাণ
trailer;লতা
mate;মৃত্যু
Greek;গ্রীক
genius;প্রতিভা
monument;স্মৃতিস্তম্ভ
bid;বিড
quest;অনুসন্ধান
sacrifice;বলিদান
invitation;আমন্ত্রণ
accuracy;সঠিকতা
juror;বিচারক
officially;আনুষ্ঠানিকভাবে
broker;দালাল
treasure;ধন
loyalty;আনুগত্য
talented;প্রতিভাশালী
gasoline;পেট্রল
stiff;কড়া
output;আউটপুট
nominee;মনোনীত
extended;সম্প্রসারিত
diabetes;ডায়াবেটিস
slap;চড়
toxic;বিষাক্ত
alleged;অভিযুক্ত
jaw;চোয়াল
grief;দুঃখ
mysterious;রহস্যময়
rocket;রকেট
donate;দান
inmate;বন্দী
tackle;সাজসরঁজাম
dynamics;গতিবিদ্যা
bow;নম
ours;আমাদের
dignity;মর্যাদা
carpet;কার্পেট
parental;পিতামাতার
bubble;বুদ্বুদ
buddy;বন্ধু
barn;শস্যাগার
sword;তলোয়ার
seventh;সপ্তম
glory;মহিমা
tightly;শক্তভাবে
protective;প্রতিরক্ষামূলক
tuck;টাক
drum;ড্রাম
faint;অজ্ঞান
queen;রাণী
dilemma;দ্বিধা
input;ইনপুট
specialize;বিশেষজ্ঞ
northeast;উত্তর-পূর্ব
shallow;অগভীর
liability;দায়
sail;পাল
merchant;বণিক
stadium;স্টেডিয়াম
improved;উন্নত
bloody;রক্তাক্ত
associated;যুক্ত
withdrawal;উত্তোলন
refrigerator;রেফ্রিজারেটর
nest;নীড়
thoroughly;পুঙ্খানুপুঙ্খভাবে
lane;গলি
ancestor;পূর্বপুরুষ
condemn;নিন্দা
steam;বাষ্প
accent;উচ্চারণ
optimistic;আশাবাদী
unite;একত্রিত
cage;খাঁচা
equip;সজ্জিত করা
shrimp;চিংড়ি
homeland;স্বদেশ
rack;আলনা
costume;পরিচ্ছদ
wolf;নেকড়ে
courtroom;আদালত কক্ষ
statute;আইন
cartoon;কার্টুন
productivity;প্রমোদ
grin;হাসি
symbolic;প্রতীকী
bug;বাগ
bless;আশীর্বাদ
aunt;খালা
agriculture;কৃষি
hostile;প্রতিকূল
conceive;গর্ভধারণ করা
combined;মিলিত
instantly;সঙ্গে সঙ্গে
bankruptcy;দেউলিয়াত্ব
vaccine;টিকা
bonus;বোনাস
collaboration;সহযোগিতা
mixed;মিশ্রিত
opposed;বিরোধী
orbit;কক্ষপথ
grasp;উপলব্ধি
patience;ধৈর্য
spite;সত্ত্বেও
tropical;গ্রীষ্মমন্ডলীয়
voting;ভোট
patrol;টহল
willingness;ইচ্ছা
revelation;উদ্ঘাটন
calm;শান্ত
jewelry;গয়না
Cuban;কিউবান
haul;আনা
concede;স্বীকার করা
wagon;ওয়াগন
afterward;পরে
spectacular;দর্শনীয়
ruin;ধ্বংস
sheer;নিছক
immune;ইমিউন
reliability;নির্ভরযোগ্যতা
ass;হয়
alongside;এর পাশাপাশি
bush;গুল্ম
exotic;বহিরাগত
fascinating;চটুল
clip;ক্লিপ
thigh;উরু
bull;ষাঁড়
drawer;ড্রয়ার
sheep;ভেড়া
discourage;নিরুৎসাহিত করা
coordinator;সমন্বয়কারী
ideological;আদর্শগত
runner;রানার
secular;ধর্মনিরপেক্ষ
intimate;অন্তরঙ্গ
empire;সাম্রাজ্য
cab;ট্যাক্সি
exam;পরীক্ষা
documentary;তথ্যচিত্র
neutral;নিরপেক্ষ
biology;জীববিজ্ঞান
flexible;নমনীয়
progressive;প্রগতিশীল
web;ওয়েব
conspiracy;ষড়যন্ত্র
casualty;হতাহত
republic;প্রজাতন্ত্র
execution;মৃত্যুদন্ড
terrific;ভয়ঙ্কর
whale;তিমি
functional;কার্যকরী
instinct;সহজাত প্রবৃত্তি
teammate;সতীর্থ
aluminum;অ্যালুমিনিয়াম
whoever;যে কেউ
ministry;মন্ত্রণালয়
verdict;রায়
instruct;নির্দেশ
skull;মাথার খুলি
self-esteem;আত্মসম্মান
cooperative;সমবায়
manipulate;ম্যানিপুলেট
bee;মৌমাছি
practitioner;অনুশীলনকারী
loop;লুপ
edit;সম্পাদনা
whip;চাবুক
puzzle;ধাঁধা
mushroom;মাশরুম
subsidy;ভর্তুকি
boil;ফুটান
tragic;দুঃখজনক
mathematics;অংক
mechanic;মেকানিক
jar;জার
earthquake;ভূমিকম্প
pork;শুয়োরের মাংস
creativity;সৃজনশীলতা
safely;নিরাপদে
underlying;অন্তর্নিহিত
dessert;ডেজার্ট
sympathy;সহানুভূতি
fisherman;জেলে
incredibly;অবিশ্বাস্যভাবে
isolation;আলাদা করা
sock;মোজা
eleven;এগারো
sexy;সেক্সি
entrepreneur;উদ্যোক্তা
syndrome;সিন্ড্রোম
bureau;ব্যুরো
workplace;কর্মক্ষেত্র
ambition;উচ্চাকাঙ্ক্ষা
touchdown;টাচডাউন
utilize;ব্যবহার করা
breeze;মৃদুমন্দ বাতাস
costly;ব্যয়বহুল
ambitious;উচ্চাকাঙ্ক্ষী
Christianity;খ্রিস্টধর্ম
presumably;সম্ভবত
influential;প্রভাবশালী
translation;অনুবাদ
uncertain;অনিশ্চিত
dissolve;দ্রবীভূত করা
statistical;পরিসংখ্যানগত
gut;সাহস
metropolitan;মহানগর
rolling;ঘূর্ণায়মান
aesthetic;নান্দনিক
spell;বানান
insert;সন্নিবেশ
booth;বুথ
helmet;শিরস্ত্রাণ
waist;কোমর
expected;প্রত্যাশিত
lion;সিংহ
accomplishment;সিদ্ধি
royal;রাজকীয়
panic;আতঙ্ক
crush;পিষা
actively;সক্রিয়ভাবে
cliff;ক্লিফ
minimal;সর্বনিম্ন
cord;কর্ড
fortunately;ভাগ্যক্রমে
cocaine;কোকেন
illusion;বিভ্রম
anonymous;বেনামী
tolerate;সহ্য করা
appreciation;প্রশংসা
commissioner;কমিশনার
flexibility;নমনীয়তা
instructional;নির্দেশমূলক
scramble;আঁচড়
casino;ক্যাসিনো
tumor;টিউমার
decorate;সাজাইয়া রাখা
pulse;স্পন্দন
equivalent;সমতুল্য
fixed;স্থির
experienced;অভিজ্ঞ
donation;দান
diary;ডায়েরি
sibling;ভাইবোন
irony;বিদ্রুপ
spoon;চামচ
midst;মাঝখানে
alley;গলি
interact;যোগাযোগ
soap;সাবান
cute;সুন্দর
rival;প্রতিদ্বন্দ্বী
short-term;স্বল্পমেয়াদী
punch;ঘুষি
pin;পিন
hockey;হকি
passing;পাসিং
persist;অবিরত
supplier;সরবরাহকারী
known;পরিচিত
momentum;গতিবেগ
purse;পার্স
shed;চালা
liquid;তরল
icon;আইকন
elephant;হাতি
consequently;অতএব
legislature;আইনসভা
franchise;ভোটাধিকার
correctly;সঠিকভাবে
mentally;মানসিকভাবে
foster;লালনপালন
bicycle;সাইকেল
encouraging;উত্সাহজনক
cheat;প্রতারণা
heal;আরোগ্য
fever;জ্বর
filter;ছাঁকনি
rabbit;খরগোশ
coin;মুদ্রা
exploit;শোষণ
accessible;অ্যাক্সেসযোগ্য
organism;জীব
sensation;সংবেদন
partially;আংশিকভাবে
upstairs;উপরে
dried;শুকনো
conservation;সংরক্ষণ
shove;ধাক্কা
backyard;বাড়ির উঠোন
charter;সনদ
stove;চুলা
consent;সম্মতি
comprise;গঠিত
reminder;অনুস্মারক
alike;একইভাবে
placement;বসানো
dough;ময়দা
grandchild;নাতি
dam;বাঁধ
reportedly;কথিত
well-known;সুপরিচিত
surrounding;পার্শ্ববর্তী
ecological;পরিবেশগত
outfit;সজ্জীকরণ
unprecedented;অভূতপূর্ব
columnist;কলামিস্ট
workout;ওয়ার্কআউট
preliminary;প্রাথমিক
patent;পেটেন্ট
shy;লাজুক
trash;আবর্জনা
disabled;অক্ষম
gross;স্থূল
damn;অভিশাপ
hormone;হরমোন
texture;গঠন
pencil;পেন্সিল
frontier;সীমান্ত
spray;স্প্রে
disclose;প্রকাশ করা
custody;হেফাজত
banker;ব্যাংকার
beast;জন্তু
interfere;হস্তক্ষেপ
oak;ওক
eighth;অষ্টম
notebook;নোটবই
outline;রূপরেখা
attendance;উপস্থিতি
speculation;জল্পনা
uncover;উন্মোচন
behalf;পক্ষ থেকে
innovative;উদ্ভাবনী
shark;হাঙ্গর
mill;কল
installation;স্থাপন
stimulate;উদ্দীপিত করা
tag;ট্যাগ
vertical;উল্লম্ব
swimming;সাঁতার
fleet;নৌবহর
catalog;ক্যাটালগ
outsider;বহিরাগত
desperately;নিদারুণভাবে
stance;অবস্থান
compel;বাধ্য করা
sensitivity;সংবেদনশীলতা
someday;কোনো দিন
instant;তাত্ক্ষণিক
debut;আত্মপ্রকাশ
proclaim;ঘোষণা
worldwide;বিশ্বব্যাপী
hike;হাইক
required;প্রয়োজনীয়
confrontation;মুকাবিলা
colorful;রঙিন
constitution;সংবিধান
trainer;প্রশিক্ষক
Thanksgiving;ধন্যবাদ
scent;ঘ্রাণ
stack;স্ট্যাক
eyebrow;ভুরু
sack;বস্তা
cease;বন্ধ
inherit;আপনি উত্তরাধিকারী
tray;ট্রে
pioneer;অগ্রগামী
organizational;সাংগঠনিক
textbook;পাঠ্যপুস্তক
uh;উহ
nasty;কদর্য
shrink;সঙ্কুচিত
emerging;উদীয়মান
dot;বিন্দু
wheat;গম
fierce;উগ্র
envision;কল্পনা করা
rational;যুক্তিসঙ্গত
kingdom;রাজ্য
aisle;করিডোর
weaken;দুর্বল করা
protocol;প্রোটোকল
exclusively;কেবলমাত্র
vocal;ভোকাল
marketplace;বাজার
openly;প্রকাশ্যে
unfair;অন্যায়
terrain;ভূখণ্ড
deploy;স্থাপন
risky;ঝুঁকিপূর্ণ
pasta;পাস্তা
genre;ধারা
distract;বিভ্রান্ত
merit;যোগ্যতা
planner;পরিকল্পনাকারী
depressed;বিষণ্ণ
chunk;খণ্ড
closest;নিকটতম
discount;ডিসকাউন্ট
ladder;মই
jungle;জঙ্গল
migration;মাইগ্রেশন
breathing;শ্বাস
invade;আক্রমণ করা
hurricane;হারিকেন
retailer;খুচরা বিক্রেতা
classify;শ্রেণীবদ্ধ করা
coup;অভ্যুত্থান
ambassador;রাষ্ট্রদূত
density;ঘনত্ব
supportive;সহায়ক
curiosity;কৌতূহল
skip;এড়িয়ে যান
aggression;আগ্রাসন
stimulus;উদ্দীপনা
journalism;সাংবাদিকতা
robot;রোবট
dip;ডুব
likewise;একইভাবে
informal;অনানুষ্ঠানিক
Persian;ফারসি
feather;পালক
sphere;গোলক
tighten;আঁট করা
boast;অহংকার
pat;একই
perceived;অনুভূত
sole;একমাত্র
publicity;প্রচার
unfold;প্রকাশ করা
well-being;মঙ্গল
validity;বৈধতা
ecosystem;বাস্তুতন্ত্র
strictly;কঠোরভাবে
partial;আংশিক
collar;কলার
weed;গাঁজা
compliance;সম্মতি
streak;ধারা
supposedly;অনুমিতভাবে
added;যোগ করা হয়েছে
builder;নির্মাতা
glimpse;আভাস
premise;ভিত্তি
specialty;বিশেষত্ব
deem;মনে করা
artifact;শিল্পকর্ম
sneak;ছিঁচকে চোর
monkey;বানর
mentor;পরামর্শদাতা
two-thirds;দুই-তৃতীয়াংশ
listener;শ্রোতা
lightning;বজ্র
legally;আইনত
sleeve;হাতা
disappointment;হতাশা
disturb;বিরক্ত করা
rib;পাঁজর
excessive;অত্যধিক
high-tech;উচ্চ প্রযুক্তি
debris;ধ্বংসাবশেষ
rod;রড
logical;যৌক্তিক
ash;ছাই
socially;সামাজিকভাবে
parish;প্যারিশ
slavery;দাসত্ব
blank;ফাঁকা
commodity;পণ্য
cure;নিরাময়
mineral;খনিজ
hunger;ক্ষুধা
dying;মরণ
developmental;উন্নয়নমূলক
faster;দ্রুত
spare;অতিরিক্ত
halfway;অর্ধেক পথ
equality;সমতা
cemetery;কবরস্থান
harassment;হয়রানি
deliberately;ভেবেচিন্তে
fame;খ্যাতি
regret;অনুশোচনা
striking;স্ট্রাইকিং
likelihood;সম্ভাবনা
carrot;গাজর
atop;উপরে
toll;টোল
rim;রিম
embarrassed;বিব্রত
fucking;চোদা
cling;আঁকড়ে থাকা
isolated;ভিন্ন
blink;পলক
suspicious;সন্দেহজনক
wheelchair;হুইলচেয়ার
squad;দল
eligible;যোগ্য
processor;প্রসেসর
plunge;নিমজ্জন
demographic;জনসংখ্যা সংক্রান্ত
chill;ঠান্ডা
refuge;আশ্রয়
steer;হাল ধরা
legislator;বিধায়ক
rally;সমাবেশ
programming;প্রোগ্রামিং
cheer;উল্লাস
outlet;আউটলেট
intact;অক্ষত
vendor;বিক্রেতা
thrive;উন্নতি লাভ
peanut;চিনাবাদাম
chew;চিবানো
elaborate;বিস্তারিত
conception;গর্ভধারণ
auction;নিলাম
steak;মাংসের ফালি
comply;মেনে চলা
triumph;বিজয়
shareholder;শেয়ারহোল্ডার
comparable;তুলনাযোগ্য
transport;পরিবহন
conscience;বিবেক
calculation;গণনা
considerably;অনেক
interval;অন্তর
scratch;আঁচড়
awake;জাগ্রত
jurisdiction;এখতিয়ার
inevitably;অনিবার্যভাবে
feminist;নারীবাদী
constraint;বাধা
emotionally;আবেগগতভাবে
expedition;অভিযান
allegedly;অভিযোগে
similarity;মিল
butt;বাট
lid;ঢাকনা
dumb;বোবা
bulk;স্তূপ
sprinkle;ছিটিয়ে দেয়া
mortality;মৃত্যুহার
philosophical;দার্শনিক
conversion;রূপান্তর
patron;পৃষ্ঠপোষক
municipal;পৌরসভা
liver;যকৃত
harmony;সম্প্রীতি
solely;এককভাবে
tolerance;সহনশীলতা
goat;ছাগল
blessing;আশীর্বাদ
banana;কলা
palace;প্রাসাদ
formerly;পূর্বে
peasant;কৃষক
neat;ঝরঝরে
grandparent;দাদা-দাদি
lawmaker;আইন প্রণেতা
supermarket;সুপারমার্কেট
cruise;ক্রুজ
mobile;মুঠোফোন
calendar;ক্যালেন্ডার
widow;বিধবা
deposit;আমানত
beard;দাড়ি
brake;ব্রেক
screening;স্ক্রীনিং
impulse;আবেগ
forbid;নিষেধ
fur;পশম
brutal;পাশবিক
predator;শিকারী
poke;খোঁচা
opt;অপট
voluntary;স্বেচ্ছায়
valid;বৈধ
forum;ফোরাম
dancing;নাচ
happily;সুখে
soar;উড্ডয়ন
removal;অপসারণ
autonomy;স্বায়ত্তশাসন
enact;আইন করা
thread;থ্রেড
landmark;ল্যান্ডমার্ক
unhappy;অসুখী
offender;অপরাধী
coming;আসছে
privately;ব্যক্তিগতভাবে
fraction;ভগ্নাংশ
distinctive;স্বতন্ত্র
tourism;পর্যটন
threshold;প্রান্তিক
routinely;নিয়মিত
suite;সুইট
regulator;নিয়ন্ত্রক
straw;খড়
theological;ধর্মতাত্ত্বিক
exhaust;নিষ্কাশন
globe;গ্লোব
fragile;ভঙ্গুর
objection;আপত্তি
chemistry;রসায়ন
old-fashioned;সেকেলে
crowded;ভিড়
blast;বিস্ফোরণ
prevail;বিরাজ করা
overnight;রাতারাতি
denial;অস্বীকার
rental;ভাড়া
fantastic;চমত্কার
fragment;টুকরা
screw;স্ক্রু
warmth;উষ্ণতা
undergraduate;অস্নাতক
headache;মাথাব্যথা
policeman;পুলিশ
projection;অভিক্ষেপ
suitable;উপযুক্ত
graduation;স্নাতক
drill;ড্রিল
cruel;নিষ্ঠুর
mansion;প্রাসাদ
grape;আঙ্গুর
authorize;অনুমোদন করা
cottage;কুটির
driveway;ড্রাইভওয়ে
charm;কবজ
sexuality;যৌনতা
loyal;অনুগত
clay;কাদামাটি
balloon;বেলুন
invention;উদ্ভাবন
ego;অহংকার
fare;করবেন
homework;বাড়ির কাজ
disc;ডিস্ক
sofa;সোফা
availability;উপস্থিতি
radar;রাডার
frown;ভ্রুকুটি
regain;পুনরুদ্ধার
sweater;সোয়েটার
rehabilitation;পুনর্বাসন
rubber;রাবার
retreat;পশ্চাদপসরণ
molecule;অণু
freely;অবাধে
favorable;অনুকূল
steadily;অবিচলিতভাবে
integrated;সমন্বিত
ha;তার আছে
youngster;যুবক
premium;প্রিমিয়াম
accountability;দায়িত্ব
overwhelm;অভিভূত করা
one-third;এক তৃতীয়াংশ
contemplate;চিন্তা করা
update;হালনাগাদ
spark;স্পার্ক
ironically;বিদ্রূপাত্মকভাবে
fatigue;ক্লান্তি
speculate;অনুমান করা
marker;চিহ্নিতকারী
preach;প্রচার
bucket;বালতি
blond;স্বর্ণকেশী
confession;স্বীকারোক্তি
provoke;উত্তেজিত করা
marble;মার্বেল
substantially;উল্লেখযোগ্যভাবে
defender;ডিফেন্ডার
explicit;স্পষ্ট
disturbing;বিরক্তিকর
surveillance;নজরদারি
magnetic;চৌম্বক
technician;প্রযুক্তিবিদ
mutter;মা
devastating;বিধ্বংসী
depart;প্রস্থান
arrow;তীর
trauma;ট্রমা
neighboring;প্রতিবেশী
soak;ভিজিয়ে রাখা
ribbon;ফিতা
meantime;ইতিমধ্যে
transmit;প্রেরণ
harvest;ফসল
consecutive;একটানা
coordinate;সমন্বয়
spy;গুপ্তচর
slot;স্লট
riot;দাঙ্গা
nutrient;পুষ্টি
citizenship;নাগরিকত্ব
severely;গুরুতরভাবে
sovereignty;সার্বভৌমত্ব
ridge;রিজ
brave;সাহসী
lighting;আলো
specify;নির্দিষ্ট করুন
contributor;অবদানকারী
frustrate;হতাশা
articulate;স্পষ্ট করা
importantly;গুরুত্বপূর্ণভাবে
transit;ট্রানজিট
dense;ঘন
seminar;সেমিনার
electronics;ইলেকট্রনিক্স
sunny;রোদ
shorts;শর্টস
swell;চিতান
accusation;অভিযোগ
soften;নরম করা
straighten;সোজা করা
terribly;ভয়ঙ্করভাবে
cue;সংকেত
bride;নববধূ
biography;জীবনী
hazard;বিপদ
compelling;বাধ্যতামূলক
seldom;কদাচিৎ
tile;টালি
economically;অর্থনৈতিকভাবে
honestly;সত্যি বলতে
troubled;অস্থির
twentieth;বিংশতম
balanced;সুষম
foreigner;বিদেশী
convenience;সুবিধা
delight;আনন্দ
weave;বুনা
timber;কাঠ
till;প্রতি
accurately;সঠিকভাবে
plea;আবেদন
bulb;বাল্ব
flying;উড়ন্ত
sustainable;টেকসই
devil;শয়তান
bolt;বল্টু
cargo;জাহাজী মাল
spine;মেরুদণ্ড
seller;বিক্রেতা
skilled;দক্ষ
managing;পরিচালক
marine;সামুদ্রিক
dock;ডক
organized;সংগঠিত
fog;কুয়াশা
diplomat;কূটনীতিক
boring;বিরক্তিকর
sometime;কিছু সময়
summary;সারসংক্ষেপ
missionary;ধর্মপ্রচারক
epidemic;মহামারী
fatal;মারাত্মক
trim;ছাঁটা
warehouse;গুদাম
accelerate;ত্বরান্বিত করা
butterfly;প্রজাপতি
bronze;ব্রোঞ্জ
drown;ডুব
inherent;সহজাত
nationwide;দেশব্যাপী
spit;থুতু
kneel;নতজানু
vacuum;শূন্যস্থান
selected;নির্বাচিত
dictate;নির্দেশ
