the;a
and;a
have;mít
that;že
for;pro
you;vy
with;s
say;říci
this;tento
they;ony
but;ale
his;jeho
from;z
not;ne
she;ona
as;tak jako
what;co
their;jejich
can;umět
who;SZO
get;dostat
would;bych
her;její
all;Všechno
make;udělat
about;o
know;znát
will;vůle
one;jeden
time;čas
there;tam
year;rok
think;myslet si
when;když
which;který
them;jim
some;nějaký
people;lidé
take;vzít
out;ven
into;do
just;prostě
see;vidět
him;mu
your;vaše
come;Přijít
could;mohl
now;Nyní
than;než
like;jako
other;jiný
how;jak
then;pak
its;své
our;náš
two;dva
more;více
these;tyto
want;chtít
way;způsob
look;Koukni se
first;První
also;taky
new;Nový
because;protože
day;den
use;použití
man;muž
find;nalézt
here;tady
thing;věc
give;dát
many;mnoho
well;studna
only;pouze
those;těch
tell;sdělit
very;velmi
even;dokonce
back;zadní
any;žádný
good;dobrý
woman;žena
through;přes
life;život
child;dítě
work;práce
down;dolů
may;smět
after;po
should;by měl
call;volání
world;svět
over;přes
school;škola
still;ještě pořád
try;Snaž se
last;poslední
ask;dotázat se
need;potřeba
too;také
feel;cítit
three;tři
state;Stát
never;nikdy
become;stát se
between;mezi
high;vysoký
really;opravdu
something;něco
most;většina
another;další
much;hodně
family;rodina
own;vlastní
leave;odejít
put;dát
old;starý
while;zatímco
mean;znamenat
keep;držet
student;student
why;proč
let;nechat
great;skvělý
same;stejný
big;velký
group;skupina
begin;začít
seem;zdát se
country;země
help;Pomoc
talk;mluvit
where;kde
turn;otočit se
problem;problém
every;každý
start;Start
hand;ruka
might;mohl
American;americký
show;ukázat
part;část
against;proti
place;místo
such;takový
again;znovu
few;málo
case;případ
week;týden
company;společnost
system;Systém
each;každý
right;že jo
program;program
hear;slyšet
question;otázka
during;během
play;hrát si
government;vláda
run;běh
small;malý
number;číslo
off;vypnuto
always;vždy
move;přestěhovat se
night;noc
live;žít
Mr;pan
point;směřovat
believe;věřit
hold;držet
today;dnes
bring;přinést
happen;stát se
next;další
without;bez
before;před
large;velký
million;milión
must;musí
home;Domov
under;pod
water;voda
room;pokoj, místnost
write;napsat
mother;matka
area;plocha
national;národní
money;peníze
story;příběh
young;Mladá
fact;skutečnost
month;Měsíc
different;odlišný
lot;hodně
study;studie
book;rezervovat
eye;oko
job;práce
word;slovo
though;ačkoli
business;podnikání
issue;problém
side;postranní
kind;druh
four;čtyři
head;hlava
far;daleko
black;Černá
long;dlouho
both;oba
little;málo
house;Dům
yes;Ano
since;od té doby
provide;poskytnout
service;servis
around;kolem
friend;přítel
important;Důležité
father;otec
sit;sedět
away;pryč
until;dokud
power;Napájení
hour;hodina
game;hra
often;často
yet;dosud
line;čára
political;politický
end;konec
among;mezi
ever;vůbec
stand;vydržet
bad;špatný
lose;prohrát
however;nicméně
member;člen
pay;platit
law;zákon
meet;setkat
car;auto
city;město
almost;téměř
include;zahrnout
continue;pokračovat
set;soubor
later;později
community;společenství
name;název
five;Pět
once;jednou
white;bílý
least;nejméně
president;prezident
learn;Učit se
real;nemovitý
change;změna
team;tým
minute;minuta
best;nejlepší
several;několik
idea;idea
kid;dítě
body;tělo
information;informace
nothing;nic
ago;před
lead;Vést
social;sociální
understand;rozumět
whether;zda
watch;hodinky
together;spolu
follow;následovat
parent;rodič
stop;stop
face;tvář
anything;cokoliv
create;vytvořit
public;veřejnost
already;již
speak;mluvit
others;ostatní
read;číst
level;úroveň
allow;dovolit
add;přidat
office;kancelář
spend;strávit
door;dveře
health;zdraví
person;osoba
art;umění
sure;Tak určitě
war;válka
history;Dějiny
party;oslava
within;v rámci
grow;růst
result;výsledek
open;OTEVŘENO
morning;ráno
walk;Procházka
reason;důvod
low;nízký
win;vyhrát
research;výzkum
girl;dívka
guy;chlap
early;brzy
food;jídlo
moment;okamžik
himself;sám
air;vzduch
teacher;učitel
force;platnost
offer;nabídka
enough;dost
education;vzdělání
across;přes
although;Ačkoli
remember;zapamatovat si
foot;chodidlo
second;druhý
boy;chlapec
maybe;možná
toward;směrem k
able;schopný
age;stáří
policy;politika
everything;všechno
love;milovat
process;proces
music;hudba
including;počítaje v to
consider;zvážit
appear;objevit
actually;vlastně
buy;Koupit
probably;pravděpodobně
human;člověk
wait;Počkejte
serve;sloužit
market;trh
die;a
send;poslat
expect;očekávat
sense;smysl
build;stavět
stay;pobyt
fall;podzim
oh;Ach
nation;národ
plan;plán
cut;střih
college;vysoká škola
interest;zájem
death;smrt
course;kurs
someone;někdo
experience;Zkušenosti
behind;za
reach;dosáhnout
local;místní
kill;zabít
six;šest
remain;zůstat
effect;účinek
yeah;to jo
suggest;navrhnout
class;třída
control;řízení
raise;vyzdvihnout
care;péče
perhaps;možná
late;pozdě
hard;tvrdý
field;pole
else;jiný
pass;složit
former;bývalý
sell;prodat
major;hlavní, důležitý
sometimes;někdy
require;vyžadovat
along;podél
development;rozvoj
themselves;oni sami
report;zpráva
role;role
better;lepší
economic;hospodářský
effort;snaha
decide;rozhodni se
rate;hodnotit
strong;silný
possible;možný
heart;srdce
drug;lék
leader;vůdce
light;světlo
voice;hlas
wife;manželka
whole;Celý
police;POLICIE
mind;mysl
finally;Konečně
pull;SEM
return;vrátit se
free;volný, uvolnit
military;válečný
price;cena
less;méně
according;podle
decision;rozhodnutí
explain;vysvětlit
son;syn
hope;naděje
develop;rozvíjet
view;Pohled
relationship;vztah
carry;nést
town;město
road;silnice
drive;řídit
arm;paže
TRUE;SKUTEČNÝ
federal;federální
break;přestávka
difference;rozdíl
thank;poděkovat
receive;dostávat
value;hodnota
international;mezinárodní
building;budova
action;akce
full;úplný
model;Modelka
join;připojit
season;sezóna
society;společnost
tax;daň
director;ředitel
position;pozice
player;hráč
agree;souhlasit
especially;zvláště
record;záznam
pick;výběr
wear;mít na sobě
paper;papír
special;speciální
space;prostor
ground;přízemní
form;formulář
support;Podpěra, podpora
event;událost
official;oficiální
whose;jehož
matter;hmota
everyone;každý
center;centrum
couple;pár
site;místo
project;projekt
hit;udeřil
base;základna
activity;aktivita
star;hvězda
table;stůl
court;soud
produce;vyrobit
eat;jíst
teach;učit
oil;olej
half;polovina
situation;situace
easy;snadný
cost;náklady
industry;průmysl
figure;postava
street;ulice
image;obraz
itself;sám
phone;telefon
either;buď
data;data
cover;Pokrýt
quite;docela
picture;obrázek
clear;Průhledná
practice;praxe
piece;kus
land;přistát
recent;nedávné
describe;popsat
product;produkt
doctor;doktor
wall;stěna
patient;trpěliví
worker;pracovník
news;zprávy
test;test
movie;film
certain;určitý
north;severní
personal;osobní
simply;jednoduše
third;Třetí
technology;technika
catch;úlovek
step;krok
baby;dítě
computer;počítač
type;typ
attention;Pozornost
draw;kreslit
film;film
Republican;Republikán
tree;strom
source;zdroj
red;Červené
nearly;téměř
organization;organizace
choose;Vybrat
cause;způsobit
hair;vlasy
century;století
evidence;důkaz
window;okno
difficult;obtížný
listen;poslouchat
soon;již brzy
culture;kultura
billion;miliarda
chance;šance
brother;bratr
energy;energie
period;doba
summer;léto
realize;uvědomit si
hundred;sto
available;dostupný
plant;rostlina
likely;pravděpodobně
opportunity;příležitost
term;období
short;krátký
letter;dopis
condition;stav
choice;výběr
single;singl
rule;pravidlo
daughter;dcera
administration;správa
south;jižní
husband;manžel
Congress;Kongres
floor;podlaha
campaign;kampaň
material;materiál
population;počet obyvatel
economy;ekonomika
medical;lékařský
hospital;NEMOCNICE
church;kostel
close;zavřít
thousand;tisíc
risk;riziko
current;proud
fire;oheň
future;budoucnost
wrong;špatně
involve;zapojit
defense;obrana
anyone;kdokoliv
increase;zvýšit
security;bezpečnostní
bank;banka
myself;moje maličkost
certainly;rozhodně
west;Západ
sport;sport
board;prkno
seek;hledat
per;za
subject;předmět
officer;důstojník
private;soukromé
rest;odpočinek
behavior;chování
deal;obchod
performance;výkon
fight;boj
throw;házet
top;horní
quickly;rychle
past;minulý
goal;fotbalová branka
bed;postel
order;objednat
author;autor
fill;vyplnit
represent;zastupovat
focus;zaměřit se
foreign;zahraniční, cizí
drop;pokles
blood;krev
upon;na
agency;agentura
push;TLAČIT
nature;Příroda
color;barva
recently;nedávno
store;ukládat
reduce;snížit
sound;zvuk
note;Poznámka
fine;pokuta
near;u
movement;hnutí
page;strana
enter;vstoupit
share;podíl
common;společný
poor;chudý
natural;přírodní
race;závod
concern;znepokojení
series;série
significant;významný
similar;podobný
hot;horký
language;Jazyk
usually;obvykle
response;Odezva
dead;mrtvý
rise;stoupat
animal;zvíře
factor;faktor
decade;desetiletí
article;článek
shoot;střílet
east;východní
save;Uložit
seven;sedm
artist;umělec
scene;scéna
stock;skladem
career;kariéra
despite;navzdory
central;centrální
eight;osm
thus;tím pádem
treatment;léčba
beyond;mimo
happy;šťastný
exactly;přesně tak
protect;chránit
approach;přístup
lie;lhát
size;velikost
dog;Pes
fund;fond
serious;vážné
occur;nastat
media;média
ready;připraven
sign;podepsat
thought;myslel
list;seznam
individual;individuální
simple;jednoduchý
quality;kvalitní
pressure;tlak
accept;akceptovat
answer;Odpovědět
resource;zdroj
identify;identifikovat
left;vlevo, odjet
meeting;Setkání
determine;určit
prepare;připravit
disease;choroba
whatever;To je jedno
success;úspěch
argue;dohadovat se
cup;pohár
particularly;zejména
amount;množství
ability;schopnost
staff;personál
recognize;uznat
indicate;naznačit
character;charakter
growth;růst
loss;ztráta
degree;stupeň
wonder;divit se
attack;Záchvat
herself;sebe
region;kraj
television;televize
box;box
TV;televize
training;výcvik
pretty;pěkný
trade;obchod
election;volby
everybody;všichni
physical;fyzický
lay;položit
general;Všeobecné
feeling;pocit
standard;Standard
bill;účtovat
message;zpráva
fail;selhat
outside;mimo
arrive;přijet
analysis;analýza
benefit;výhoda
sex;sex
forward;vpřed
lawyer;právník
present;současnost, dárek
section;sekce
environmental;životního prostředí
glass;sklenka
skill;dovednost
sister;sestra
PM;ODPOLEDNE
professor;profesor
operation;úkon
financial;finanční
crime;zločin
stage;etapa
ok;OK
compare;porovnat
authority;autorita
miss;slečna, minout
design;design
sort;seřadit
act;akt
ten;deset
knowledge;znalost
gun;pistole
station;stanice
blue;modrý
strategy;strategie
clearly;jasně
discuss;diskutovat
indeed;Vskutku
truth;pravda
song;píseň
example;příklad
democratic;demokratický
check;šek
environment;životní prostředí
leg;noha
dark;temný
various;rozličný
rather;spíše
laugh;smích
guess;tipni si
executive;výkonný
prove;dokázat
hang;pověsit
entire;celý
rock;Skála
forget;zapomenout
claim;Nárok
remove;odstranit
manager;manažer
enjoy;užívat si
network;síť
legal;právní
religious;náboženský
cold;Studený
final;finále
main;hlavní
science;Věda
green;zelená
memory;Paměť
card;Kartu
above;výše
seat;sedadlo
cell;buňka
establish;založit
nice;pěkný
trial;soud
expert;expert
spring;jaro
firm;firma
Democrat;Demokrat
radio;rádio
visit;návštěva
management;řízení
avoid;vyhýbat se
imagine;Představte si
tonight;dnes večer
huge;obrovský
ball;míč
finish;Dokončit
yourself;vy sám
theory;teorie
impact;dopad
respond;reagovat
statement;tvrzení
maintain;udržovat
charge;nabít
popular;populární
traditional;tradiční
onto;na
reveal;odhalit
direction;směr
weapon;zbraň
employee;zaměstnanec
cultural;kulturní
contain;obsahovat
peace;mír
pain;bolest
apply;aplikovat
measure;opatření
wide;široký
shake;otřást
fly;létat
interview;rozhovor
manage;spravovat
chair;židle
fish;Ryba
particular;konkrétní
camera;Fotoaparát
structure;struktura
politics;politika
perform;provést
bit;bit
weight;hmotnost
suddenly;náhle
discover;objevit
candidate;kandidát
production;Výroba
treat;zacházet
trip;výlet
evening;večer
affect;postihnout
inside;uvnitř
conference;konference
unit;jednotka
style;styl
adult;dospělý
worry;trápit se
range;rozsah
mention;zmínit se
deep;hluboký
edge;okraj
specific;charakteristický
writer;spisovatel
trouble;problémy
necessary;nutné
throughout;po celou dobu
challenge;výzva
fear;strach
shoulder;rameno
institution;instituce
middle;střední
sea;moře
dream;sen
bar;bar
beautiful;Krásná
property;vlastnictví
instead;namísto
improve;zlepšit
stuff;věci
detail;detail
method;metoda
somebody;někdo
magazine;časopis
hotel;hotel
soldier;voják
reflect;odrážet
heavy;těžký
sexual;sexuální
bag;Taška
heat;teplo
marriage;manželství
tough;tvrdý
sing;zpívat
surface;povrch
purpose;účel
exist;existovat
pattern;vzor
whom;koho
skin;kůže
agent;činidlo
owner;majitel
machine;stroj
gas;plyn
ahead;vpřed
generation;generace
commercial;komerční
address;adresa
cancer;rakovina
item;položka
reality;realita
coach;trenér
Mrs;paní
yard;yard
beat;porazit
violence;násilí
total;celkový
tend;inklinovat
investment;investice
discussion;diskuse
finger;prst
garden;zahrada
notice;oznámení
collection;sbírka
modern;moderní
task;úkol
partner;partner
positive;pozitivní
civil;civilní
kitchen;kuchyně
consumer;spotřebitel
shot;výstřel
budget;rozpočet
wish;přát si
painting;malování
scientist;vědec
safe;bezpečný
agreement;dohoda
capital;hlavní město
mouth;ústa
nor;ani
victim;oběť
newspaper;noviny
threat;ohrožení
responsibility;odpovědnost
smile;úsměv
attorney;advokát
score;skóre
account;účet
interesting;zajímavý
audience;publikum
rich;bohatý
dinner;večeře
vote;hlasování
western;západní
relate;vztahovat
travel;cestovat
debate;rozprava
prevent;zabránit
citizen;občan
majority;většina
none;žádný
front;přední
born;narozený
admit;připustit
senior;senior
assume;převzít
wind;vítr
key;klíč
professional;profesionální
mission;mise
fast;rychle
alone;sám
customer;zákazník
suffer;trpět
speech;mluvený projev
successful;úspěšný
option;volba
participant;účastník
southern;jižní
fresh;čerstvý
eventually;nakonec
forest;les
video;video
global;globální
Senate;Senát
reform;reforma
access;přístup
restaurant;restaurace
judge;soudce
publish;publikovat
relation;vztah
release;uvolnění
bird;pták
opinion;názor
credit;kredit
critical;kritický
corner;roh
concerned;znepokojený
recall;odvolání
version;verze
stare;upřený pohled
safety;bezpečnost
effective;efektivní
neighborhood;sousedství
original;originál
troop;oddíl
income;příjem
directly;přímo
hurt;zranit
species;druh
immediately;ihned
track;dráha
basic;základní
strike;stávkovat
sky;nebe
freedom;svoboda
absolutely;Absolutně
plane;letadlo
nobody;nikdo
achieve;dosáhnout
object;objekt
attitude;přístup
labor;práce
refer;odkazovat
concept;pojem
client;klienta
powerful;silný
perfect;perfektní
nine;devět
therefore;proto
conduct;chování
announce;oznámit
conversation;konverzace
examine;prozkoumat
touch;dotek
please;prosím
attend;zúčastnit se
completely;zcela
variety;odrůda
sleep;spát
involved;zapojený
investigation;vyšetřování
nuclear;jaderný
researcher;výzkumník
press;lis
conflict;konflikt
spirit;duch
replace;nahradit
British;britský
encourage;podporovat
argument;argument
camp;tábor
brain;mozek
feature;Vlastnosti
afternoon;odpoledne
AM;DOPOLEDNE
weekend;víkend
dozen;tucet
possibility;možnost
insurance;pojištění
department;oddělení
battle;bitva
beginning;začátek
date;datum
generally;obvykle
African;Afričan
sorry;Promiňte
crisis;krize
complete;kompletní
fan;fanoušek
stick;lepit
define;definovat
easily;snadno
hole;otvor
element;živel
vision;vidění
status;postavení
normal;normální
Chinese;čínština
ship;loď
solution;řešení
stone;kámen
slowly;pomalu
scale;měřítko
university;univerzita
introduce;představit
driver;Řidič
attempt;pokus
park;park
spot;bod
lack;nedostatek
ice;led
boat;loď
drink;napít se
sun;slunce
distance;vzdálenost
wood;dřevo
handle;Rukojeť
truck;nákladní auto
mountain;hora
survey;průzkum
supposed;domnělý
tradition;tradice
winter;zima
village;vesnice
Soviet;sovětský
refuse;odmítnout
sales;odbyt
roll;válec
communication;sdělení
screen;obrazovka
gain;získat
resident;rezident
hide;skrýt
gold;zlato
club;klub
farm;farma
potential;potenciál
European;evropský
presence;přítomnost
independent;nezávislý
district;okres
shape;tvar
reader;čtenář
Ms;slečna
contract;smlouva
crowd;dav
Christian;křesťan
express;vyjádřit
apartment;byt
willing;ochotný
strength;síla
previous;předchozí
band;kapela
obviously;očividně
horse;kůň
interested;zájem
target;cílová
prison;vězení
ride;jezdit
guard;hlídat
terms;podmínky
demand;poptávka
reporter;zpravodaj
deliver;dodat
text;text
tool;nástroj
wild;divoký
vehicle;vozidlo
observe;pozorovat
flight;let
facility;zařízení
understanding;porozumění
average;průměrný
emerge;vynořit se
advantage;výhoda
quick;rychlý
leadership;vedení lidí
earn;vydělat
pound;libra
basis;základ
bright;Jasný
operate;fungovat
guest;host
sample;vzorek
contribute;přispět
tiny;drobný
block;blok
protection;ochrana
settle;usadit
feed;krmit
collect;sbírat
additional;další
highly;vysoce
identity;identita
title;titul
mostly;většinou
lesson;lekce
faith;víra
river;řeka
promote;podporovat
living;živobytí
count;počet
unless;ledaže
marry;vdávat se
tomorrow;zítra
technique;technika
path;cesta
ear;ucho
shop;prodejna
folk;lidový
principle;zásada
survive;přežít
lift;výtah
border;okraj
competition;soutěž
jump;skok
gather;shromáždit
limit;omezit
fit;vejít se
cry;plakat
equipment;zařízení
worth;hodnota
associate;spolupracovník
critic;kritik
warm;teplý
aspect;aspekt
insist;trvat
failure;selhání
annual;roční
French;francouzština
Christmas;Vánoce
comment;komentář
responsible;odpovědný
affair;aféra
procedure;postup
regular;pravidelný
spread;šíření
chairman;předseda
baseball;baseball
soft;měkký
ignore;ignorovat
egg;vejce
belief;víra
demonstrate;prokázat
anybody;někdo
murder;vražda
gift;dárek
religion;náboženství
review;Posouzení
editor;editor
engage;zapojit
coffee;káva
document;dokument
speed;Rychlost
cross;přejít
influence;vliv
anyway;tak jako tak
threaten;vyhrožovat
commit;spáchat
female;ženský
youth;mládí
wave;mávat
afraid;strach
quarter;čtvrťák
background;Pozadí
native;rodák
broad;široký
wonderful;Báječné
deny;odmítnout
apparently;zřejmě
slightly;mírně
reaction;reakce
twice;dvakrát
suit;oblek
perspective;perspektivní
growing;rostoucí
blow;foukat
construction;konstrukce
intelligence;inteligence
destroy;zničit
cook;kuchař
connection;spojení
burn;hořet
shoe;bota
grade;školní známka
context;kontext
committee;výbor
hey;Ahoj
mistake;chyba
location;umístění
clothes;oblečení
Indian;indický
quiet;klid
dress;šaty
promise;slib
aware;vědomý
neighbor;soused
function;funkce
bone;kost
active;aktivní
extend;rozšířit
chief;hlavní
combine;kombajn
wine;víno
below;níže
cool;chladný
voter;volič
learning;učení se
bus;autobus
hell;peklo
dangerous;nebezpečný
remind;připomenout
moral;morální
United;Sjednocený
category;kategorie
relatively;poměrně
victory;vítězství
academic;akademický
Internet;Internet
healthy;zdravý
negative;negativní
following;Následující
historical;historický
medicine;lék
tour;prohlídka
depend;záviset
photo;fotografie
finding;nález
grab;urvat
direct;Přímo
classroom;třída
contact;Kontakt
justice;spravedlnost
participate;účastnit se
daily;denně
fair;veletrh
pair;pár
famous;slavný
exercise;cvičení
knee;koleno
flower;květ
tape;páska
hire;pronájem
familiar;známý
appropriate;odpovídající
supply;zásobování
fully;plně
actor;herec
birth;narození
search;Vyhledávání
tie;kravata
democracy;demokracie
eastern;východní
primary;hlavní
yesterday;včera
circle;kruh
device;přístroj
progress;pokrok
bottom;dno
island;ostrov
exchange;výměna
clean;čistý
studio;studio
train;vlak
lady;dáma
colleague;kolega
application;aplikace
neck;krk
lean;opírat se
damage;poškození
plastic;plastický
tall;vysoký
plate;talíř
hate;nenávist
otherwise;v opačném případě
writing;psaní
male;mužský
alive;naživu
expression;výraz
football;Fotbal
intend;zamýšlet
chicken;kuře
army;armáda
abuse;zneužívání
theater;divadlo
shut;zavřít
map;mapa
extra;další
session;zasedání
danger;nebezpečí
welcome;Vítejte
domestic;domácí
lots;spousty
literature;literatura
rain;déšť
desire;touha
assessment;Posouzení
injury;zranění
respect;úcta
northern;severní
nod;přikývnutí
paint;malovat
fuel;pohonné hmoty
leaf;list
dry;suchý
Russian;ruština
instruction;návod
pool;bazén
climb;stoupat
sweet;bonbón
engine;motor
fourth;Čtvrtý
salt;sůl
expand;rozšířit
importance;důležitost
metal;kov
fat;Tlustý
ticket;lístek
software;software
disappear;zmizet
corporate;firemní
strange;zvláštní
lip;ret
reading;čtení
urban;městský
mental;duševní
increasingly;stále více
lunch;oběd
educational;vzdělávací
somewhere;někde
farmer;zemědělec
sugar;cukr
planet;planeta
favorite;oblíbený
explore;prozkoumat
obtain;získat
enemy;nepřítel
greatest;největší
complex;komplex
surround;obklopit
athlete;sportovec
invite;pozvat
repeat;opakovat
carefully;opatrně
soul;duše
scientific;vědecký
impossible;nemožné
panel;panel
meaning;význam
mom;maminka
married;ženatý
instrument;nástroj
predict;předpovědět
weather;počasí
presidential;prezidentské
emotional;emocionální
commitment;závazek
Supreme;Nejvyšší
bear;medvěd
pocket;kapsa
thin;tenký
temperature;teplota
surprise;překvapení
poll;hlasování
proposal;návrh
consequence;následek
breath;dech
sight;pohled
balance;Zůstatek
adopt;přijmout
minority;menšina
straight;rovný
connect;připojit
works;funguje
teaching;výuka
belong;patřit
aid;pomoc
advice;Rada
okay;dobře
photograph;fotografie
empty;prázdný
regional;regionální
trail;stezka
novel;román
code;kód
somehow;Nějak
organize;organizovat
jury;porota
breast;prsa
Iraqi;irácký
acknowledge;potvrdit
theme;téma
storm;bouřka
union;unie
desk;lavice
thanks;dík
fruit;ovoce
expensive;drahý
yellow;žlutá
conclusion;závěr
prime;primární
shadow;stín
struggle;boj
conclude;uzavřít
analyst;analytik
dance;tanec
regulation;nařízení
being;bytost
ring;prsten
largely;převážně
shift;posun
revenue;příjmy
mark;označit
locate;lokalizovat
county;okres
appearance;vzhled
package;balík
difficulty;obtížnost
bridge;most
recommend;doporučit
obvious;zřejmé
basically;v podstatě
e-mail;e-mailem
generate;generovat
anymore;už
propose;navrhnout
thinking;myslící
possibly;možná
trend;trend
visitor;návštěvník
loan;půjčka
currently;v současné době
comfortable;komfortní
investor;investor
profit;zisk
angry;rozzlobený
crew;osádka
accident;nehoda
meal;jídlo
hearing;sluch
traffic;provoz
muscle;sval
notion;představa
capture;zachytit
prefer;preferovat
truly;skutečně
earth;Země
Japanese;japonský
chest;hruď
thick;tlustý
cash;hotovost
museum;muzeum
beauty;krása
emergency;nouzový
unique;unikátní
internal;vnitřní
ethnic;etnický
link;odkaz
stress;stres
content;obsah
select;vybrat
root;vykořenit
nose;nos
declare;prohlásit
appreciate;vážit si
actual;aktuální
bottle;láhev
hardly;stěží
setting;nastavení
launch;zahájení
file;soubor
sick;nemocný
outcome;výsledek
ad;inzerát
defend;hájit
duty;povinnost
sheet;prostěradlo
ought;měl by
ensure;zajistit
Catholic;katolík
extremely;velmi
extent;rozsah
component;komponent
mix;směs
long-term;dlouhodobý
slow;pomalý
contrast;kontrast
zone;zóna
wake;probudit
airport;LETIŠTĚ
brown;hnědý
shirt;košile
pilot;pilot
warn;varovat
ultimately;nakonec
cat;kočka
contribution;příspěvek
capacity;kapacita
ourselves;sebe
estate;majetek
guide;průvodce
circumstance;okolnost
snow;sníh
English;Angličtina
politician;politik
steal;ukrást
pursue;pronásledovat
slip;uklouznutí
percentage;procento
meat;maso
funny;legrační
neither;ani
soil;půda
surgery;chirurgická operace
correct;opravit
Jewish;židovský
blame;obviňovat
estimate;odhad
due;způsoben
basketball;Basketball
golf;golf
investigate;vyšetřovat
crazy;šílený
significantly;výrazně
chain;řetěz
branch;větev
combination;kombinace
frequently;často
governor;guvernér
relief;úleva
user;uživatel
dad;Táto
kick;kop
manner;způsob
ancient;starověký
silence;umlčet
rating;hodnocení
golden;zlatý
motion;pohyb
German;Němec
gender;Rod
solve;řešit
fee;poplatek
landscape;krajina
used;použitý
bowl;miska
equal;rovnat se
forth;dále
frame;rám
typical;typický
except;až na
conservative;konzervativní
eliminate;odstranit
host;hostitel
hall;hala
trust;důvěra
ocean;oceán
row;řádek
producer;výrobce
afford;si dovolit
meanwhile;mezitím
regime;režim
division;divize
confirm;potvrdit
fix;opravit
appeal;odvolání
mirror;zrcadlo
tooth;zub
smart;chytrý
length;délka
entirely;zcela
rely;spolehnout se
topic;téma
complain;stěžovat si
variable;variabilní
telephone;telefon
perception;vnímání
attract;přitahovat
confidence;důvěra
bedroom;ložnice
secret;tajný
debt;dluh
rare;vzácný
tank;nádrž
nurse;zdravotní sestřička
coverage;Dosah
opposition;opozice
aside;stranou
anywhere;kdekoli
bond;pouto
pleasure;potěšení
master;mistr
era;éra
requirement;požadavek
fun;zábava
expectation;očekávání
wing;křídlo
separate;samostatný
somewhat;poněkud
pour;pro
stir;míchat
judgment;rozsudek
beer;pivo
reference;odkaz
tear;roztržení
doubt;pochybovat
grant;grant
seriously;vážně
minister;ministr
totally;naprosto
hero;hrdina
industrial;průmyslový
cloud;mrak
stretch;protáhnout se
winner;vítěz
volume;hlasitost
seed;semínko
surprised;překvapený
fashion;móda
pepper;pepř
busy;zaneprázdněný
intervention;zásah
copy;kopírovat
tip;spropitné
cheap;levný
aim;cíl
cite;uvést
welfare;blahobytu
vegetable;zeleniny
gray;šedá
dish;jídlo
beach;pláž
improvement;zlepšení
everywhere;všude
opening;otevírací
overall;celkově
divide;rozdělit
initial;počáteční
terrible;hrozný
oppose;oponovat
contemporary;moderní
route;trasa
multiple;násobek
essential;nezbytný
league;liga
criminal;zločinec
careful;opatrný
core;jádro
upper;horní
rush;spěch
necessarily;nezbytně
specifically;konkrétně
tired;unavený
employ;zaměstnat
holiday;Dovolená
vast;rozlehlý
resolution;rozlišení
household;Domácnost
fewer;méně
abortion;potrat
apart;odděleně
witness;svědek
match;zápas
barely;sotva
sector;sektor
representative;zástupce
beneath;pod
beside;vedle
incident;incident
limited;omezený
proud;hrdý
flow;tok
faculty;fakulta
increased;zvýšené
waste;odpad
merely;pouze
mass;Hmotnost
emphasize;zdůraznit
experiment;experiment
definitely;rozhodně
bomb;bombardovat
enormous;obrovský
tone;tón
liberal;liberální
massive;masivní
engineer;inženýr
wheel;kolo
decline;pokles
invest;investovat
cable;kabel
towards;vůči
expose;odhalit
rural;venkovský
AIDS;AIDS
Jew;Nebo
narrow;úzký
cream;krém
secretary;tajemník
gate;brána
solid;pevný
hill;kopec
typically;typicky
noise;hluk
grass;tráva
unfortunately;bohužel
hat;Má
legislation;legislativa
succeed;povést se
celebrate;slavit
achievement;úspěch
fishing;rybolov
accuse;obvinit
useful;užitečný
reject;odmítnout
talent;talent
taste;chuť
characteristic;charakteristický
milk;mléko
escape;uniknout
cast;obsazení
sentence;věta
unusual;neobvyklý
closely;úzce
convince;přesvědčit
height;výška
physician;lékař
assess;posoudit
plenty;spousta
virtually;prakticky
addition;přidání
sharp;ostrý
creative;tvořivý
lower;dolní
approve;Schválit
explanation;vysvětlení
gay;gay
campus;kampus
proper;správné
guilty;vinen
acquire;získat
compete;soutěžit
technical;technický
plus;Plus
immigrant;přistěhovalec
weak;slabý
illegal;ilegální
hi;Ahoj
alternative;alternativní
interaction;interakce
column;sloupec
personality;osobnost
signal;signál
curriculum;osnovy
honor;čest
passenger;cestující
assistance;pomoc
forever;navždy
regard;považovat
Israeli;izraelský
association;sdružení
twenty;dvacet
knock;klepání
wrap;zabalit
lab;laboratoř
display;Zobrazit
criticism;kritika
asset;aktivum
depression;Deprese
spiritual;duchovní
musical;hudební
journalist;novinář
prayer;modlitba
suspect;tušit
scholar;učenec
warning;Varování
climate;klima
cheese;sýr
observation;pozorování
childhood;dětství
payment;Způsob platby
sir;Vážený pane
permit;povolení
cigarette;cigareta
definition;definice
priority;přednost
bread;chléb
creation;stvoření
graduate;absolvovat
request;žádost
emotion;emoce
scream;výkřik
dramatic;dramatický
universe;vesmír
gap;mezera
excellent;vynikající
deeply;hluboce
prosecutor;žalobce
lucky;šťastný
drag;táhnout
airline;letecká linka
library;knihovna
agenda;denní program
recover;zotavit se
factory;továrna
selection;výběr
primarily;především
roof;střecha
unable;neschopný
expense;výdaj
initiative;iniciativa
diet;strava
arrest;zatknout
funding;financování
therapy;terapie
wash;umýt
schedule;plán
sad;smutný
brief;stručný
housing;bydlení
post;pošta
purchase;nákup
existing;existující
steel;ocel
regarding;ohledně
shout;křičet
remaining;zbývající
visual;vizuální
fairly;spravedlivě
chip;čip
violent;násilný
silent;tichý
suppose;předpokládat
self;já
bike;kolo
tea;čaj
perceive;vnímat
comparison;srovnání
settlement;vyrovnání
layer;vrstva
planning;plánování
description;popis
slide;skluzavka
widely;široce
wedding;svatba
inform;informovat
portion;část
territory;území
immediate;bezprostřední
opponent;oponent
abandon;opustit
lake;jezero
transform;přeměnit
tension;napětí
leading;vedoucí
bother;obtěžovat
consist;skládat se
alcohol;alkohol
enable;umožnit
bend;ohyb
saving;úspora
desert;poušť
shall;musí
error;chyba
cop;policajt
Arab;Arab
double;dvojnásobek
sand;písek
Spanish;španělština
print;tisk
preserve;zachovat
passage;průchod
formal;formální
transition;přechod
existence;existence
album;album
participation;účast
arrange;uspořádat
atmosphere;atmosféra
joint;kloub
reply;odpověď
cycle;cyklus
opposite;naproti
lock;zámek
deserve;zasloužit si
consistent;konzistentní
resistance;odpor
discovery;objev
exposure;vystavení
pose;póza
stream;proud
sale;Prodej
pot;hrnec
grand;velký
mine;těžit
hello;Ahoj
coalition;koalice
tale;příběh
knife;nůž
resolve;odhodlání
racial;rasový
phase;fáze
joke;žert
coat;kabát
Mexican;mexický
symptom;symptom
manufacturer;výrobce
philosophy;filozofie
potato;brambor
foundation;nadace
quote;citát
online;online
negotiation;jednání
urge;nutkání
occasion;příležitost
dust;prach
breathe;dýchat
elect;zvolit
investigator;vyšetřovatel
jacket;Bunda
glad;rád
ordinary;obyčejný
reduction;snížení
rarely;zřídka
pack;balíček
suicide;sebevražda
numerous;četné
substance;látka
discipline;disciplína
elsewhere;někde jinde
iron;žehlička
practical;praktický
moreover;navíc
passion;vášeň
volunteer;dobrovolník
implement;nářadí
essentially;v podstatě
gene;gen
enforcement;vynucení
vs;vs
sauce;omáčka
independence;nezávislost
marketing;marketing
priest;kněz
amazing;úžasný
intense;intenzivní
advance;záloha
employer;zaměstnavatel
shock;šokovat
inspire;inspirovat
adjust;upravit
retire;odejít
visible;viditelné
kiss;polibek
illness;nemoc
cap;víčko
habit;zvyk
competitive;konkurenční
juice;džus
congressional;parlamentní
involvement;účast
dominate;ovládat
previously;dříve
whenever;kdykoli
transfer;převod
analyze;analyzovat
attach;připojit
disaster;katastrofa
parking;parkoviště
prospect;vyhlídka
boss;šéf
complaint;stížnost
championship;mistrovství
fundamental;základní
severe;těžké
enhance;zlepšit
mystery;tajemství
impose;vnucovat
poverty;chudoba
entry;vstup
spending;utrácení
king;král
evaluate;hodnotit
symbol;symbol
maker;výrobce
mood;nálada
accomplish;splnit
emphasis;důraz
illustrate;ilustrovat
boot;bota
monitor;monitor
Asian;asijský
entertainment;zábava
bean;fazole
evaluation;hodnocení
creature;stvoření
commander;velitel
digital;digitální
arrangement;dohoda
concentrate;soustřeď se
usual;obvyklý
anger;hněv
psychological;psychologický
heavily;těžce
peak;vrchol
approximately;přibližně
increasing;vzrůstající
disorder;porucha
missile;střela
equally;stejně
vary;lišit se
wire;drát
round;kolo
distribution;rozdělení
transportation;přeprava
holy;svatý
twin;dvojče
command;příkaz
commission;komise
interpretation;výklad
breakfast;snídaně
strongly;silně
engineering;inženýrství
luck;štěstí
so-called;tzv
constant;konstantní
clinic;klinika
veteran;veterán
smell;čich
tablespoon;lžíce
capable;schopný
nervous;nervový
tourist;turista
toss;přehazovat
crucial;rozhodující
bury;pohřbít
pray;modlit se
tomato;rajče
exception;výjimka
butter;máslo
deficit;deficit
bathroom;koupelna
objective;objektivní
electronic;elektronický
ally;spojenec
journey;cesta
reputation;pověst
mixture;směs
surely;jistě
tower;věž
smoke;kouř
confront;konfrontovat
pure;čistý
glance;pohled
dimension;dimenze
toy;hračka
prisoner;vězeň
fellow;chlapík
smooth;hladký
nearby;poblíž
peer;peer
designer;návrhář
personnel;personál
educator;vychovatel
relative;relativní
immigration;přistěhovalectví
belt;pás
teaspoon;čajová lžička
birthday;narozeniny
implication;implikace
perfectly;dokonale
coast;pobřeží
supporter;podporovatel
accompany;doprovázet
silver;stříbrný
teenager;teenager
recognition;uznání
retirement;odchod do důchodu
flag;vlajka
recovery;zotavení
whisper;šepot
gentleman;gentleman
corn;kukuřice
moon;měsíc
inner;vnitřní
junior;juniorský
throat;hrdlo
salary;plat
swing;houpačka
observer;pozorovatel
publication;vydání
crop;oříznutí
dig;vy
permanent;trvalý
phenomenon;jev
anxiety;úzkost
unlike;na rozdíl od
wet;mokré
literally;doslova
resist;odolat
convention;konvence
embrace;objetí
assist;pomáhat
exhibition;výstava
construct;postavit
viewer;divák
pan;pánev
consultant;poradce
administrator;správce
occasionally;občas
mayor;starosta
consideration;ohleduplnost
CEO;výkonný ředitel
secure;zajistit
pink;růžový
buck;dolar
historic;historický
poem;báseň
grandmother;babička
bind;svázat
fifth;pátý
constantly;neustále
enterprise;podnik
favor;laskavost
testing;testování
stomach;žaludek
apparent;zdánlivý
weigh;vážit
install;Nainstalujte
sensitive;citlivý
suggestion;návrh
mail;pošta
recipe;recept
reasonable;rozumné
preparation;příprava
wooden;dřevěný
elementary;základní
concert;koncert
aggressive;agresivní
FALSE;NEPRAVDIVÉ
intention;záměr
channel;kanál
extreme;extrémní
tube;trubka
drawing;výkres
protein;protein
quit;přestat
absence;absence
Latin;latinský
rapidly;rychle
jail;vězení
diversity;rozmanitost
honest;upřímný
Palestinian;Palestinec
pace;tempo
employment;zaměstnanost
speaker;mluvčí
impression;dojem
essay;esej
respondent;odpůrce
giant;obří
cake;dort
historian;historik
negotiate;vyjednávat
restore;obnovit
substantial;podstatný
pop;pop
specialist;specialista
origin;původ
approval;schválení
quietly;tiše
advise;radit, podat zprávu
conventional;konvenční
depth;hloubka
wealth;bohatství
disability;postižení
shell;skořápka
criticize;kritizovat
effectively;účinně
biological;biologický
onion;cibule
deputy;zástupce
flat;byt
brand;značka
assure;ujistit
mad;šílený
award;cena
criteria;kritéria
dealer;obchodník
via;přes
utility;utility
precisely;přesně
arise;vzniknout
armed;ozbrojený
nevertheless;nicméně
highway;Dálnice
clinical;klinický
routine;rutina
wage;mzda
normally;normálně
phrase;fráze
ingredient;přísada
stake;kůl
Muslim;muslimský
fiber;vlákno
activist;aktivista
Islamic;islámský
snap;snap
terrorism;terorismus
refugee;uprchlík
incorporate;začlenit
hip;boky
ultimate;Ultimátni
switch;přepínač
corporation;korporace
valuable;cenný
assumption;předpoklad
gear;Ozubené kolo
barrier;bariéra
minor;Méně důležitý
provision;ustanovení
killer;zabiják
assign;přiřadit
gang;gang
developing;rozvíjející se
classic;klasický
chemical;chemikálie
label;označení
teen;dospívající
index;index
vacation;dovolená
advocate;zastánce
draft;návrh
extraordinary;mimořádný
heaven;nebe
rough;hrubý
yell;výkřik
pregnant;těhotná
distant;vzdálený
drama;drama
satellite;satelit
personally;osobně
clock;hodiny
chocolate;čokoláda
Italian;italština
Canadian;kanadský
ceiling;strop
sweep;zametat
advertising;reklamní
universal;univerzální
spin;roztočit
button;knoflík
bell;zvonek
rank;hodnost
darkness;tma
clothing;oblečení
super;super
yield;výtěžek
fence;plot
portrait;portrét
survival;přežití
roughly;zhruba
lawsuit;soudní spor
testimony;svědectví
bunch;chomáč
found;nalezeno
burden;zátěž
react;reagovat
chamber;komora
furniture;nábytek
cooperation;spolupráce
string;tětiva
ceremony;obřad
communicate;komunikovat
cheek;tvář
lost;ztracený
profile;profil
mechanism;mechanismus
disagree;nesouhlasit
penalty;trest
ie;tj
resort;letovisko
destruction;zničení
unlikely;nepravděpodobné
tissue;tkáň
constitutional;ústavní
pant;kalhoty
stranger;cizinec
infection;infekce
cabinet;skříň
broken;zlomený
apple;jablko
electric;elektrický
proceed;pokračovat
bet;ale
literary;literární
virus;virus
stupid;hloupý
dispute;spor
fortune;štěstí
strategic;strategický
assistant;asistent
overcome;překonat
remarkable;pozoruhodný
occupy;okupovat
statistics;statistika
shopping;nakupování
cousin;bratranec
encounter;setkání
wipe;otřít
initially;zpočátku
blind;slepý
port;přístav
electricity;elektřina
genetic;genetický
adviser;poradce
spokesman;mluvčí
retain;zachovat
latter;poslední
incentive;pobídka
slave;otrok
translate;přeložit
accurate;přesný
whereas;zatímco
terror;teror
expansion;rozšíření
elite;elita
Olympic;olympijský
dirt;špína
odd;zvláštní
rice;rýže
bullet;kulka
tight;těsný
Bible;bible
chart;schéma
solar;sluneční
square;náměstí
concentration;koncentrace
complicated;složitý
gently;jemně
champion;mistr
scenario;scénář
telescope;dalekohled
reflection;odraz
revolution;revoluce
strip;pás
interpret;interpretovat
friendly;přátelský
tournament;turnaj
fiction;beletrie
detect;zjistit
tremendous;obrovský
lifetime;život
recommendation;doporučení
senator;senátor
hunting;lov
salad;salát
guarantee;záruka
innocent;nevinný
boundary;hranice
pause;pauza
remote;dálkový
satisfaction;spokojenost
journal;časopis
bench;lavice
lover;milenec
raw;drsný
awareness;povědomí
surprising;překvapující
withdraw;ustoupit
deck;paluba
similarly;podobně
newly;nově
pole;tam není
testify;svědčit
mode;režimu
dialogue;dialog
imply;naznačovat
naturally;přirozeně
mutual;vzájemné
founder;zakladatel
advanced;pokročilý
pride;hrdost
dismiss;zavrhnout
aircraft;letadlo
delivery;dodávka
mainly;hlavně
bake;upéct
freeze;zmrazit
platform;plošina
finance;finance
sink;dřez
attractive;přitažlivý
diverse;rozmanité
relevant;relevantní
ideal;ideál
joy;radost
regularly;pravidelně
working;pracovní
singer;zpěvák
evolve;rozvíjet se
shooting;Střílení
partly;částečně
unknown;neznámý
offense;útok
counter;čelit
DNA;DNA
potentially;potenciálně
thirty;třicet
justify;ospravedlnit
protest;protest
crash;pád
craft;řemeslo
treaty;dohoda
terrorist;terorista
insight;porozumění
possess;mít
politically;politicky
tap;klepnout
extensive;rozsáhlý
episode;epizoda
swim;plavat
tire;pneumatika
fault;chyba
loose;volný
shortly;zakrátko
originally;původně
considerable;značný
prior;předchozí
intellectual;intelektuální
assault;útok
relax;relaxovat
stair;schodiště
adventure;dobrodružství
external;externí
proof;důkaz
confident;sebejistý
headquarters;hlavní sídlo
sudden;náhlý
dirty;špinavý
violation;porušení
tongue;jazyk
license;licence
shelter;přístřeší
rub;třít
controversy;kontroverze
entrance;vchod
properly;správně
fade;slábnout
defensive;obranný
tragedy;tragédie
net;síť
characterize;charakterizovat
funeral;pohřeb
profession;profese
alter;změnit
constitute;představovat
establishment;zřízení
squeeze;sevření
imagination;představivost
mask;maska
convert;konvertovat
comprehensive;obsáhlý
prominent;prominentní
presentation;prezentace
regardless;bez ohledu na
load;zatížení
stable;stabilní
introduction;úvod
pretend;předstírat
elderly;starší
representation;zastoupení
deer;Jelen
split;rozdělit
violate;porušit
partnership;partnerství
pollution;znečištění
emission;emise
steady;stabilní
vital;vitální
fate;osud
earnings;zisk
oven;trouba
distinction;rozdíl
segment;segment
nowhere;nikde
poet;básník
mere;více
exciting;vzrušující
variation;variace
comfort;pohodlí
radical;radikální
adapt;přizpůsobit se
Irish;irština
honey;Miláček
correspondent;korespondent
pale;bledý
musician;hudebník
significance;význam
vessel;plavidlo
storage;úložný prostor
flee;uprchnout
mm-hmm;mm-hmm
leather;kůže
distribute;distribuovat
evolution;vývoj
ill;nemocný
tribe;kmen
shelf;police
grandfather;dědeček
lawn;trávník
buyer;kupující
dining;stolování
wisdom;moudrost
council;rada
vulnerable;zranitelný
instance;instance
garlic;česnek
capability;schopnost
poetry;poezie
celebrity;osobnost
gradually;postupně
stability;stabilita
fantasy;fantazie
scared;vyděšený
plot;spiknutí
framework;rámec
gesture;gesto
depending;v závislosti
ongoing;pokračující
psychology;psychologie
counselor;poradce
chapter;kapitola
divorce;rozvod
owe;dlužím
pipe;trubka
athletic;atletický
slight;nepatrný
math;matematika
shade;odstín
tail;ocas
sustain;udržet
mount;namontovat
obligation;povinnost
angle;úhel
palm;dlaň
differ;lišit
custom;Zvyk
economist;ekonom
fifteen;patnáct
soup;polévka
celebration;oslava
efficient;účinný
composition;složení
satisfy;uspokojit
pile;hromada
briefly;Krátce
carbon;uhlík
closer;blíž
consume;konzumovat
scheme;systém
crack;crack
frequency;frekvence
tobacco;tabák
survivor;Pozůstalý
besides;kromě
psychologist;psycholog
wealthy;bohatý
galaxy;galaxie
given;daný
ski;lyže
limitation;omezení
trace;stopa
appointment;jmenování
preference;přednost
meter;Metr
explosion;výbuch
publicly;veřejně
incredible;neuvěřitelný
fighter;bojovník
rapid;rychlý
admission;přijetí
hunter;lovec
educate;vzdělávat
painful;bolestivý
friendship;přátelství
aide;pobočník
infant;kojenec
calculate;vypočítat
fifty;padesáti
rid;zbavit
porch;veranda
tendency;tendence
uniform;jednotný
formation;formace
scholarship;stipendium
reservation;rezervace
efficiency;účinnost
qualify;kvalifikovat
mall;nákupní centrum
derive;odvodit
scandal;skandál
PC;PC
helpful;ochotný
impress;zapůsobit
heel;Všechno
resemble;podobat se
privacy;Soukromí
fabric;tkanina
contest;soutěž
proportion;poměr
guideline;pokyn
rifle;puška
maintenance;údržba
conviction;přesvědčení
trick;trik
organic;organické
tent;stan
examination;zkouška
publisher;vydavatel
strengthen;posílit
proposed;navržený
myth;mýtus
sophisticated;sofistikovaný
cow;kráva
etc;atd
standing;stojící
asleep;spící
tennis;tenis
nerve;nerv
barrel;hlaveň
bombing;bombardování
membership;členství
ratio;poměr
menu;Jídelní lístek
controversial;kontroverzní
desperate;zoufalý
lifestyle;životní styl
humor;humor
loud;hlasitý
glove;rukavice
sufficient;dostatečný
narrative;příběh
photographer;fotograf
helicopter;helikoptéra
modest;skromný
provider;poskytovatel
delay;zpoždění
agricultural;zemědělský
explode;explodovat
stroke;mrtvice
scope;rozsah
punishment;trest
handful;hrst
badly;špatně
horizon;horizont
curious;zvědavý
downtown;v centru města
girlfriend;přítelkyně
prompt;výzva
cholesterol;cholesterolu
absorb;absorbovat
adjustment;nastavení
taxpayer;poplatník
eager;dychtivý
principal;ředitel školy
detailed;detailní
motivation;motivace
assignment;úkol
restriction;omezení
laboratory;laboratoř
workshop;dílna
differently;jinak
auto;auto
romantic;romantický
cotton;bavlna
motor;motor
sue;Žalovat
flavor;příchuť
overlook;přehlédnout
float;plovák
undergo;podstoupit
sequence;sekvence
demonstration;demonstrace
jet;proud
orange;oranžový
consumption;spotřeba
assert;tvrdit
blade;čepel
temporary;dočasný
medication;léky
cabin;chata
bite;kousat
edition;editace
valley;údolí
yours;vaše
pitch;hřiště
pine;borovice
brilliant;brilantní
versus;proti
manufacturing;výrobní
absolute;absolutní
chef;šéfkuchař
discrimination;diskriminace
offensive;urážlivý
boom;výložník
register;Registrovat
appoint;jmenovat
heritage;dědictví
God;Bůh
dominant;dominantní
successfully;úspěšně
shit;hovno
lemon;citrón
hungry;hladový
wander;bloudit
submit;Předložit
economics;ekonomika
naked;nahý
anticipate;předvídat
nut;matice
legacy;dědictví
extension;rozšíření
shrug;pokrčit rameny
battery;baterie
arrival;příchod
legitimate;legitimní
orientation;orientace
inflation;inflace
cope;zvládnout
flame;plamen
cluster;shluk
wound;rána
dependent;závislý
shower;sprcha
institutional;institucionální
depict;zobrazovat
operating;provozní
flesh;maso
garage;garáž
operator;operátor
instructor;instruktor
collapse;kolaps
borrow;půjčit si
furthermore;dále
comedy;komedie
mortgage;hypotéka
sanction;sankce
civilian;civilní
twelve;dvanáct
weekly;týdně
habitat;místo výskytu
grain;obilí
brush;štětec
consciousness;vědomí
devote;věnovat
measurement;měření
province;provincie
ease;ulehčit
seize;zabavit
ethics;etika
nomination;jmenování
permission;povolení
wise;moudrý
actress;herečka
summit;summit
acid;kyselina
odds;šance
gifted;nadaný
frustration;frustrace
medium;střední
physically;fyzicky
distinguish;rozlišovat
shore;pobřeží
repeatedly;opakovaně
lung;plíce
running;běh
distinct;odlišný
artistic;umělecký
discourse;diskurz
basket;košík
ah;ach
fighting;bojování
impressive;impozantní
competitor;konkurent
ugly;škaredý
worried;ustaraný
portray;zobrazit
powder;prášek
ghost;duch
persuade;přesvědčit
moderate;mírný
subsequent;následující
continued;pokračoval
cookie;cookie
carrier;dopravce
cooking;vaření
frequent;časté
ban;zákaz
awful;hrozné
admire;obdivovat
pet;mazlíček
miracle;zázrak
exceed;překročit
rhythm;rytmus
widespread;rozšířený
killing;zabíjení
lovely;půvabný
sin;hřích
charity;charita
script;skript
tactic;taktika
identification;identifikace
transformation;proměna
everyday;každý den
headline;titulek
venture;podnik
invasion;invaze
nonetheless;nicméně
adequate;adekvátní
piano;klavír
grocery;potraviny
intensity;intenzita
exhibit;exponát
blanket;deka
margin;okraj
quarterback;rozehrávač
mouse;myš
rope;lano
concrete;beton
prescription;předpis
African-American;Afro-Američan
chase;honit
brick;cihlový
recruit;rekrut
patch;náplast
consensus;konsensus
horror;hrůza
recording;záznam
changing;měnící se
painter;malíř
colonial;koloniální
pie;v
sake;saké
gaze;dívat se
courage;odvaha
pregnancy;těhotenství
swear;přísahat
defeat;porazit
clue;vodítko
reinforce;posílit
confusion;zmatek
slice;plátek
occupation;obsazení
dear;milý
coal;uhlí
sacred;posvátný
formula;vzorec
cognitive;poznávací
collective;kolektivní
exact;přesný
uncle;strýc
captain;kapitán
sigh;povzdech
attribute;atribut
dare;odvážit se
homeless;bez domova
gallery;galerie
soccer;fotbal
defendant;obžalovaný
tunnel;tunel
fitness;zdatnost
lap;klín
grave;hrob
toe;pak
container;kontejner
virtue;ctnost
abroad;v cizině
architect;architekt
dramatically;dramaticky
makeup;makeup
inquiry;poptávka
rose;růže
surprisingly;překvapivě
highlight;zvýraznit
decrease;pokles
indication;indikace
rail;železniční
anniversary;výročí
couch;gauč
alliance;aliance
hypothesis;hypotéza
boyfriend;přítel
compose;komponovat
mess;nepořádek
legend;legenda
regulate;regulovat
adolescent;puberťák
shine;lesk
norm;norma
upset;naštvaný
remark;Poznámka
resign;odstoupit
reward;odměna
gentle;jemný
related;příbuzný
organ;orgán
lightly;lehce
concerning;vztahující se k
invent;vymyslet
laughter;smích
northwest;Severozápad
counseling;poradenství
receiver;přijímač
ritual;rituál
insect;hmyz
interrupt;přerušit
salmon;losos
trading;obchodování
magic;kouzlo
superior;nadřízený
combat;boj
stem;zastavit
surgeon;chirurg
acceptable;přijatelný
physics;fyzika
rape;znásilnění
counsel;poradce
jeans;džíny
hunt;lov
continuous;kontinuální
log;log
echo;echo
pill;pilulka
excited;vzrušený
sculpture;sochařství
compound;sloučenina
integrate;integrovat
flour;mouka
bitter;hořký
bare;prostě
slope;sklon
rent;pronajmout si
presidency;předsednictví
serving;porce
subtle;jemný
greatly;velmi
bishop;biskup
drinking;pití
acceptance;přijetí
pump;čerpadlo
candy;bonbón
evil;zlo
pleased;potěšen
medal;medaile
beg;žebrat
sponsor;sponzor
ethical;etický
secondary;sekundární
slam;slam
export;vývozní
experimental;experimentální
melt;tát
midnight;půlnoc
curve;křivka
integrity;integrita
entitle;opravňovat
evident;evidentní
logic;logika
essence;podstata
exclude;vyloučit
harsh;drsný
closet;skříň
suburban;předměstský
greet;pozdravit
interior;interiér
corridor;koridor
retail;maloobchodní
pitcher;Džbán
march;březen
snake;had
excuse;omluva
weakness;slabost
pig;prase
classical;klasický
estimated;odhadnutý
T-shirt;tričko
unemployment;nezaměstnanost
civilization;civilizace
fold;složit
reverse;zvrátit
missing;chybějící
correlation;korelace
humanity;lidstvo
flash;blikat
developer;vývojář
reliable;spolehlivý
excitement;vzrušení
beef;hovězí
Islam;islám
Roman;římský
architecture;architektura
occasional;příležitostné
administrative;správní
elbow;loket
deadly;smrtící
Hispanic;hispánský
allegation;tvrzení
confuse;zmást
airplane;letoun
monthly;měsíční
duck;kachna
dose;dávka
Korean;korejština
plead;prosit
initiate;zahájit
lecture;přednáška
van;z
sixth;šestý
bay;záliv
mainstream;hlavní proud
suburb;předměstí
sandwich;sendvič
trunk;kmen
rumor;pověst
implementation;implementace
swallow;polykat
motivate;motivovat
render;poskytnout
longtime;dlouho
trap;past
restrict;omezit
cloth;tkanina
seemingly;zdánlivě
legislative;legislativní
effectiveness;účinnost
enforce;prosadit
lens;objektiv
inspector;inspektor
lend;půjčovat
plain;prostý
fraud;podvod
companion;společník
contend;bojovat
nail;nehet
array;pole
strict;přísný
assemble;shromáždit
frankly;upřímně řečeno
rat;krysa
hay;pěkný
hallway;chodba
cave;jeskyně
inevitable;nevyhnutelný
southwest;jihozápadní
monster;netvor
unexpected;neočekávané
obstacle;překážka
facilitate;usnadnit
rip;roztrhnout
herb;bylina
overwhelming;ohromující
integration;integrace
crystal;krystal
recession;recese
written;psaný
motive;motiv
flood;zaplavit
pen;pero
ownership;vlastnictví
nightmare;noční můra
inspection;inspekce
supervisor;dozorce
consult;konzultovat
arena;aréna
diagnosis;diagnóza
possession;majetek
forgive;odpustit
consistently;důsledně
basement;suterén
drift;drift
drain;vypustit
prosecution;stíhání
maximum;maximum
announcement;oznámení
warrior;bojovník
prediction;předpověď
bacteria;bakterie
questionnaire;dotazník
mud;bláto
infrastructure;infrastruktura
hurry;pospěš si
privilege;privilegium
temple;chrám
outdoor;venkovní
suck;sát
and/or;a/nebo
broadcast;přenos
re;re
leap;skok
random;náhodný
wrist;zápěstí
curtain;záclona
pond;rybník
domain;doména
guilt;vina
cattle;dobytek
walking;chůze
playoff;play off
minimum;minimální
fiscal;fiskální
skirt;sukně
dump;skládka
hence;proto
database;databáze
uncomfortable;nepříjemný
execute;vykonat
limb;končetina
ideology;ideologie
tune;naladit
continuing;pokračování
harm;poškodit
railroad;železnice
endure;vydržet
radiation;záření
horn;roh
chronic;chronický
peaceful;klidný
innovation;inovace
strain;kmen
guitar;kytara
replacement;výměna, nahrazení
behave;chovat se
administer;spravovat
simultaneously;zároveň
dancer;tanečník
amendment;pozměňovací návrh
pad;podložka
transmission;přenos
await;čekat
retired;v důchodu
trigger;spoušť
spill;rozlít
grateful;vděčný
grace;milost
virtual;virtuální
colony;kolonie
adoption;přijetí
indigenous;domorodý
closed;ZAVŘENO
convict;odsoudit
towel;ručník
modify;upravit
particle;částice
prize;cena
landing;přistání
boost;posílení
bat;jeden
alarm;poplach
festival;festival
grip;rukojeť
weird;podivný
undermine;podkopat
freshman;prvňáček
sweat;potit se
outer;vnější
drunk;opilý
separation;oddělení
traditionally;tradičně
govern;řídit
southeast;jihovýchodní
intelligent;inteligentní
wherever;kdekoli
ballot;hlasování
rhetoric;rétorika
convinced;přesvědčený
driving;řízení
vitamin;vitamín
enthusiasm;nadšení
accommodate;ubytovat
praise;Chvála
injure;zranit
wilderness;divočina
endless;nekonečný
mandate;mandát
respectively;respektive
uncertainty;nejistota
chaos;chaos
mechanical;mechanické
canvas;plátno
forty;čtyřicet
lobby;lobby
profound;hluboký
format;formát
trait;vlastnost
currency;měna
turkey;krocan
reserve;rezervovat
beam;paprsek
astronomer;astronom
corruption;korupce
contractor;dodavatel
apologize;omluvit se
doctrine;doktrína
genuine;originální
thumb;palec
unity;jednota
compromise;kompromis
horrible;hrozný
behavioral;behaviorální
exclusive;výhradní
scatter;rozptyl
commonly;běžně
convey;sdělit
twist;kroutit
complexity;složitost
fork;Vidlička
disk;disk
relieve;zmírnit
suspicion;podezření
health-care;zdravotní péče
residence;rezidence
shame;ostuda
meaningful;smysluplné
sidewalk;chodník
Olympics;olympiády
technological;technologický
signature;podpis
pleasant;příjemný
wow;Páni
suspend;pozastavit
rebel;rebel
frozen;zamrzlý
spouse;manžel
fluid;tekutina
pension;důchod
resume;životopis
theoretical;teoretický
sodium;sodík
promotion;povýšení
delicate;delikátní
forehead;čelo
rebuild;obnovit
bounce;odskočit
electrical;elektrický
hook;háček
detective;detektivní
traveler;cestovatel
click;klikněte
compensation;kompenzace
exit;výstup
attraction;atrakce
dedicate;věnovat
altogether;celkem
pickup;vyzvednout
carve;vyřezávat
needle;jehla
belly;břicho
scare;vyděsit
portfolio;portfolia
shuttle;kyvadlová doprava
invisible;neviditelný
timing;načasování
engagement;angažovanost
ankle;kotník
transaction;transakce
rescue;zachránit
counterpart;protějšek
historically;historicky
firmly;pevně
mild;mírný
rider;jezdec
doll;panenka
noon;poledne
amid;uprostřed
identical;identické
precise;přesný
anxious;úzkostný
structural;strukturální
residential;obytný
diagnose;diagnostikovat
carbohydrate;uhlohydrát
liberty;svoboda
poster;plakát
theology;teologie
nonprofit;nezisková
crawl;plazit se
oxygen;kyslík
handsome;hezký
sum;součet
provided;pokud
businessman;podnikatel
promising;slibný
conscious;při vědomí
determination;odhodlání
donor;dárce
hers;její
pastor;pastor
jazz;jazz
opera;opera
acquisition;získávání
pit;jáma
hug;obejmout
wildlife;divoká zvěř
punish;potrestat
equity;spravedlnost
doorway;vchod
departure;odchod
elevator;výtah
teenage;dospívající
guidance;vedení
happiness;štěstí
statue;socha
pursuit;pronásledování
repair;opravit
decent;slušný
gym;tělocvična
oral;ústní
clerk;úředník
envelope;obálka
reporting;hlášení
destination;destinace
fist;pěst
endorse;podporovat
exploration;průzkum
generous;štědrý
bath;koupel
thereby;tím
indicator;indikátor
sunlight;sluneční světlo
feedback;zpětná vazba
spectrum;spektrum
purple;nachový
laser;laser
bold;tučně
reluctant;váhají
starting;začíná
expertise;odbornost
practically;prakticky
eating;jíst
hint;náznak
sharply;ostře
parade;průvod
realm;oblast
cancel;zrušení
blend;směs
therapist;terapeut
peel;kůra
pizza;pizza
recipient;příjemce
hesitate;váhat
flip;převrátit
accounting;účetnictví
bias;zaujatost
huh;aha
metaphor;metafora
candle;svíčka
judicial;soudní
entity;entita
suffering;utrpení
full-time;plný úvazek
lamp;svítilna
garbage;odpadky
servant;služebník
regulatory;regulační
diplomatic;diplomatický
elegant;elegantní
reception;recepce
vanish;zmizet
automatically;automaticky
chin;brada
necessity;nutnost
confess;Přiznej se
racism;rasismus
starter;startér
banking;bankovní
casual;neformální
gravity;gravitace
enroll;zapsat
diminish;zmenšit
prevention;prevence
minimize;minimalizovat
chop;kotleta
performer;umělec
intent;úmysl
isolate;izolovat
inventory;inventář
productive;výrobní
assembly;shromáždění
civic;občanský
silk;hedvábí
magnitude;velikost
steep;strmé
hostage;rukojmí
collector;kolektor
popularity;popularita
alien;mimozemšťan
dynamic;dynamický
scary;děsivý
equation;rovnice
angel;anděl
offering;nabídka
rage;vztek
photography;fotografování
toilet;toaleta
disappointed;zklamaný
precious;drahocenný
prohibit;zakázat
realistic;realistický
hidden;skrytý
tender;nabídka
gathering;shromáždění
outstanding;vynikající
stumble;klopýtnutí
lonely;osamělý
automobile;automobil
artificial;umělý
dawn;svítání
abstract;abstraktní
descend;sestoupit
silly;hloupý
tide;slapy
shared;sdílené
hopefully;doufejme
readily;snadno
cooperate;spolupracovat
revolutionary;revoluční
romance;romantika
hardware;Hardware
pillow;polštář
kit;souprava
continent;kontinent
seal;těsnění
circuit;obvod
ruling;vládnoucí
shortage;nedostatek
annually;každoročně
lately;poslední dobou
scan;skenovat
fool;blázen
deadline;Uzávěrka
rear;zadní
processing;zpracovává se
ranch;ranč
coastal;pobřežní
undertake;podniknout
softly;měkce
burning;hořící
verbal;slovní
tribal;kmenový
ridiculous;směšný
automatic;automatický
diamond;diamant
credibility;důvěryhodnost
import;import
sexually;sexuálně
divine;božský
sentiment;sentiment
cart;vozík
oversee;dohlížet
o'clock;hodin
elder;starší
pro;pro
inspiration;inspirace
Dutch;holandský
quantity;Množství
trailer;upoutávka
mate;smrt
Greek;řecký
genius;génius
monument;památník
bid;nabídka
quest;hledání
sacrifice;oběť
invitation;pozvání
accuracy;přesnost
juror;porotce
officially;oficiálně
broker;makléř
treasure;poklad
loyalty;věrnost
talented;talentovaný
gasoline;benzín
stiff;tuhý
output;výstup
nominee;kandidát
extended;prodloužený
diabetes;cukrovka
slap;políček
toxic;toxický
alleged;údajný
jaw;čelist
grief;smutek
mysterious;tajemný
rocket;raketa
donate;darovat
inmate;chovanec
tackle;řešit
dynamics;dynamika
bow;luk
ours;naše
dignity;důstojnost
carpet;koberec
parental;rodičovský
bubble;bublina
buddy;kamarád
barn;stodola
sword;meč
seventh;sedmý
glory;sláva
tightly;těsně
protective;ochranný
tuck;zastrčit
drum;buben
faint;chabý
queen;královna
dilemma;dilema
input;vstup
specialize;specializovat se
northeast;severovýchod
shallow;mělký
liability;odpovědnost
sail;plachta
merchant;obchodník
stadium;stadión
improved;zlepšila
bloody;krvavý
associated;spojené
withdrawal;vybrání
refrigerator;lednička
nest;hnízdo
thoroughly;důkladně
lane;pruh
ancestor;předek
condemn;odsoudit
steam;pára
accent;přízvuk
optimistic;optimistický
unite;sjednotit
cage;klec
equip;vybavit
shrimp;krevety
homeland;vlast
rack;nosič
costume;kostým
wolf;vlk
courtroom;soudní síň
statute;statut
cartoon;kreslená pohádka
productivity;produktivita
grin;úsměv
symbolic;symbolický
bug;Chyba
bless;žehnat
aunt;teta
agriculture;zemědělství
hostile;nepřátelský
conceive;otěhotnět
combined;kombinovaný
instantly;okamžitě
bankruptcy;bankrot
vaccine;vakcína
bonus;bonus
collaboration;spolupráce
mixed;smíšený
opposed;protichůdný
orbit;obíhat
grasp;uchopit
patience;trpělivost
spite;navzdory
tropical;tropický
voting;hlasování
patrol;hlídka
willingness;ochota
revelation;zjevení
calm;uklidnit
jewelry;šperky
Cuban;kubánský
haul;dopravovat
concede;připustit
wagon;vagón
afterward;poté
spectacular;okázalý
ruin;zřícenina
sheer;naprostý
immune;imunní
reliability;spolehlivost
ass;je
alongside;vedle
bush;keř
exotic;exotický
fascinating;fascinující
clip;klip
thigh;stehno
bull;býk
drawer;šuplík
sheep;ovce
discourage;odradit
coordinator;koordinátor
ideological;ideologický
runner;běžec
secular;světský
intimate;intimní
empire;říše
cab;kabina
exam;zkouška
documentary;dokumentární
neutral;neutrální
biology;biologie
flexible;flexibilní
progressive;progresivní
web;web
conspiracy;spiknutí
casualty;oběť
republic;republika
execution;provedení
terrific;úžasný
whale;velryba
functional;funkční
instinct;instinkt
teammate;spoluhráč
aluminum;hliník
whoever;kdokoliv
ministry;ministerstvo
verdict;výrok
instruct;poučit
skull;lebka
self-esteem;sebevědomí
cooperative;družstevní
manipulate;manipulovat
bee;včela
practitioner;praktik
loop;smyčka
edit;Upravit
whip;bič
puzzle;hádanka
mushroom;houba
subsidy;dotace
boil;vařit
tragic;tragický
mathematics;matematika
mechanic;mechanik
jar;sklenice
earthquake;zemětřesení
pork;vepřové maso
creativity;tvořivost
safely;bezpečně
underlying;základní
dessert;dezert
sympathy;sympatie
fisherman;rybář
incredibly;neuvěřitelně
isolation;izolace
sock;ponožka
eleven;jedenáct
sexy;sexy
entrepreneur;podnikatel
syndrome;syndrom
bureau;kancelář
workplace;pracoviště
ambition;ctižádost
touchdown;přistání
utilize;využít
breeze;vánek
costly;nákladné
ambitious;ambiciózní
Christianity;křesťanství
presumably;pravděpodobně
influential;vlivný
translation;překlad
uncertain;nejistý
dissolve;rozpustit
statistical;statistický
gut;střevo
metropolitan;metropolitní
rolling;válcování
aesthetic;estetický
spell;hláskovat
insert;vložit
booth;stánek
helmet;helma
waist;pás
expected;očekávaný
lion;lev
accomplishment;dosažení
royal;královský
panic;panika
crush;rozdrtit
actively;aktivně
cliff;útes
minimal;minimální
cord;šňůra
fortunately;naštěstí
cocaine;kokain
illusion;iluze
anonymous;anonymní
tolerate;tolerovat
appreciation;uznání
commissioner;komisař
flexibility;flexibilita
instructional;instruktážní
scramble;škrábat
casino;kasino
tumor;nádor
decorate;vyzdobit
pulse;puls
equivalent;ekvivalent
fixed;pevný
experienced;zkušený
donation;sponzorský dar
diary;deník
sibling;sourozenec
irony;ironie
spoon;lžíce
midst;uprostřed
alley;alej
interact;interagovat
soap;mýdlo
cute;roztomilý
rival;soupeřit
short-term;krátkodobý
punch;rána pěstí
pin;kolík
hockey;hokej
passing;míjení
persist;vytrvat
supplier;dodavatele
known;známý
momentum;hybnost
purse;peněženka
shed;kůlna
liquid;kapalina
icon;ikona
elephant;slon
consequently;tudíž
legislature;zákonodárný sbor
franchise;franšíza
correctly;správně
mentally;mentálně
foster;podporovat
bicycle;jízdní kolo
encouraging;povzbudivý
cheat;ošidit
heal;vyléčit
fever;horečka
filter;filtr
rabbit;králičí
coin;mince
exploit;využívat
accessible;přístupný
organism;organismus
sensation;pocit
partially;částečně
upstairs;nahoru po schodech
dried;sušené
conservation;zachování
shove;strčit
backyard;dvorek
charter;charta
stove;sporák
consent;souhlas
comprise;obsahovat
reminder;připomínka
alike;podobně
placement;umístění
dough;těsto
grandchild;vnouče
dam;přehrada
reportedly;údajně
well-known;dobře známý
surrounding;okolní
ecological;ekologický
outfit;výstroj
unprecedented;bezprecedentní
columnist;sloupkař
workout;cvičení
preliminary;předběžný
patent;patent
shy;plachý
trash;odpadky
disabled;zakázáno
gross;Hrubý
damn;sakra
hormone;hormon
texture;textura
pencil;tužka
frontier;hranice
spray;sprej
disclose;prozradit
custody;péče
banker;bankéř
beast;bestie
interfere;zasahovat
oak;dub
eighth;osmý
notebook;notebook
outline;obrys
attendance;účast
speculation;spekulace
uncover;odhalit
behalf;jménem
innovative;inovační
shark;žralok
mill;mlýn
installation;instalace
stimulate;stimulovat
tag;štítek
vertical;vertikální
swimming;plavání
fleet;Flotila
catalog;katalog
outsider;outsider
desperately;zoufale
stance;postoj
compel;přinutit
sensitivity;citlivost
someday;někdy
instant;okamžitý
debut;debut
proclaim;vyhlásit
worldwide;celosvětově
hike;túra
required;Požadované
confrontation;konfrontace
colorful;barvitý
constitution;ústava
trainer;trenér
Thanksgiving;Díkůvzdání
scent;vůně
stack;zásobník
eyebrow;obočí
sack;pytel
cease;přestat
inherit;dědíte
tray;zásobník
pioneer;průkopník
organizational;organizační
textbook;učebnice
uh;uh
nasty;ošklivý
shrink;zmenšit
emerging;vznikající
dot;tečka
wheat;pšenice
fierce;divoký
envision;představit si
rational;Racionální
kingdom;království
aisle;ulička
weaken;oslabit
protocol;protokol
exclusively;výhradně
vocal;hlasitý
marketplace;tržiště
openly;otevřeně
unfair;nespravedlivé
terrain;terén
deploy;nasadit
risky;riskantní
pasta;těstoviny
genre;žánr
distract;rozptýlit
merit;zásluhy
planner;plánovač
depressed;deprimovaný
chunk;kus
closest;nejbližší
discount;sleva
ladder;žebřík
jungle;džungle
migration;migrace
breathing;dýchání
invade;napadnout
hurricane;hurikán
retailer;maloobchodník
classify;klasifikovat
coup;převrat
ambassador;velvyslanec
density;hustota
supportive;podpůrný
curiosity;zvědavost
skip;přeskočit
aggression;agrese
stimulus;podnět
journalism;žurnalistika
robot;robot
dip;dip
likewise;rovněž
informal;neformální
Persian;Peršan
feather;Pírko
sphere;koule
tighten;utáhnout
boast;chlubit se
pat;stejný
perceived;vnímaný
sole;jediný
publicity;publicita
unfold;rozvinout
well-being;pohodu
validity;doba platnosti
ecosystem;ekosystému
strictly;přísně
partial;částečný
collar;límec
weed;plevel
compliance;dodržování
streak;pruh
supposedly;údajně
added;přidal
builder;stavitel
glimpse;záblesk
premise;předpoklad
specialty;specialita
deem;považovat
artifact;artefakt
sneak;žalobníček
monkey;opice
mentor;učitel
two-thirds;dvě třetiny
listener;posluchač
lightning;Blesk
legally;legálně
sleeve;rukáv
disappointment;zklamání
disturb;rušit
rib;žebro
excessive;nadměrný
high-tech;high-tech
debris;trosky
rod;tyč
logical;logický
ash;popel
socially;společensky
parish;farní
slavery;otroctví
blank;prázdný
commodity;zboží
cure;lék
mineral;minerální
hunger;hlad
dying;umírající
developmental;vývojový
faster;rychlejší
spare;náhradní
halfway;na půli cesty
equality;rovnost
cemetery;hřbitov
harassment;obtěžování
deliberately;záměrně
fame;sláva
regret;litovat
striking;překvapující
likelihood;pravděpodobnost
carrot;mrkev
atop;nahoře
toll;mýtné
rim;okraj
embarrassed;v rozpacích
fucking;zasraný
cling;lpět
isolated;izolovaný
blink;blikat
suspicious;podezřelý
wheelchair;invalidní vozík
squad;četa
eligible;vhodný
processor;procesor
plunge;ponořit se
demographic;demografický
chill;chlad
refuge;útočiště
steer;řídit
legislator;zákonodárce
rally;shromáždění
programming;programování
cheer;jásot
outlet;vývod
intact;neporušený
vendor;prodejce
thrive;prospívat
peanut;arašíd
chew;žvýkat
elaborate;propracovaný
conception;početí
auction;aukce
steak;steak
comply;dodržovat
triumph;triumf
shareholder;akcionář
comparable;srovnatelný
transport;doprava
conscience;svědomí
calculation;výpočet
considerably;značně
interval;časový úsek
scratch;poškrábat
awake;probudit
jurisdiction;jurisdikce
inevitably;nevyhnutelně
feminist;feministka
constraint;omezení
emotionally;citově
expedition;expedice
allegedly;údajně
similarity;podobnost
butt;zadek
lid;víčko
dumb;němý
bulk;hromadně
sprinkle;posypat
mortality;úmrtnost
philosophical;filozofický
conversion;konverze
patron;patron
municipal;obecní
liver;játra
harmony;harmonie
solely;výhradně
tolerance;tolerance
goat;koza
blessing;požehnání
banana;banán
palace;palác
formerly;dříve
peasant;rolník
neat;elegantní
grandparent;prarodič
lawmaker;zákonodárce
supermarket;supermarket
cruise;plavba
mobile;mobilní, pohybliví
calendar;kalendář
widow;vdova
deposit;vklad
beard;vousy
brake;brzda
screening;promítání
impulse;impuls
forbid;zakázat
fur;srst
brutal;brutální
predator;dravec
poke;strčit
opt;opt
voluntary;dobrovolný
valid;platný
forum;Fórum
dancing;taneční
happily;šťastně
soar;stoupat
removal;odstranění
autonomy;autonomie
enact;uzákonit
thread;vlákno
landmark;mezník
unhappy;nešťastný
offender;pachatel
coming;příchod
privately;soukromě
fraction;zlomek
distinctive;rozlišovací
tourism;cestovní ruch
threshold;práh
routinely;běžně
suite;apartmá
regulator;regulátor
straw;sláma
theological;teologický
exhaust;vyčerpat
globe;zeměkoule
fragile;křehký
objection;námitka
chemistry;chemie
old-fashioned;staromódní
crowded;přeplněný
blast;výbuch
prevail;převažovat
overnight;přes noc
denial;odmítnutí
rental;pronájem
fantastic;fantastický
fragment;fragment
screw;šroub
warmth;teplo
undergraduate;vysokoškolák
headache;bolest hlavy
policeman;policista
projection;projekce
suitable;vhodný
graduation;promoce
drill;vrtat
cruel;krutý
mansion;sídlo
grape;hroznový
authorize;povolit
cottage;chalupa
driveway;příjezdová cesta
charm;kouzlo
sexuality;sexualita
loyal;loajální
clay;jíl
balloon;balón
invention;vynález
ego;ego
fare;Dělat
homework;domácí práce
disc;disk
sofa;pohovka
availability;dostupnost
radar;radar
frown;mračit
regain;znovu získat
sweater;svetr
rehabilitation;rehabilitace
rubber;pryž
retreat;ústraní
molecule;molekula
freely;svobodně
favorable;příznivý
steadily;stále
integrated;integrovaný
ha;on má
youngster;mladík
premium;pojistné
accountability;odpovědnost
overwhelm;přemoci
one-third;jedna třetina
contemplate;rozjímat
update;Aktualizace
spark;jiskra
ironically;ironicky
fatigue;únava
speculate;spekulovat
marker;popisovač
preach;kázat
bucket;Kbelík
blond;blond
confession;zpověď
provoke;provokovat
marble;mramor
substantially;podstatně
defender;obránce
explicit;explicitní
disturbing;rušivý
surveillance;dohled
magnetic;magnetický
technician;technik
mutter;matka
devastating;zničující
depart;odejít
arrow;šipka
trauma;trauma
neighboring;sousední
soak;namočit
ribbon;stuha
meantime;mezitím
transmit;vysílat
harvest;sklizeň
consecutive;po sobě
coordinate;koordinovat
spy;špión
slot;slot
riot;vzpoura
nutrient;živina
citizenship;státní občanství
severely;vážně
sovereignty;Suverenita
ridge;hřbet
brave;statečný
lighting;osvětlení
specify;specifikovat
contributor;přispěvatel
frustrate;zmařit
articulate;artikulovat
importantly;důležité
transit;tranzit
dense;hustý
seminar;seminář
electronics;elektronika
sunny;slunný
shorts;šortky
swell;bobtnat
accusation;obvinění
soften;změkčit
straighten;narovnat
terribly;strašně
cue;tágo
bride;nevěsta
biography;životopis
hazard;nebezpečí
compelling;přesvědčivé
seldom;zřídka
tile;dlaždice
economically;ekonomicky
honestly;upřímně řečeno
troubled;ustaraný
twentieth;dvacetina
balanced;vyrovnaný
foreigner;cizinec
convenience;pohodlí
delight;rozkoš
weave;vazba
timber;dřevo
till;na
accurately;přesně
plea;prosba
bulb;žárovka
flying;letící
sustainable;udržitelného
devil;ďábel
bolt;šroub
cargo;náklad
spine;páteř
seller;prodejce
skilled;zručný
managing;řízení
marine;námořní
dock;dok
organized;organizovaný
fog;mlha
diplomat;diplomat
boring;nudný
sometime;Nějaký čas
summary;souhrn
missionary;misionář
epidemic;epidemický
fatal;fatální
trim;oříznout
warehouse;sklad
accelerate;urychlit
butterfly;motýl
bronze;bronz
drown;utopit
inherent;vlastní
nationwide;celostátní
spit;plivat
kneel;klečet
vacuum;vakuum
selected;vybraný
dictate;diktovat
