the;det
and;og
have;har
that;at
for;til
you;du
with;med
say;sige
this;dette
they;de
but;men
his;hans
from;fra
not;ikke
she;hun
as;som
what;hvad
their;deres
can;kan
who;WHO
get;få
would;ville
her;hende
all;alle
make;lave
about;om
know;ved godt
will;vilje
one;en
time;tid
there;der
year;år
think;tænke
when;hvornår
which;hvilken
them;dem
some;nogle
people;mennesker
take;tage
out;ud
into;ind i
just;lige
see;se
him;Hej M
your;din
come;komme
could;kunne
now;nu
than;end
like;synes godt om
other;Andet
how;hvordan
then;derefter
its;dens
our;vores
two;to
more;mere
these;Disse
want;vil have
way;vej
look;se
first;først
also;også
new;ny
because;fordi
day;dag
use;brug
man;mand
find;finde
here;her
thing;ting
give;give
many;mange
well;godt
only;kun
those;de der
tell;fortælle
very;meget
even;også selvom
back;tilbage
any;nogen
good;godt
woman;kvinde
through;igennem
life;liv
child;barn
work;arbejde
down;ned
may;kan
after;efter
should;skulle gerne
call;opkald
world;verden
over;over
school;skole
still;stadig
try;prøve
last;sidst
ask;Spørg
need;brug for
too;også
feel;føle
three;tre
state;stat
never;aldrig
become;blive
between;mellem
high;høj
really;virkelig
something;noget
most;mest
another;en anden
much;meget
family;familie
own;egen
leave;forlade
put;sætte
old;gammel
while;mens
mean;betyde
keep;holde
student;studerende
why;hvorfor
let;lade
great;store
same;samme
big;stor
group;gruppe
begin;begynde
seem;synes
country;Land
help;Hjælp
talk;tale
where;hvor
turn;tur
problem;problem
every;hver
start;Start
hand;hånd
might;magt
American;amerikansk
show;at vise
part;en del
against;mod
place;placere
such;sådan
again;igen
few;få
case;sag
week;uge
company;Selskab
system;system
each;hver
right;ret
program;program
hear;høre
question;spørgsmål
during;i løbet af
play;Spil
government;regering
run;løb
small;lille
number;nummer
off;af
always;altid
move;bevæge sig
night;nat
live;Direkte
Mr;Hr
point;punkt
believe;tro på
hold;holde
today;i dag
bring;tage med
happen;ske
next;Næste
without;uden
before;Før
large;stor
million;million
must;skal
home;hjem
under;under
water;vand
room;værelse
write;skrive
mother;mor
area;areal
national;national
money;penge
story;historie
young;ung
fact;faktum
month;måned
different;forskellige
lot;masse
study;undersøgelse
book;Bestil
eye;øje
job;job
word;ord
though;selvom
business;forretning
issue;problem
side;side
kind;venlig
four;fire
head;hoved
far;langt
black;sort
long;lang
both;begge
little;lille
house;hus
yes;Ja
since;siden
provide;give
service;service
around;rundt om
friend;ven
important;vigtig
father;far
sit;sidde
away;væk
until;så længe
power;strøm
hour;time
game;spil
often;tit
yet;endnu
line;linje
political;politisk
end;ende
among;blandt
ever;nogensinde
stand;stå
bad;dårligt
lose;tabe
however;imidlertid
member;medlem
pay;betale
law;lov
meet;møde
car;bil
city;by
almost;næsten
include;omfatte
continue;Blive ved
set;sæt
later;senere
community;fællesskab
name;navn
five;fem
once;enkelt gang
white;hvid
least;mindst
president;formand
learn;lære
real;ægte
change;lave om
team;hold
minute;minut
best;bedst
several;flere
idea;ide
kid;barn
body;legeme
information;Information
nothing;ikke noget
ago;siden
lead;at føre
social;social
understand;forstå
whether;om
watch;kigge på
together;sammen
follow;følge efter
parent;forælder
stop;hold op
face;ansigt
anything;hvad som helst
create;skab
public;offentlig
already;allerede
speak;tale
others;andre
read;Læs
level;niveau
allow;tillade
add;tilføje
office;kontor
spend;bruge
door;dør
health;sundhed
person;person
art;kunst
sure;jo da
war;krig
history;historie
party;parti
within;inden for
grow;dyrke
result;resultat
open;åben
morning;morgen
walk;gå
reason;grund
low;lav
win;vinde
research;forskning
girl;pige
guy;fyr
early;tidlig
food;mad
moment;øjeblik
himself;ham selv
air;luft
teacher;lærer
force;kraft
offer;tilbud
enough;nok
education;uddannelse
across;et kors
although;Selvom
remember;Husk
foot;fod
second;sekund
boy;dreng
maybe;måske
toward;imod
able;i stand
age;alder
policy;politik
everything;alt
love;kærlighed
process;behandle
music;musik
including;inklusive
consider;overveje
appear;komme til syne
actually;rent faktisk
buy;købe
probably;sandsynligvis
human;human
wait;vente
serve;tjene
market;marked
die;det
send;sende
expect;forventer
sense;følelse
build;bygge
stay;Bliv
fall;efterår
oh;åh
nation;nation
plan;plan
cut;skære
college;kollegium
interest;interesse
death;død
course;Rute
someone;nogen
experience;erfaring
behind;bag
reach;nå
local;lokal
kill;dræbe
six;seks
remain;forblive
effect;effekt
yeah;ja
suggest;antyder
class;klasse
control;styring
raise;hæve
care;omsorg
perhaps;måske
late;sent
hard;svært
field;Mark
else;andet
pass;passere
former;tidligere
sell;sælge
major;major
sometimes;Sommetider
require;kræve
along;langs med
development;udvikling
themselves;dem selv
report;rapport
role;rolle
better;bedre
economic;økonomisk
effort;indsats
decide;beslutte
rate;sats
strong;stærk
possible;muligt
heart;hjerte
drug;medicin
leader;leder
light;lys
voice;stemme
wife;kone
whole;hel
police;politi
mind;sind
finally;langt om længe
pull;trække
return;Vend tilbage
free;ledig
military;militær
price;pris
less;mindre
according;ifølge
decision;afgørelse
explain;forklare
son;søn
hope;håber
develop;udvikle
view;udsigt
relationship;forhold
carry;bære
town;by
road;vej
drive;køre
arm;arm
TRUE;RIGTIGT
federal;føderale
break;pause
difference;forskel
thank;takke
receive;modtage
value;værdi
international;international
building;bygning
action;handling
full;fuld
model;model
join;tilslutte
season;sæson
society;samfund
tax;skat
director;direktør
position;position
player;spiller
agree;enig
especially;især
record;optage
pick;plukke
wear;have på
paper;papir
special;særlig
space;plads
ground;jord
form;form
support;support
event;begivenhed
official;officiel
whose;hvis
matter;stof
everyone;alle sammen
center;centrum
couple;par
site;websted
project;projekt
hit;hit
base;grundlag
activity;aktivitet
star;stjerne
table;bord
court;ret
produce;fremstille
eat;spise
teach;underviser
oil;olie
half;halvt
situation;situation
easy;let
cost;koste
industry;industri
figure;figur
street;gade
image;billede
itself;sig selv
phone;telefon
either;enten
data;data
cover;dække over
quite;temmelig
picture;billede
clear;klar
practice;øve sig
piece;stykke
land;jord
recent;nylig
describe;beskrive
product;produkt
doctor;læge
wall;væg
patient;patient
worker;arbejder
news;nyheder
test;prøve
movie;film
certain;bestemte
north;nord
personal;personlig
simply;ganske enkelt
third;tredje
technology;teknologi
catch;fangst
step;trin
baby;baby
computer;computer
type;type
attention;opmærksomhed
draw;tegne
film;film
Republican;Republikaner
tree;træ
source;kilde
red;rød
nearly;næsten
organization;organisation
choose;vælge
cause;årsag
hair;hår
century;århundrede
evidence;beviser
window;vindue
difficult;svært
listen;Lyt
soon;snart
culture;kultur
billion;milliard
chance;chance
brother;bror
energy;energi
period;periode
summer;sommer
realize;realisere
hundred;hundrede
available;ledig
plant;plante
likely;sandsynligt
opportunity;mulighed
term;semester
short;kort
letter;brev
condition;tilstand
choice;valg
single;enkelt
rule;Herske
daughter;datter
administration;administration
south;syd
husband;ægtemand
Congress;Kongres
floor;etage
campaign;kampagne
material;materiale
population;befolkning
economy;økonomi
medical;medicinsk
hospital;Hospital
church;kirke
close;tæt
thousand;tusind
risk;risiko
current;nuværende
fire;brand
future;fremtid
wrong;forkert
involve;involvere
defense;forsvar
anyone;nogen som helst
increase;øge
security;sikkerhed
bank;bank
myself;Mig selv
certainly;sikkert
west;vest
sport;sport
board;bestyrelse
seek;søge
per;om
subject;emne
officer;officer
private;privat
rest;hvile
behavior;opførsel
deal;del
performance;ydeevne
fight;kæmpe
throw;kaste
top;top
quickly;hurtigt
past;forbi
goal;mål
bed;seng
order;bestille
author;forfatter
fill;fylde
represent;repræsentere
focus;fokus
foreign;udenlandsk
drop;dråbe
blood;blod
upon;på
agency;bureau
push;skubbe
nature;natur
color;farve
recently;for nylig
store;butik
reduce;reducere
sound;lyd
note;Bemærk
fine;bøde
near;nær ved
movement;bevægelse
page;side
enter;gå ind
share;del
common;almindelige
poor;fattige
natural;naturlig
race;race
concern;bekymring
series;serie
significant;væsentlig
similar;lignende
hot;hed
language;Sprog
usually;som regel
response;respons
dead;død
rise;stige
animal;dyr
factor;faktor
decade;årti
article;artikel
shoot;skyde
east;øst
save;Gemme
seven;syv
artist;kunstner
scene;scene
stock;lager
career;karriere
despite;på trods af
central;central
eight;otte
thus;dermed
treatment;behandling
beyond;ud over
happy;lykkelig
exactly;Nemlig
protect;beskytte
approach;nærme sig
lie;ligge
size;størrelse
dog;hund
fund;fond
serious;alvorlig
occur;forekomme
media;medier
ready;parat
sign;skilt
thought;tanke
list;liste
individual;individuel
simple;enkel
quality;kvalitet
pressure;tryk
accept;acceptere
answer;svar
resource;ressource
identify;identificere
left;venstre
meeting;møde
determine;bestemme
prepare;forberede
disease;sygdom
whatever;uanset hvad
success;succes
argue;argumentere
cup;kop
particularly;især
amount;beløb
ability;evne
staff;personale
recognize;genkende
indicate;angive
character;Karakter
growth;vækst
loss;tab
degree;grad
wonder;spekulerer
attack;angreb
herself;hende selv
region;område
television;television
box;boks
TV;TV
training;uddannelse
pretty;smuk
trade;handle
election;valg
everybody;alle
physical;fysisk
lay;lægge
general;generel
feeling;følelse
standard;standard
bill;regning
message;besked
fail;svigte
outside;uden for
arrive;ankomme
analysis;analyse
benefit;fordel
sex;køn
forward;frem
lawyer;jurist
present;til stede
section;afsnit
environmental;miljømæssige
glass;glas
skill;evne
sister;søster
PM;OM EFTERMIDDAGEN
professor;professor
operation;operation
financial;finansiel
crime;forbrydelse
stage;scene
ok;Okay
compare;sammenligne
authority;myndighed
miss;gå glip af
design;design
sort;sortere
act;handling
ten;ti
knowledge;viden
gun;pistol
station;station
blue;blå
strategy;strategi
clearly;klart
discuss;drøfte
indeed;Ja
truth;sandhed
song;sang
example;eksempel
democratic;demokratisk
check;kontrollere
environment;miljø
leg;ben
dark;mørk
various;forskellige
rather;hellere
laugh;grine
guess;gætte
executive;udøvende
prove;bevise
hang;hænge
entire;hel
rock;klippe
forget;glemme
claim;påstand
remove;fjerne
manager;Manager
enjoy;god fornøjelse
network;netværk
legal;gyldige
religious;religiøs
cold;kold
final;endelig
main;vigtigste
science;videnskab
green;grøn
memory;hukommelse
card;kort
above;over
seat;sæde
cell;celle
establish;etablere
nice;pæn
trial;forsøg
expert;ekspert
spring;forår
firm;firma
Democrat;demokrat
radio;radio
visit;besøg
management;ledelse
avoid;undgå
imagine;forestille
tonight;i aften
huge;kæmpe stor
ball;bold
finish;Afslut
yourself;dig selv
theory;teori
impact;indvirkning
respond;svare
statement;udmelding
maintain;opretholde
charge;oplade
popular;populær
traditional;traditionel
onto;på
reveal;løfte sløret
direction;retning
weapon;våben
employee;medarbejder
cultural;kulturel
contain;indeholde
peace;fred
pain;smerte
apply;ansøge
measure;måle
wide;bred
shake;ryste
fly;flyve
interview;interview
manage;styre
chair;stol
fish;fisk
particular;særlig
camera;kamera
structure;struktur
politics;politik
perform;udføre
bit;lidt
weight;vægt
suddenly;pludselig
discover;opdage
candidate;kandidat
production;produktion
treat;behandle
trip;rejse
evening;aften
affect;påvirke
inside;inde
conference;konference
unit;enhed
style;stil
adult;voksen
worry;bekymre
range;rækkevidde
mention;nævne
deep;dyb
edge;kant
specific;bestemt
writer;forfatter
trouble;problemer
necessary;nødvendig
throughout;hele vejen igennem
challenge;udfordring
fear;frygt
shoulder;skulder
institution;institution
middle;midten
sea;hav
dream;drøm
bar;bar
beautiful;smuk
property;ejendom
instead;i stedet
improve;forbedre
stuff;ting og sager
detail;detalje
method;metode
somebody;en eller anden
magazine;magasin
hotel;Hotel
soldier;soldat
reflect;afspejle
heavy;tung
sexual;seksuel
bag;taske
heat;varme
marriage;ægteskab
tough;hårde
sing;synge
surface;overflade
purpose;formål
exist;eksisterer
pattern;mønster
whom;hvem
skin;hud
agent;agent
owner;ejer
machine;maskine
gas;gas
ahead;foran
generation;generation
commercial;kommercielle
address;adresse
cancer;Kræft
item;vare
reality;virkelighed
coach;træner
Mrs;fru
yard;gård
beat;slå
violence;vold
total;i alt
tend;pleje
investment;investering
discussion;diskussion
finger;finger
garden;have
notice;varsel
collection;kollektion
modern;moderne
task;opgave
partner;partner
positive;positiv
civil;civil
kitchen;køkken
consumer;forbruger
shot;skud
budget;budget
wish;ønske
painting;maleri
scientist;videnskabsmand
safe;sikker
agreement;aftale
capital;kapital
mouth;mund
nor;heller ikke
victim;offer
newspaper;avis
threat;trussel
responsibility;ansvar
smile;smil
attorney;advokat
score;score
account;konto
interesting;interessant
audience;publikum
rich;rig
dinner;aftensmad
vote;stemme
western;vestlig
relate;forholde sig
travel;rejse
debate;debat
prevent;forhindre
citizen;borger
majority;flertal
none;ingen
front;foran
born;Født
admit;indrømme
senior;senior-
assume;antage
wind;vind
key;nøgle
professional;professionel
mission;mission
fast;hurtig
alone;alene
customer;kunde
suffer;lide
speech;tale
successful;vellykket
option;mulighed
participant;deltager
southern;syd-
fresh;frisk
eventually;til sidst
forest;Skov
video;video
global;global
Senate;Senatet
reform;reform
access;adgang
restaurant;restaurant
judge;dommer
publish;offentliggøre
relation;forhold
release;frigøre
bird;fugl
opinion;mening
credit;kredit
critical;kritisk
corner;hjørne
concerned;berørte
recall;minde om
version;version
stare;stirre
safety;sikkerhed
effective;effektiv
neighborhood;kvarter
original;original
troop;troppe
income;indkomst
directly;direkte
hurt;gøre ondt
species;arter
immediately;straks
track;spore
basic;grundlæggende
strike;strejke
sky;himmel
freedom;frihed
absolutely;absolut
plane;fly
nobody;ingen
achieve;opnå
object;objekt
attitude;holdning
labor;arbejdskraft
refer;henvise
concept;koncept
client;klient
powerful;magtfulde
perfect;Perfekt
nine;ni
therefore;derfor
conduct;adfærd
announce;annoncere
conversation;samtale
examine;undersøge
touch;røre ved
please;Vær venlig
attend;deltage
completely;fuldstændig
variety;bred vifte
sleep;søvn
involved;involveret
investigation;efterforskning
nuclear;atomisk
researcher;forsker
press;trykke
conflict;konflikt
spirit;ånd
replace;erstatte
British;britisk
encourage;tilskynde
argument;argument
camp;lejr
brain;hjerne
feature;funktion
afternoon;eftermiddag
AM;ER
weekend;weekend
dozen;dusin
possibility;mulighed
insurance;forsikring
department;afdeling
battle;kamp
beginning;starten
date;dato
generally;generelt
African;afrikansk
sorry;undskyld
crisis;krise
complete;komplet
fan;ventilator
stick;Pind
define;Definere
easily;let
hole;hul
element;element
vision;vision
status;status
normal;normal
Chinese;kinesisk
ship;skib
solution;løsning
stone;sten-
slowly;langsomt
scale;vægt
university;universitet
introduce;indføre
driver;chauffør
attempt;forsøg
park;parkere
spot;få øje på
lack;mangel
ice;is
boat;båd
drink;drikke
sun;sol
distance;afstand
wood;træ
handle;håndtere
truck;lastbil
mountain;bjerg
survey;undersøgelse
supposed;formodede
tradition;tradition
winter;vinter
village;landsby
Soviet;sovjetisk
refuse;nægte
sales;salg
roll;rulle
communication;meddelelse
screen;skærmen
gain;gevinst
resident;beboer
hide;skjule
gold;guld
club;forening
farm;gård
potential;potentiel
European;europæisk
presence;tilstedeværelse
independent;uafhængig
district;distrikt
shape;form
reader;læser
Ms;Frk
contract;kontrakt
crowd;menneskemængde
Christian;kristen
express;udtrykke
apartment;lejlighed
willing;villig
strength;styrke
previous;Tidligere
band;band
obviously;naturligvis
horse;hest
interested;interesseret
target;mål
prison;fængsel
ride;ride
guard;vagt
terms;vilkår
demand;efterspørgsel
reporter;reporter
deliver;aflevere
text;tekst
tool;værktøj
wild;vild
vehicle;køretøj
observe;observere
flight;flyvningen
facility;anlæg
understanding;forståelse
average;gennemsnit
emerge;dukke op
advantage;fordel
quick;hurtig
leadership;ledelse
earn;tjene
pound;pund
basis;basis
bright;lyse
operate;operere
guest;gæst
sample;prøve
contribute;bidrage
tiny;lille bitte
block;blok
protection;beskyttelse
settle;afregne
feed;foder
collect;indsamle
additional;ekstra
highly;højt
identity;identitet
title;titel
mostly;for det meste
lesson;lektie
faith;tro
river;flod
promote;fremme
living;levende
count;tælle
unless;med mindre
marry;gifte
tomorrow;i morgen
technique;teknik
path;sti
ear;øre
shop;butik
folk;folk
principle;princip
survive;overleve
lift;løfte op
border;grænse
competition;konkurrence
jump;hoppe
gather;samle
limit;begrænse
fit;passe
cry;skrig
equipment;udstyr
worth;værdi
associate;associeret
critic;kritiker
warm;varm
aspect;aspekt
insist;insistere
failure;fiasko
annual;årligt
French;fransk
Christmas;jul
comment;kommentar
responsible;ansvarlig
affair;affære
procedure;procedure
regular;fast
spread;spredning
chairman;formand
baseball;baseball
soft;blød
ignore;ignorere
egg;æg
belief;tro
demonstrate;demonstrere
anybody;nogen
murder;mord
gift;gave
religion;religion
review;anmeldelse
editor;redaktør
engage;engagere sig
coffee;kaffe
document;dokument
speed;hastighed
cross;kryds
influence;indflydelse
anyway;alligevel
threaten;true
commit;begå
female;kvinde
youth;ungdom
wave;bølge
afraid;bange
quarter;kvarter
background;baggrund
native;hjemmehørende
broad;bred
wonderful;vidunderlig
deny;nægte
apparently;tilsyneladende
slightly;en anelse
reaction;reaktion
twice;to gange
suit;dragt
perspective;perspektiv
growing;vokser
blow;blæse
construction;konstruktion
intelligence;intelligens
destroy;ødelægge
cook;laver mad
connection;forbindelse
burn;brænde
shoe;sko
grade;karakter
context;sammenhæng
committee;udvalg
hey;Hej
mistake;fejl
location;Beliggenhed
clothes;tøj
Indian;indisk
quiet;rolige
dress;kjole
promise;løfte
aware;klar over
neighbor;nabo
function;fungere
bone;knogle
active;aktiv
extend;forlænge
chief;chef
combine;forene
wine;vin
below;under
cool;fedt nok
voter;vælger
learning;læring
bus;bus
hell;helvede
dangerous;farligt
remind;minde om
moral;moralsk
United;Forenet
category;kategori
relatively;forholdsvis
victory;sejr
academic;akademisk
Internet;Internet
healthy;sund og rask
negative;negativ
following;følge
historical;historisk
medicine;medicin
tour;tur
depend;afhænge af
photo;Foto
finding;finde
grab;tag fat
direct;direkte
classroom;klasseværelset
contact;kontakt
justice;retfærdighed
participate;deltage
daily;daglige
fair;retfærdig
pair;par
famous;berømt
exercise;dyrke motion
knee;knæ
flower;blomst
tape;tape
hire;leje
familiar;velkendt
appropriate;passende
supply;levere
fully;fuldt ud
actor;skuespiller
birth;fødsel
search;Søg
tie;binde
democracy;demokrati
eastern;østlige
primary;primær
yesterday;i går
circle;cirkel
device;enhed
progress;fremskridt
bottom;bund
island;ø
exchange;udveksling
clean;ren
studio;studie
train;tog
lady;dame
colleague;kollega
application;Ansøgning
neck;nakke
lean;læne
damage;skade
plastic;plast
tall;høj
plate;plade
hate;had
otherwise;Ellers
writing;skrivning
male;han-
alive;i live
expression;udtryk
football;fodbold
intend;har til hensigt
chicken;kylling
army;hær
abuse;misbrug
theater;teater
shut;lukke
map;kort
extra;ekstra
session;session
danger;fare
welcome;Velkommen
domestic;indenlandske
lots;masser
literature;litteratur
rain;regn
desire;ønske
assessment;vurdering
injury;skade
respect;respekt
northern;nordlige
nod;nikke
paint;maling
fuel;brændstof
leaf;blad
dry;tør
Russian;Russisk
instruction;instruktion
pool;pool
climb;klatre
sweet;sød
engine;motor
fourth;fjerde
salt;salt
expand;udvide
importance;betydning
metal;metal
fat;fed
ticket;billet
software;software
disappear;forsvinde
corporate;corporate
strange;mærkelig
lip;læbe
reading;læsning
urban;by
mental;mental
increasingly;i stigende grad
lunch;frokost
educational;pædagogisk
somewhere;et eller andet sted
farmer;landmand
sugar;sukker
planet;planet
favorite;favorit
explore;udforske
obtain;opnå
enemy;fjende
greatest;størst
complex;kompleks
surround;omgive
athlete;atlet
invite;invitere
repeat;gentage
carefully;omhyggeligt
soul;sjæl
scientific;videnskabelig
impossible;umulig
panel;panel
meaning;betyder
mom;mor
married;gift
instrument;instrument
predict;forudsige
weather;vejr
presidential;præsidentvalg
emotional;følelsesmæssig
commitment;forpligtelse
Supreme;Supreme
bear;bjørn
pocket;lomme
thin;tynd
temperature;temperatur
surprise;overraskelse
poll;afstemning
proposal;forslag
consequence;følge
breath;åndedrag
sight;syn
balance;balance
adopt;adoptere
minority;mindretal
straight;lige
connect;Opret forbindelse
works;arbejder
teaching;undervisning
belong;tilhører
aid;hjælpe
advice;råd
okay;okay
photograph;fotografi
empty;tom
regional;regional
trail;sti
novel;roman
code;kode
somehow;på en eller anden måde
organize;organisere
jury;jury
breast;bryst
Iraqi;irakisk
acknowledge;anerkende
theme;tema
storm;storm
union;Union
desk;skrivebord
thanks;tak
fruit;frugt
expensive;dyrt
yellow;gul
conclusion;konklusion
prime;prime
shadow;skygge
struggle;kamp
conclude;konkludere
analyst;analytiker
dance;dans
regulation;regulering
being;væren
ring;ring
largely;i det store hele
shift;flytte
revenue;indtægter
mark;mærke
locate;lokalisere
county;amt
appearance;udseende
package;pakke
difficulty;vanskelighed
bridge;bro
recommend;anbefale
obvious;indlysende
basically;i bund og grund
e-mail;e-mail
generate;frembringe
anymore;længere
propose;foreslå
thinking;tænker
possibly;eventuelt
trend;tendens
visitor;besøgende
loan;lån
currently;i øjeblikket
comfortable;komfortabel
investor;investor
profit;profit
angry;vred
crew;mandskab
accident;ulykke
meal;måltid
hearing;høring
traffic;Trafik
muscle;muskel
notion;begreb
capture;fange
prefer;foretrække
truly;virkelig
earth;jorden
Japanese;japansk
chest;bryst
thick;tyk
cash;kontanter
museum;museum
beauty;skønhed
emergency;nødsituation
unique;enestående
internal;indre
ethnic;etnisk
link;link
stress;stress
content;indhold
select;Vælg
root;rod
nose;næse
declare;erklære
appreciate;sætter pris på
actual;faktiske
bottle;flaske
hardly;næsten
setting;indstilling
launch;lancering
file;fil
sick;syg
outcome;resultat
ad;annonce
defend;forsvare
duty;pligt
sheet;ark
ought;burde
ensure;sikre
Catholic;katolsk
extremely;ekstremt
extent;grad
component;komponent
mix;blande
long-term;langsigtet
slow;langsom
contrast;kontrast
zone;zone
wake;vågne
airport;lufthavn
brown;Brun
shirt;skjorte
pilot;pilot
warn;advare
ultimately;ultimativt
cat;kat
contribution;bidrag
capacity;kapacitet
ourselves;os selv
estate;ejendom
guide;guide
circumstance;omstændighed
snow;sne
English;engelsk
politician;politiker
steal;stjæle
pursue;forfølge
slip;glide
percentage;procent
meat;kød
funny;sjov
neither;ingen af dem
soil;jord
surgery;kirurgi
correct;korrekt
Jewish;jødisk
blame;bebrejde
estimate;skøn
due;på grund
basketball;basketball
golf;golf
investigate;undersøge
crazy;helt vildt
significantly;væsentligt
chain;lænke
branch;afdeling
combination;kombination
frequently;ofte
governor;guvernør
relief;lettelse
user;bruger
dad;far
kick;sparke
manner;måde
ancient;gammel
silence;stilhed
rating;bedømmelse
golden;gylden
motion;bevægelse
German;tysk
gender;køn
solve;løse
fee;betaling
landscape;landskab
used;Brugt
bowl;skål
equal;lige
forth;frem
frame;ramme
typical;typisk
except;undtagen
conservative;konservative
eliminate;eliminere
host;vært
hall;hal
trust;tillid
ocean;ocean
row;række
producer;producent
afford;have råd
meanwhile;i mellemtiden
regime;regime
division;division
confirm;bekræfte
fix;rette op
appeal;appel
mirror;spejl
tooth;tand
smart;smart
length;længde
entirely;helt
rely;stole på
topic;emne
complain;brokke sig
variable;variabel
telephone;telefon
perception;opfattelse
attract;at tiltrække
confidence;tillid
bedroom;soveværelse
secret;hemmelighed
debt;gæld
rare;sjælden
tank;tank
nurse;amme
coverage;dækning
opposition;modstand
aside;til side
anywhere;overalt
bond;bånd
pleasure;fornøjelse
master;mestre
era;æra
requirement;krav
fun;sjovt
expectation;forventning
wing;vinge
separate;adskille
somewhat;noget
pour;til
stir;røre rundt
judgment;dom
beer;øl
reference;reference
tear;tåre
doubt;tvivl
grant;give
seriously;helt seriøst
minister;minister
totally;helt
hero;helt
industrial;industriel
cloud;Sky
stretch;strække
winner;vinder
volume;bind
seed;frø
surprised;overrasket
fashion;mode
pepper;peber
busy;travl
intervention;intervention
copy;kopi
tip;tip
cheap;billig
aim;sigte
cite;citere
welfare;velfærd
vegetable;grøntsag
gray;grå
dish;fad
beach;strand
improvement;forbedring
everywhere;overalt
opening;åbning
overall;samlet set
divide;dele
initial;initial
terrible;forfærdeligt
oppose;modsætte sig
contemporary;nutidige
route;rute
multiple;mange
essential;vigtig
league;liga
criminal;kriminel
careful;forsigtig
core;kerne
upper;øverst
rush;siv
necessarily;nødvendigvis
specifically;specifikt
tired;træt
employ;beskæftige
holiday;ferie
vast;stort
resolution;løsning
household;husstand
fewer;færre
abortion;abort
apart;en del
witness;vidne
match;match
barely;knap
sector;sektor
representative;repræsentant
beneath;under
beside;ved siden af
incident;utilsigtet hændelse
limited;begrænset
proud;stolt
flow;flyde
faculty;fakultet
increased;steget
waste;spild
merely;blot
mass;masse
emphasize;understrege
experiment;eksperiment
definitely;helt bestemt
bomb;bombe
enormous;enorm
tone;tone
liberal;liberal
massive;massiv
engineer;ingeniør
wheel;hjul
decline;nedgang
invest;investere
cable;kabel
towards;hen imod
expose;udsætte
rural;landdistrikterne
AIDS;AIDS
Jew;Eller
narrow;smal
cream;fløde
secretary;sekretær
gate;Port
solid;solid
hill;bakke
typically;typisk
noise;støj
grass;græs
unfortunately;desværre
hat;Har
legislation;lovgivning
succeed;lykkes
celebrate;fejre
achievement;præstation
fishing;fiskeri
accuse;beskylde
useful;nyttig
reject;afvise
talent;talent
taste;smag
characteristic;egenskab
milk;mælk
escape;flugt
cast;støbt
sentence;dømme
unusual;usædvanlig
closely;tæt på
convince;overbevise
height;højde
physician;læge
assess;vurdere
plenty;rigeligt
virtually;stort set
addition;tilføjelse
sharp;skarp
creative;kreativ
lower;nederste
approve;godkende
explanation;forklaring
gay;homoseksuel
campus;universitetsområde
proper;passende
guilty;skyldig
acquire;erhverve
compete;konkurrere
technical;teknisk
plus;plus
immigrant;immigrant
weak;svag
illegal;ulovlig
hi;Hej
alternative;alternativ
interaction;interaktion
column;kolonne
personality;personlighed
signal;signal
curriculum;læseplan
honor;Ære
passenger;passager
assistance;hjælp
forever;for evigt
regard;hensyn
Israeli;israelsk
association;forening
twenty;tyve
knock;banke
wrap;indpakning
lab;lab
display;Skærm
criticism;kritik
asset;aktiv
depression;depression
spiritual;åndelig
musical;musikalsk
journalist;journalist
prayer;bøn
suspect;formode
scholar;lærd
warning;advarsel
climate;klima
cheese;ost
observation;observation
childhood;barndom
payment;betaling
sir;hr
permit;tilladelse
cigarette;cigaret
definition;definition
priority;prioritet
bread;brød
creation;skabelse
graduate;bestå
request;anmodning
emotion;emotion
scream;skrige
dramatic;dramatisk
universe;univers
gap;hul
excellent;fremragende
deeply;dybt
prosecutor;anklager
lucky;heldig
drag;trække
airline;flyselskab
library;bibliotek
agenda;dagsorden
recover;gendanne
factory;fabrik
selection;udvælgelse
primarily;primært
roof;tag
unable;ude af stand
expense;bekostning
initiative;initiativ
diet;kost
arrest;anholdelse
funding;finansiering
therapy;terapi
wash;vask
schedule;tidsplan
sad;trist
brief;kort
housing;bolig
post;stolpe
purchase;køb
existing;eksisterende
steel;stål
regarding;vedrørende
shout;råbe
remaining;tilbage
visual;visuel
fairly;retfærdigt
chip;chip
violent;voldsom
silent;stille
suppose;formode
self;selv
bike;cykel
tea;te
perceive;erkende
comparison;sammenligning
settlement;afregning
layer;lag
planning;planlægning
description;beskrivelse
slide;glide
widely;bredt
wedding;bryllup
inform;meddele
portion;del
territory;territorium
immediate;umiddelbar
opponent;modstander
abandon;opgive
lake;sø
transform;transformere
tension;spænding
leading;førende
bother;genere
consist;bestå
alcohol;alkohol
enable;aktivere
bend;bøje
saving;besparelse
desert;ørken
shall;skal
error;fejl
cop;betjent
Arab;arabisk
double;dobbelt
sand;sand
Spanish;spansk
print;Print
preserve;bevare
passage;passage
formal;formel
transition;overgang
existence;eksistens
album;album
participation;deltagelse
arrange;arrangere
atmosphere;stemning
joint;samling
reply;svar
cycle;cyklus
opposite;modsatte
lock;låse
deserve;fortjener
consistent;konsekvent
resistance;modstand
discovery;opdagelse
exposure;eksponering
pose;positur
stream;strøm
sale;salg
pot;gryde
grand;Grand
mine;mine
hello;Hej
coalition;koalition
tale;fortælling
knife;kniv
resolve;beslutte
racial;racemæssig
phase;fase
joke;joke
coat;frakke
Mexican;mexicansk
symptom;symptom
manufacturer;fabrikant
philosophy;filosofi
potato;kartoffel
foundation;fundament
quote;citere
online;online
negotiation;forhandling
urge;trang til
occasion;lejlighed
dust;støv
breathe;træk vejret
elect;vælge
investigator;efterforsker
jacket;jakke
glad;glad
ordinary;almindelig
reduction;reduktion
rarely;sjældent
pack;pakke
suicide;selvmord
numerous;talrige
substance;stof
discipline;disciplin
elsewhere;andre steder
iron;jern
practical;praktisk
moreover;i øvrigt
passion;lidenskab
volunteer;frivillig
implement;gennemføre
essentially;i det væsentlige
gene;gen
enforcement;håndhævelse
vs;vs
sauce;sovs
independence;uafhængighed
marketing;markedsføring
priest;præst
amazing;fantastiske
intense;intens
advance;rykke
employer;arbejdsgiver
shock;stød
inspire;inspirere
adjust;justere
retire;gå på pension
visible;synlig
kiss;kys
illness;sygdom
cap;kasket
habit;vane
competitive;konkurrencedygtige
juice;Juice
congressional;kongres
involvement;involvering
dominate;dominere
previously;tidligere
whenever;hver gang
transfer;overførsel
analyze;analysere
attach;vedhæfte
disaster;katastrofe
parking;parkering
prospect;udsigt
boss;chef
complaint;klage
championship;mesterskab
fundamental;grundlæggende
severe;alvorlig
enhance;forbedre
mystery;mysterium
impose;pålægge
poverty;fattigdom
entry;indgang
spending;forbrug
king;konge
evaluate;vurdere
symbol;symbol
maker;maker
mood;humør
accomplish;opnå
emphasis;vægt
illustrate;illustrere
boot;støvle
monitor;overvåge
Asian;asiatisk
entertainment;underholdning
bean;bønne
evaluation;evaluering
creature;væsen
commander;kommandør
digital;digital
arrangement;arrangement
concentrate;koncentrere
usual;sædvanlig
anger;vrede
psychological;psykologisk
heavily;tungt
peak;spids
approximately;rundt regnet
increasing;stigende
disorder;sygdom
missile;missil
equally;ligeligt
vary;variere
wire;tråd
round;rund
distribution;fordeling
transportation;transport
holy;hellig
twin;tvilling
command;kommando
commission;provision
interpretation;fortolkning
breakfast;morgenmad
strongly;stærkt
engineering;ingeniørarbejde
luck;held
so-called;såkaldte
constant;konstant
clinic;klinik
veteran;veteran
smell;lugt
tablespoon;spiseskefuld
capable;i stand til at
nervous;nervøs
tourist;turist
toss;smid væk
crucial;afgørende
bury;begrave
pray;bede
tomato;tomat
exception;undtagelse
butter;smør
deficit;underskud
bathroom;badeværelse
objective;objektiv
electronic;elektronisk
ally;allieret
journey;rejse
reputation;omdømme
mixture;blanding
surely;helt sikkert
tower;tårn
smoke;røg
confront;konfrontere
pure;ren
glance;blik
dimension;dimension
toy;legetøj
prisoner;fange
fellow;fyr
smooth;glat
nearby;i nærheden
peer;jævnaldrende
designer;designer
personnel;personale
educator;pædagog
relative;i forhold
immigration;indvandring
belt;bælte
teaspoon;teskefuld
birthday;fødselsdag
implication;implikation
perfectly;perfekt
coast;kyst
supporter;tilhænger
accompany;ledsage
silver;sølv
teenager;teenager
recognition;anerkendelse
retirement;pensionering
flag;flag
recovery;genopretning
whisper;hviske
gentleman;gentleman
corn;majs
moon;måne
inner;indre
junior;junior-
throat;hals
salary;løn
swing;svinge
observer;observatør
publication;offentliggørelse
crop;afgrøde
dig;dig
permanent;permanent
phenomenon;fænomen
anxiety;angst
unlike;I modsætning til
wet;våd
literally;bogstaveligt talt
resist;modstå
convention;konvention
embrace;omfavne
assist;hjælpe
exhibition;udstilling
construct;konstruere
viewer;seer
pan;pande
consultant;konsulent
administrator;administrator
occasionally;en gang imellem
mayor;borgmester
consideration;betragtning
CEO;direktør
secure;sikker
pink;lyserød
buck;buk
historic;historisk
poem;digt
grandmother;bedstemor
bind;binde
fifth;femte
constantly;konstant
enterprise;virksomhed
favor;gunst
testing;afprøvning
stomach;mave
apparent;tilsyneladende
weigh;veje
install;installere
sensitive;følsom
suggestion;forslag
mail;post
recipe;opskrift
reasonable;rimelig
preparation;forberedelse
wooden;træ-
elementary;elementære
concert;koncert
aggressive;aggressiv
FALSE;FALSK
intention;hensigt
channel;kanal
extreme;ekstrem
tube;rør
drawing;tegning
protein;protein
quit;Afslut
absence;fravær
Latin;latin
rapidly;hurtigt
jail;fængsel
diversity;mangfoldighed
honest;ærlig
Palestinian;palæstinensisk
pace;tempo
employment;beskæftigelse
speaker;højttaler
impression;indtryk
essay;historie
respondent;respondent
giant;kæmpe stor
cake;kage
historian;historiker
negotiate;forhandle
restore;gendanne
substantial;betydelig
pop;pop
specialist;specialist
origin;oprindelse
approval;godkendelse
quietly;lige så stille
advise;rådgive
conventional;konventionel
depth;dybde
wealth;rigdom
disability;handicap
shell;skal
criticize;kritisere
effectively;effektivt
biological;biologiske
onion;løg
deputy;stedfortræder
flat;flad
brand;mærke
assure;forsikre
mad;gal
award;pris
criteria;kriterier
dealer;forhandler
via;via
utility;nytte
precisely;præcist
arise;opstå
armed;bevæbnet
nevertheless;alligevel
highway;motorvej
clinical;klinisk
routine;rutine
wage;løn
normally;normalt
phrase;udtryk
ingredient;ingrediens
stake;indsats
Muslim;muslim
fiber;fiber
activist;aktivist
Islamic;islamisk
snap;snap
terrorism;terrorisme
refugee;flygtning
incorporate;indarbejde
hip;hofte
ultimate;ultimative
switch;kontakt
corporation;virksomhed
valuable;værdifuld
assumption;antagelse
gear;gear
barrier;barriere
minor;mindre
provision;bestemmelse
killer;morder
assign;tildele
gang;bande
developing;udvikler sig
classic;klassisk
chemical;kemisk
label;etiket
teen;teenager
index;indeks
vacation;ferie
advocate;fortaler
draft;udkast
extraordinary;ekstraordinær
heaven;himmel
rough;ru
yell;råbe
pregnant;gravid
distant;fjern
drama;drama
satellite;satellit
personally;personligt
clock;ur
chocolate;chokolade
Italian;italiensk
Canadian;canadisk
ceiling;loft
sweep;feje
advertising;annoncering
universal;universel
spin;spin
button;knap
bell;klokke
rank;rang
darkness;mørke
clothing;tøj
super;super
yield;udbytte
fence;hegn
portrait;portræt
survival;overlevelse
roughly;rundt regnet
lawsuit;retssag
testimony;vidnesbyrd
bunch;flok
found;fundet
burden;byrde
react;reagere
chamber;kammer
furniture;møbel
cooperation;samarbejde
string;snor
ceremony;ceremoni
communicate;kommunikere
cheek;kind
lost;faret vild
profile;profil
mechanism;mekanisme
disagree;være uenig
penalty;straf
ie;dvs
resort;udvej
destruction;ødelæggelse
unlikely;usandsynlig
tissue;væv
constitutional;konstitutionelle
pant;pant
stranger;fremmed
infection;infektion
cabinet;skab
broken;gået i stykker
apple;æble
electric;elektrisk
proceed;Fortsæt
bet;men
literary;litterære
virus;virus
stupid;Dum
dispute;bestride
fortune;formue
strategic;strategisk
assistant;assistent
overcome;overvinde
remarkable;bemærkelsesværdig
occupy;besætte
statistics;Statistikker
shopping;handle ind
cousin;fætter
encounter;komme ud for
wipe;tørre
initially;i første omgang
blind;blind
port;Havn
electricity;elektricitet
genetic;genetiske
adviser;rådgiver
spokesman;talsmand
retain;beholde
latter;sidstnævnte
incentive;tilskyndelse
slave;slave
translate;Oversætte
accurate;nøjagtig
whereas;hvorimod
terror;terror
expansion;udvidelse
elite;elite
Olympic;olympiske
dirt;smuds
odd;ulige
rice;ris
bullet;kugle
tight;tæt
Bible;bibel
chart;diagram
solar;solenergi
square;firkant
concentration;koncentration
complicated;kompliceret
gently;forsigtigt
champion;champion
scenario;scenarie
telescope;teleskop
reflection;afspejling
revolution;revolution
strip;strimmel
interpret;fortolke
friendly;venlige
tournament;turnering
fiction;fiktion
detect;opdage
tremendous;enormt
lifetime;livstid
recommendation;henstilling
senator;senator
hunting;jagt
salad;salat
guarantee;garanti
innocent;uskyldig
boundary;grænse
pause;pause
remote;fjern
satisfaction;tilfredshed
journal;tidsskrift
bench;bænk
lover;elsker
raw;rå
awareness;opmærksomhed
surprising;overraskende
withdraw;trække sig tilbage
deck;dæk
similarly;tilsvarende
newly;nyligt
pole;det er der ikke
testify;vidner
mode;mode
dialogue;dialog
imply;indebære
naturally;naturligt
mutual;gensidig
founder;grundlægger
advanced;fremskreden
pride;stolthed
dismiss;afskedige
aircraft;fly
delivery;levering
mainly;hovedsagelig
bake;bage
freeze;fryse
platform;platform
finance;finansiere
sink;håndvask
attractive;tiltrækkende
diverse;alsidig
relevant;relevant
ideal;ideelt
joy;glæde
regularly;regelmæssigt
working;arbejder
singer;sanger
evolve;udvikle sig
shooting;skydning
partly;til dels
unknown;ukendt
offense;forbrydelse
counter;tæller
DNA;DNA
potentially;potentielt
thirty;tredive
justify;retfærdiggøre
protest;protest
crash;krak
craft;håndværk
treaty;traktat
terrorist;terrorist
insight;indsigt
possess;have
politically;politisk
tap;tryk
extensive;stor
episode;episode
swim;svømme
tire;dæk
fault;fejl
loose;løs
shortly;om lidt
originally;oprindeligt
considerable;betydelige
prior;tidligere
intellectual;intellektuelle
assault;angreb
relax;slap af
stair;trappe
adventure;eventyr
external;ydre
proof;bevis
confident;selvsikker
headquarters;hovedkvarter
sudden;pludselig
dirty;snavset
violation;krænkelse
tongue;tunge
license;licens
shelter;ly
rub;gnide
controversy;kontrovers
entrance;indgang
properly;ordentligt
fade;falme
defensive;defensiv
tragedy;tragedie
net;net
characterize;karakterisere
funeral;begravelse
profession;erhverv
alter;ændre
constitute;udgøre
establishment;etablering
squeeze;presse
imagination;fantasi
mask;maske
convert;konvertere
comprehensive;omfattende
prominent;fremtrædende
presentation;præsentation
regardless;uanset
load;belastning
stable;stabil
introduction;introduktion
pretend;lade som om
elderly;ældre
representation;repræsentation
deer;hjort
split;dele
violate;overtræder
partnership;partnerskab
pollution;forurening
emission;udledning
steady;stabil
vital;vital
fate;skæbne
earnings;indtjening
oven;ovn
distinction;forskel
segment;segment
nowhere;ingen steder
poet;digter
mere;mere
exciting;spændende
variation;variation
comfort;komfort
radical;radikal
adapt;tilpasse
Irish;irsk
honey;honning
correspondent;korrespondent
pale;bleg
musician;musiker
significance;betydning
vessel;beholder
storage;opbevaring
flee;flygte
mm-hmm;mm-hmm
leather;læder
distribute;distribuere
evolution;udvikling
ill;syg
tribe;stamme
shelf;hylde
grandfather;bedstefar
lawn;græsplæne
buyer;køber
dining;spisning
wisdom;visdom
council;råd
vulnerable;sårbar
instance;eksempel
garlic;hvidløg
capability;evne
poetry;poesi
celebrity;berømthed
gradually;lidt efter lidt
stability;stabilitet
fantasy;fantasi
scared;skræmt
plot;grund
framework;rammer
gesture;håndbevægelse
depending;afhængig af
ongoing;igangværende
psychology;psykologi
counselor;rådgiver
chapter;kapitel
divorce;skilsmisse
owe;skylde
pipe;rør
athletic;atletisk
slight;let
math;matematik
shade;skygge
tail;hale
sustain;opretholde
mount;montere
obligation;forpligtelse
angle;vinkel
palm;håndflade
differ;afvige
custom;brugerdefinerede
economist;økonom
fifteen;femten
soup;suppe
celebration;fest
efficient;effektiv
composition;sammensætning
satisfy;tilfredsstille
pile;bunke
briefly;kort
carbon;kulstof
closer;tættere
consume;forbruge
scheme;ordning
crack;sprække
frequency;frekvens
tobacco;tobak
survivor;overlevende
besides;udover
psychologist;psykolog
wealthy;velhavende
galaxy;galakse
given;givet
ski;ski
limitation;begrænsning
trace;spore
appointment;aftale
preference;præference
meter;måler
explosion;eksplosion
publicly;offentligt
incredible;utrolig
fighter;fighter
rapid;hurtig
admission;adgang
hunter;jæger
educate;uddanne
painful;smertefuld
friendship;venskab
aide;medhjælper
infant;spædbarn
calculate;Beregn
fifty;halvtreds
rid;slippe af
porch;veranda
tendency;tendens
uniform;uniform
formation;dannelse
scholarship;stipendium
reservation;reservation
efficiency;effektivitet
qualify;kvalificere
mall;indkøbscenter
derive;udlede
scandal;skandale
PC;PC
helpful;nyttig
impress;imponere
heel;alle
resemble;ligne
privacy;privatliv
fabric;stof
contest;konkurrence
proportion;del
guideline;retningslinje
rifle;riffel
maintenance;vedligeholdelse
conviction;Domfældelse
trick;trick
organic;økologisk
tent;telt
examination;undersøgelse
publisher;forlægger
strengthen;styrke
proposed;foreslog
myth;myte
sophisticated;sofistikeret
cow;ko
etc;etc
standing;stående
asleep;i søvn
tennis;tennis
nerve;nerve
barrel;tønde
bombing;bombardement
membership;medlemskab
ratio;forhold
menu;menu
controversial;kontroversielle
desperate;desperat
lifestyle;livsstil
humor;humor
loud;højt
glove;handske
sufficient;tilstrækkelig
narrative;fortælling
photographer;fotograf
helicopter;helikopter
modest;beskeden
provider;udbyder
delay;forsinke
agricultural;landbrugs
explode;eksplodere
stroke;slag
scope;omfang
punishment;straf
handful;håndfuld
badly;dårligt
horizon;horisont
curious;nysgerrig
downtown;centrum
girlfriend;kæreste
prompt;hurtig
cholesterol;kolesterol
absorb;absorbere
adjustment;justering
taxpayer;skatteyder
eager;ivrige
principal;rektor
detailed;detaljeret
motivation;motivering
assignment;opgave
restriction;begrænsning
laboratory;laboratorium
workshop;værksted
differently;anderledes
auto;auto
romantic;romantisk
cotton;bomuld
motor;motor
sue;sagsøge
flavor;smag
overlook;overse
float;flyde
undergo;gennemgå
sequence;rækkefølge
demonstration;demonstration
jet;Jet
orange;orange
consumption;forbrug
assert;hævde
blade;klinge
temporary;midlertidig
medication;medicin
cabin;kabine
bite;bid
edition;redigering
valley;dal
yours;din
pitch;tonehøjde
pine;fyrretræ
brilliant;strålende
versus;imod
manufacturing;fremstilling
absolute;absolut
chef;kok
discrimination;forskelsbehandling
offensive;offensiv
boom;boom
register;Tilmeld
appoint;udnævne
heritage;arv
God;Gud
dominant;dominerende
successfully;succesfuldt
shit;lort
lemon;citron
hungry;sulten
wander;vandre
submit;Indsend
economics;økonomi
naked;nøgen
anticipate;foregribe
nut;nød
legacy;eftermæle
extension;udvidelse
shrug;skuldertræk
battery;batteri
arrival;ankomst
legitimate;legitim
orientation;orientering
inflation;inflation
cope;klare sig
flame;flamme
cluster;klynge
wound;sår
dependent;afhængig
shower;bruser
institutional;institutionelle
depict;afbilde
operating;i drift
flesh;kød
garage;garage
operator;operatør
instructor;instruktør
collapse;bryder sammen
borrow;låne
furthermore;desuden
comedy;komedie
mortgage;pant
sanction;sanktion
civilian;civile
twelve;tolv
weekly;ugentlig
habitat;levested
grain;korn
brush;børste
consciousness;bevidsthed
devote;hellige
measurement;måling
province;provins
ease;lethed
seize;gribe
ethics;etik
nomination;nominering
permission;tilladelse
wise;klog
actress;skuespillerinde
summit;topmøde
acid;syre
odds;odds
gifted;begavet
frustration;frustration
medium;medium
physically;fysisk
distinguish;skelne
shore;kyst
repeatedly;gentagne gange
lung;lunge
running;løb
distinct;distinkt
artistic;kunstneriske
discourse;diskurs
basket;kurv
ah;ah
fighting;kæmper
impressive;imponerende
competitor;konkurrent
ugly;grim
worried;bekymret
portray;skildre
powder;pulver
ghost;spøgelse
persuade;overtale
moderate;moderat
subsequent;efterfølgende
continued;fortsatte
cookie;cookie
carrier;transportør
cooking;madlavning
frequent;hyppig
ban;forbyde
awful;forfærdelig
admire;beundre
pet;kæledyr
miracle;mirakel
exceed;overstige
rhythm;rytme
widespread;udbredt
killing;drab
lovely;dejlig
sin;synd
charity;velgørenhed
script;manuskript
tactic;taktik
identification;identifikation
transformation;transformation
everyday;hver dag
headline;overskrift
venture;venture
invasion;invasion
nonetheless;Ikke desto mindre
adequate;tilstrækkelig
piano;klaver
grocery;købmand
intensity;intensitet
exhibit;udstille
blanket;tæppe
margin;margen
quarterback;quarterback
mouse;mus
rope;reb
concrete;beton
prescription;recept
African-American;Afro amerikaner
chase;jage
brick;mursten
recruit;rekruttere
patch;lappe
consensus;konsensus
horror;rædsel
recording;indspilning
changing;skiftende
painter;maler
colonial;koloniale
pie;på
sake;skyld
gaze;stirre
courage;mod
pregnancy;graviditet
swear;sværge
defeat;nederlag
clue;nøgle
reinforce;forstærke
confusion;forvirring
slice;skive
occupation;beskæftigelse
dear;Kære
coal;kul
sacred;hellig
formula;formel
cognitive;kognitive
collective;kollektive
exact;præcis
uncle;onkel
captain;kaptajn
sigh;suk
attribute;attribut
dare;turde
homeless;hjemløs
gallery;galleri
soccer;fodbold
defendant;tiltalte
tunnel;tunnel
fitness;fitness
lap;skød
grave;grav
toe;derefter
container;beholder
virtue;dyd
abroad;i udlandet
architect;arkitekt
dramatically;dramatisk
makeup;makeup
inquiry;forespørgsel
rose;Rose
surprisingly;overraskende
highlight;fremhæve
decrease;formindske
indication;tegn
rail;skinne
anniversary;jubilæum
couch;sofa
alliance;alliance
hypothesis;hypotese
boyfriend;kæreste
compose;komponere
mess;rod
legend;legende
regulate;regulere
adolescent;teenager
shine;skinne
norm;norm
upset;ked af det
remark;bemærkning
resign;træde tilbage
reward;belønning
gentle;blid
related;relaterede
organ;organ
lightly;let
concerning;vedrørende
invent;opfinde
laughter;latter
northwest;nord Vest
counseling;rådgivning
receiver;modtager
ritual;ritual
insect;insekt
interrupt;afbryde
salmon;laks
trading;handel
magic;magi
superior;overlegen
combat;bekæmpe
stem;stilk
surgeon;kirurg
acceptable;acceptabelt
physics;fysik
rape;voldtage
counsel;råd
jeans;jeans
hunt;jage
continuous;sammenhængende
log;log
echo;ekko
pill;pille
excited;begejstret
sculpture;skulptur
compound;sammensatte
integrate;integrere
flour;mel
bitter;bitter
bare;lige
slope;hældning
rent;leje
presidency;formandskab
serving;betjener
subtle;diskret
greatly;i høj grad
bishop;biskop
drinking;drikke
acceptance;accept
pump;pumpe
candy;slik
evil;ond
pleased;tilfreds
medal;medalje
beg;tigge
sponsor;sponsor
ethical;etiske
secondary;sekundær
slam;smække
export;eksport
experimental;eksperimentel
melt;smelte
midnight;midnat
curve;kurve
integrity;integritet
entitle;berettige
evident;indlysende
logic;logik
essence;essens
exclude;udelukke
harsh;barske
closet;skab
suburban;forstad
greet;hilse
interior;interiør
corridor;korridor
retail;detailhandel
pitcher;kande
march;marts
snake;slange
excuse;undskyldning
weakness;svaghed
pig;svin
classical;klassisk
estimated;anslået
T-shirt;T-shirt
unemployment;arbejdsløshed
civilization;civilisation
fold;folde
reverse;baglæns
missing;mangler
correlation;korrelation
humanity;menneskelighed
flash;blitz
developer;Udvikler
reliable;pålidelig
excitement;spænding
beef;bøf
Islam;islam
Roman;romersk
architecture;arkitektur
occasional;lejlighedsvis
administrative;administrative
elbow;albue
deadly;dødelig
Hispanic;spansktalende
allegation;påstand
confuse;forvirre
airplane;fly
monthly;månedlige
duck;and
dose;dosis
Korean;koreansk
plead;påberåbe sig
initiate;igangsætte
lecture;foredrag
van;fra
sixth;sjette
bay;Bugt
mainstream;mainstream
suburb;forstad
sandwich;sandwich
trunk;bagagerum
rumor;rygte
implementation;implementering
swallow;sluge
motivate;motivere
render;gengive
longtime;lang tid
trap;fælde
restrict;begrænse
cloth;klæde
seemingly;tilsyneladende
legislative;lovgivende
effectiveness;effektivitet
enforce;håndhæve
lens;linse
inspector;inspektør
lend;låne
plain;almindeligt
fraud;svig
companion;ledsager
contend;kæmpe
nail;søm
array;array
strict;streng
assemble;samle
frankly;ærligt talt
rat;rotte
hay;pæn
hallway;gang
cave;hule
inevitable;uundgåelige
southwest;sydvest
monster;uhyre
unexpected;uventet
obstacle;hindring
facilitate;lette
rip;hvil i fred
herb;urt
overwhelming;overvældende
integration;integration
crystal;krystal
recession;recession
written;skrevet
motive;motiv
flood;oversvømmelse
pen;pen
ownership;ejendomsret
nightmare;mareridt
inspection;inspektion
supervisor;tilsynsførende
consult;konsultere
arena;arena
diagnosis;diagnose
possession;besiddelse
forgive;tilgive
consistently;konsekvent
basement;kælder
drift;afdrift
drain;dræne
prosecution;retsforfølgelse
maximum;maksimum
announcement;bekendtgørelse
warrior;kriger
prediction;forudsigelse
bacteria;bakterie
questionnaire;spørgeskema
mud;mudder
infrastructure;infrastruktur
hurry;skynde sig
privilege;privilegium
temple;tempel
outdoor;udendørs
suck;suge
and/or;og/eller
broadcast;udsende
re;vedr
leap;springe
random;tilfældig
wrist;håndled
curtain;gardin
pond;Dam
domain;domæne
guilt;skyld
cattle;kvæg
walking;gå
playoff;slutspillet
minimum;minimum
fiscal;skattemæssige
skirt;nederdel
dump;losseplads
hence;derfor
database;database
uncomfortable;ubehageligt
execute;udføre
limb;lem
ideology;ideologi
tune;tune
continuing;fortsætter
harm;skade
railroad;jernbane
endure;udholde
radiation;stråling
horn;horn
chronic;kronisk
peaceful;fredelig
innovation;innovation
strain;stamme
guitar;guitar
replacement;udskiftning
behave;opføre sig
administer;forvalte
simultaneously;samtidigt
dancer;danser
amendment;ændring
pad;pude
transmission;smitte
await;vente
retired;pensioneret
trigger;udløser
spill;spilde
grateful;taknemmelig
grace;nåde
virtual;virtuelle
colony;koloni
adoption;adoption
indigenous;indfødte
closed;lukket
convict;straffefange
towel;håndklæde
modify;modificere
particle;partikel
prize;præmie
landing;landing
boost;boost
bat;en
alarm;alarm
festival;festival
grip;greb
weird;mærkelig
undermine;underminere
freshman;førsteårsstuderende
sweat;sved
outer;ydre
drunk;beruset
separation;adskillelse
traditionally;traditionelt
govern;styre
southeast;sydøst
intelligent;intelligent
wherever;hvor som helst
ballot;afstemning
rhetoric;retorik
convinced;overbevist
driving;kørsel
vitamin;vitamin
enthusiasm;entusiasme
accommodate;imødekomme
praise;ros
injure;beskadige
wilderness;ødemark
endless;endeløs
mandate;mandat
respectively;henholdsvis
uncertainty;usikkerhed
chaos;kaos
mechanical;mekanisk
canvas;lærred
forty;fyrre
lobby;lobby
profound;dybtgående
format;format
trait;egenskab
currency;betalingsmiddel
turkey;Kalkun
reserve;reservere
beam;bjælke
astronomer;astronom
corruption;korruption
contractor;entreprenør
apologize;undskylde
doctrine;doktrin
genuine;ægte
thumb;tommelfinger
unity;enhed
compromise;kompromis
horrible;forfærdelig
behavioral;adfærdsmæssige
exclusive;eksklusiv
scatter;sprede
commonly;almindeligt
convey;overbringe
twist;vride
complexity;kompleksitet
fork;gaffel
disk;disk
relieve;lindre
suspicion;mistanke
health-care;sundhedspleje
residence;bopæl
shame;skam
meaningful;meningsfuld
sidewalk;fortov
Olympics;OL
technological;teknologisk
signature;Underskrift
pleasant;behagelig
wow;wow
suspend;suspendere
rebel;Rebel
frozen;Frosset
spouse;ægtefælle
fluid;væske
pension;pension
resume;Genoptag
theoretical;teoretisk
sodium;natrium
promotion;forfremmelse
delicate;delikat
forehead;pande
rebuild;genopbygge
bounce;hoppe
electrical;elektriske
hook;krog
detective;detektiv
traveler;rejsende
click;klik
compensation;kompensation
exit;Afslut
attraction;attraktion
dedicate;vie
altogether;i det hele taget
pickup;Saml op
carve;skære
needle;nål
belly;bug
scare;skræmme
portfolio;portefølje
shuttle;shuttle
invisible;usynlig
timing;timing
engagement;engagement
ankle;ankel
transaction;transaktion
rescue;redde
counterpart;modpart
historically;historisk set
firmly;fast
mild;mild
rider;rytter
doll;dukke
noon;middag
amid;midt
identical;identisk
precise;præcis
anxious;ængstelig
structural;strukturel
residential;beboelse
diagnose;diagnosticere
carbohydrate;kulhydrat
liberty;frihed
poster;plakat
theology;teologi
nonprofit;nonprofit
crawl;kravle
oxygen;ilt
handsome;smuk
sum;sum
provided;stillet til rådighed
businessman;forretningsmand
promising;lovende
conscious;bevidst
determination;beslutsomhed
donor;donor
hers;Hendes
pastor;pastor
jazz;jazz
opera;opera
acquisition;erhvervelse
pit;grube
hug;kram
wildlife;dyreliv
punish;straffe
equity;egenkapital
doorway;døråbning
departure;afgang
elevator;elevator
teenage;teenage
guidance;vejledning
happiness;lykke
statue;statue
pursuit;forfølgelse
repair;reparation
decent;anstændig
gym;fitnesscenter
oral;mundtlig
clerk;ekspedient
envelope;kuvert
reporting;rapportering
destination;bestemmelsessted
fist;næve
endorse;godkende
exploration;udforskning
generous;gavmild
bath;bad
thereby;derved
indicator;indikator
sunlight;sollys
feedback;feedback
spectrum;spektrum
purple;lilla
laser;laser
bold;fremhævet
reluctant;de tøver
starting;starter
expertise;ekspertise
practically;praktisk talt
eating;spise
hint;antydning
sharply;skarpt
parade;parade
realm;rige
cancel;afbestille
blend;blanding
therapist;terapeut
peel;skræl
pizza;pizza
recipient;modtager
hesitate;tøve
flip;vende
accounting;regnskab
bias;partiskhed
huh;huh
metaphor;metafor
candle;lys
judicial;retslige
entity;enhed
suffering;lidelse
full-time;fuld tid
lamp;lampe
garbage;affald
servant;tjener
regulatory;regulerende
diplomatic;diplomatisk
elegant;elegant
reception;reception
vanish;forsvinde
automatically;automatisk
chin;hage
necessity;nødvendighed
confess;indrømme
racism;racisme
starter;forret
banking;bankvirksomhed
casual;afslappet
gravity;tyngdekraft
enroll;indskrive
diminish;formindske
prevention;forebyggelse
minimize;minimere
chop;hakke
performer;performer
intent;hensigt
isolate;isolere
inventory;beholdning
productive;produktiv
assembly;montage
civic;borgerlig
silk;silke
magnitude;størrelse
steep;stejl
hostage;gidsel
collector;samler
popularity;popularitet
alien;fremmed
dynamic;dynamisk
scary;skræmmende
equation;ligning
angel;Engel
offering;tilbud
rage;raseri
photography;fotografering
toilet;toilet
disappointed;skuffet
precious;kostbar
prohibit;forbyde
realistic;realistisk
hidden;skjult
tender;bud
gathering;indsamling
outstanding;fremragende
stumble;snuble
lonely;ensom
automobile;automobil
artificial;kunstig
dawn;daggry
abstract;abstrakt
descend;ned
silly;fjollet
tide;tidevand
shared;delt
hopefully;forhåbentlig
readily;let
cooperate;samarbejde
revolutionary;revolutionær
romance;romantik
hardware;hardware
pillow;pude
kit;sæt
continent;kontinent
seal;forsegle
circuit;kredsløb
ruling;kendelse
shortage;mangel
annually;årligt
lately;på det sidste
scan;Scan
fool;narre
deadline;deadline
rear;bag-
processing;forarbejdning
ranch;ranch
coastal;kystnære
undertake;foretage
softly;blidt
burning;brændende
verbal;verbal-
tribal;stamme
ridiculous;latterlig
automatic;automatisk
diamond;diamant
credibility;troværdighed
import;importere
sexually;seksuelt
divine;guddommelige
sentiment;følelse
cart;vogn
oversee;overvåge
o'clock;kl
elder;ældre
pro;pro
inspiration;inspiration
Dutch;hollandsk
quantity;antal
trailer;anhænger
mate;død
Greek;græsk
genius;geni
monument;monument
bid;bud
quest;søgen
sacrifice;ofre
invitation;invitation
accuracy;nøjagtighed
juror;nævning
officially;officielt
broker;mægler
treasure;skat
loyalty;loyalitet
talented;talentfulde
gasoline;benzin
stiff;stiv
output;produktion
nominee;nomineret
extended;udvidet
diabetes;diabetes
slap;smække
toxic;giftig
alleged;påstået
jaw;kæbe
grief;sorg
mysterious;mystisk
rocket;raket
donate;donere
inmate;indsat
tackle;tackle
dynamics;dynamik
bow;sløjfe
ours;vores
dignity;værdighed
carpet;tæppe
parental;forældre
bubble;boble
buddy;kammerat
barn;lade
sword;sværd
seventh;syvende
glory;ære
tightly;stramt
protective;beskyttende
tuck;tuck
drum;tromme
faint;svag
queen;dronning
dilemma;dilemma
input;input
specialize;specialisere
northeast;nordøst
shallow;overfladisk
liability;ansvar
sail;sejle
merchant;købmand
stadium;stadion
improved;forbedret
bloody;blodig
associated;forbundet
withdrawal;tilbagetrækning
refrigerator;køleskab
nest;rede
thoroughly;grundigt
lane;bane
ancestor;forfader
condemn;fordømme
steam;damp
accent;accent
optimistic;optimistisk
unite;forene
cage;bur
equip;udstyre
shrimp;reje
homeland;fædreland
rack;stativ
costume;kostume
wolf;ulv
courtroom;retssal
statute;vedtægt
cartoon;tegneserie
productivity;produktivitet
grin;grin
symbolic;symbolsk
bug;insekt
bless;velsigne
aunt;tante
agriculture;landbrug
hostile;fjendtlig
conceive;forestille sig
combined;kombineret
instantly;med det samme
bankruptcy;konkurs
vaccine;vaccine
bonus;bonus
collaboration;samarbejde
mixed;blandet
opposed;imod
orbit;kredsløb
grasp;forståelse
patience;tålmodighed
spite;trods
tropical;tropisk
voting;afstemning
patrol;patrulje
willingness;vilje
revelation;åbenbaring
calm;berolige
jewelry;smykker
Cuban;cubansk
haul;slæbe
concede;indrømme
wagon;vogn
afterward;bagefter
spectacular;spektakulære
ruin;ruin
sheer;ren og skær
immune;immun
reliability;pålidelighed
ass;er
alongside;langs med
bush;Busk
exotic;eksotisk
fascinating;spændende
clip;klip
thigh;lår
bull;tyr
drawer;skuffe
sheep;får
discourage;afskrække
coordinator;koordinator
ideological;ideologisk
runner;løber
secular;sekulære
intimate;intim
empire;imperium
cab;førerhus
exam;eksamen
documentary;dokumentar
neutral;neutral
biology;biologi
flexible;fleksibel
progressive;progressiv
web;web
conspiracy;sammensværgelse
casualty;tilskadekomne
republic;republik
execution;udførelse
terrific;forrygende
whale;hval
functional;funktionelle
instinct;instinkt
teammate;Holdkammerat
aluminum;aluminium
whoever;hvem som helst
ministry;ministerium
verdict;dom
instruct;instruere
skull;kranium
self-esteem;selvværd
cooperative;samarbejdsvillig
manipulate;manipulere
bee;bi
practitioner;praktiserende læge
loop;sløjfe
edit;redigere
whip;pisk
puzzle;gåde
mushroom;champignon
subsidy;tilskud
boil;koge
tragic;tragisk
mathematics;matematik
mechanic;mekaniker
jar;krukke
earthquake;jordskælv
pork;svinekød
creativity;kreativitet
safely;sikkert
underlying;underliggende
dessert;dessert
sympathy;sympati
fisherman;fisker
incredibly;utroligt
isolation;isolation
sock;sok
eleven;elleve
sexy;sexet
entrepreneur;iværksætter
syndrome;syndrom
bureau;bureau
workplace;arbejdsplads
ambition;ambition
touchdown;touchdown
utilize;udnytte
breeze;brise
costly;kostbar
ambitious;ambitiøs
Christianity;Kristendom
presumably;formentlig
influential;indflydelsesrig
translation;oversættelse
uncertain;usikker
dissolve;opløse
statistical;statistisk
gut;tarm
metropolitan;storby
rolling;rullende
aesthetic;æstetiske
spell;stave
insert;indsætte
booth;stand
helmet;hjelm
waist;talje
expected;forventet
lion;løve
accomplishment;præstation
royal;Royal
panic;panik
crush;knuse
actively;aktivt
cliff;klint
minimal;minimal
cord;snor
fortunately;heldigvis
cocaine;kokain
illusion;illusion
anonymous;anonym
tolerate;tolerere
appreciation;påskønnelse
commissioner;kommissær
flexibility;fleksibilitet
instructional;instruktions
scramble;scramble
casino;kasino
tumor;svulst
decorate;dekorere
pulse;puls
equivalent;tilsvarende
fixed;fast
experienced;erfarne
donation;donation
diary;dagbog
sibling;søskende
irony;ironi
spoon;ske
midst;midt i
alley;gyde
interact;interagere
soap;sæbe
cute;sød
rival;konkurrerende
short-term;kort sigt
punch;slag
pin;pin
hockey;hockey
passing;bestået
persist;blive ved
supplier;leverandør
known;kendt
momentum;momentum
purse;pung
shed;skur
liquid;væske
icon;ikon
elephant;elefant
consequently;følgelig
legislature;lovgivende forsamling
franchise;franchise
correctly;korrekt
mentally;mentalt
foster;fostre
bicycle;cykel
encouraging;opmuntrende
cheat;snyde
heal;hele
fever;feber
filter;filter
rabbit;kanin
coin;mønt
exploit;udnytte
accessible;tilgængelig
organism;organisme
sensation;sensation
partially;delvist
upstairs;ovenpå
dried;tørret
conservation;bevarelse
shove;puffe
backyard;baghave
charter;charter
stove;komfur
consent;samtykke
comprise;omfatte
reminder;påmindelse
alike;ens
placement;placering
dough;dej
grandchild;barnebarn
dam;dæmning
reportedly;efter sigende
well-known;Kendt
surrounding;omkringliggende
ecological;økologiske
outfit;outfit
unprecedented;hidtil uset
columnist;klummeskribent
workout;træning
preliminary;indledende
patent;patent
shy;genert
trash;affald
disabled;handicappet
gross;brutto
damn;for pokker
hormone;hormon
texture;struktur
pencil;blyant
frontier;grænse
spray;spray
disclose;afsløre
custody;forældremyndighed
banker;bankmand
beast;dyr
interfere;blande
oak;egetræ
eighth;ottende
notebook;notesbog
outline;omrids
attendance;tilstedeværelse
speculation;spekulation
uncover;afdække
behalf;på vegne
innovative;innovative
shark;haj
mill;mølle
installation;installation
stimulate;stimulere
tag;tag
vertical;lodret
swimming;svømning
fleet;flåde
catalog;katalog
outsider;outsider
desperately;desperat
stance;holdning
compel;tvinge
sensitivity;følsomhed
someday;en skønne dag
instant;øjeblikkelig
debut;debut
proclaim;forkynde
worldwide;i hele verden
hike;vandretur
required;påkrævet
confrontation;konfrontation
colorful;farverig
constitution;forfatning
trainer;træner
Thanksgiving;Thanksgiving
scent;duft
stack;stak
eyebrow;øjenbryn
sack;sæk
cease;ophøre
inherit;du arver
tray;bakke
pioneer;pioner
organizational;organisatorisk
textbook;lærebog
uh;øh
nasty;grim
shrink;krympe
emerging;dukker op
dot;prik
wheat;hvede
fierce;voldsom
envision;forestille sig
rational;rationel
kingdom;Kongerige
aisle;midtergang
weaken;svække
protocol;protokol
exclusively;udelukkende
vocal;vokal
marketplace;markedsplads
openly;åbent
unfair;urimelig
terrain;terræn
deploy;indsætte
risky;risikabel
pasta;pasta
genre;genre
distract;distrahere
merit;fortjeneste
planner;planlægger
depressed;deprimeret
chunk;luns
closest;nærmest
discount;rabat
ladder;stige
jungle;jungle
migration;migration
breathing;vejrtrækning
invade;invadere
hurricane;orkan
retailer;forhandler
classify;klassificere
coup;kup
ambassador;ambassadør
density;massefylde
supportive;støttende
curiosity;nysgerrighed
skip;springe
aggression;aggression
stimulus;stimulus
journalism;journalistik
robot;robot
dip;dip
likewise;ligeledes
informal;uformel
Persian;persisk
feather;fjer
sphere;kugle
tighten;stramme
boast;prale
pat;det samme
perceived;opfattes
sole;eneste
publicity;reklame
unfold;udfolde sig
well-being;velvære
validity;gyldighed
ecosystem;økosystem
strictly;strengt taget
partial;delvis
collar;krave
weed;ukrudtsplante
compliance;overholdelse
streak;streak
supposedly;angiveligt
added;tilføjet
builder;Bygger
glimpse;glimt
premise;præmis
specialty;specialitet
deem;skønne
artifact;artefakt
sneak;snige sig
monkey;abe
mentor;mentor
two-thirds;to tredjedele
listener;lytter
lightning;lyn
legally;lovligt
sleeve;ærme
disappointment;skuffelse
disturb;forstyrre
rib;ribben
excessive;overdreven
high-tech;højteknologisk
debris;vragrester
rod;stang
logical;logisk
ash;aske
socially;socialt
parish;sogn
slavery;slaveri
blank;blank
commodity;handelsvare
cure;helbrede
mineral;mineral
hunger;sult
dying;døende
developmental;udviklingsmæssigt
faster;hurtigere
spare;reservedele
halfway;halvvejs
equality;lighed
cemetery;kirkegård
harassment;chikane
deliberately;med vilje
fame;berømmelse
regret;fortryde
striking;slående
likelihood;sandsynlighed
carrot;gulerod
atop;ovenpå
toll;afgift
rim;kant
embarrassed;flov
fucking;for fanden
cling;klamre sig
isolated;isoleret
blink;blinke
suspicious;mistænksom
wheelchair;kørestol
squad;trup
eligible;berettiget
processor;processor
plunge;dykke
demographic;demografiske
chill;chill
refuge;tilflugtssted
steer;styre
legislator;lovgiver
rally;samle
programming;programmering
cheer;opmuntre
outlet;stikkontakt
intact;intakt
vendor;sælger
thrive;trives
peanut;jordnød
chew;tygge
elaborate;uddybe
conception;forestilling
auction;auktion
steak;bøf
comply;overholde
triumph;triumf
shareholder;aktionær
comparable;sammenlignelig
transport;transportere
conscience;samvittighed
calculation;beregning
considerably;betydeligt
interval;interval
scratch;kradse
awake;vågen
jurisdiction;jurisdiktion
inevitably;uundgåeligt
feminist;feminist
constraint;begrænsning
emotionally;følelsesmæssigt
expedition;ekspedition
allegedly;angiveligt
similarity;lighed
butt;bagdel
lid;låg
dumb;dum
bulk;bulk
sprinkle;stænke
mortality;dødelighed
philosophical;filosofisk
conversion;konvertering
patron;protektor
municipal;kommunale
liver;lever
harmony;harmoni
solely;udelukkende
tolerance;tolerance
goat;ged
blessing;velsignelse
banana;banan
palace;palads
formerly;tidligere
peasant;Bonde
neat;pænt
grandparent;bedsteforælder
lawmaker;lovgiver
supermarket;supermarked
cruise;krydstogt
mobile;mobil
calendar;kalender
widow;enke
deposit;depositum
beard;skæg
brake;bremse
screening;screening
impulse;impuls
forbid;forbyde
fur;pels
brutal;brutal
predator;rovdyr
poke;prikke
opt;opt
voluntary;frivillig
valid;gyldig
forum;forum
dancing;dans
happily;lykkeligt
soar;svæve
removal;fjernelse
autonomy;autonomi
enact;vedtage
thread;tråd
landmark;milepæl
unhappy;ulykkelig
offender;gerningsmand
coming;kommer
privately;privat
fraction;brøkdel
distinctive;særpræg
tourism;turisme
threshold;Grænseværdi
routinely;rutinemæssigt
suite;suite
regulator;regulator
straw;strå
theological;teologisk
exhaust;udstødning
globe;globus
fragile;skrøbelig
objection;indvending
chemistry;kemi
old-fashioned;gammeldags
crowded;overfyldt
blast;sprænge
prevail;være fremherskende
overnight;natten over
denial;afslag
rental;leje
fantastic;fantastisk
fragment;fragment
screw;skrue
warmth;varme
undergraduate;bachelor
headache;hovedpine
policeman;politibetjent
projection;projektion
suitable;egnet
graduation;eksamen
drill;bore
cruel;grusom
mansion;palæ
grape;drue
authorize;bemyndige
cottage;sommerhus
driveway;indkørsel
charm;charme
sexuality;seksualitet
loyal;loyal
clay;ler
balloon;ballon
invention;opfindelse
ego;ego
fare;Gør
homework;lektier
disc;disk
sofa;sofa
availability;tilgængelighed
radar;radar
frown;rynke panden
regain;genvinde
sweater;sweater
rehabilitation;genoptræning
rubber;gummi
retreat;trække sig tilbage
molecule;molekyle
freely;frit
favorable;gunstige
steadily;støt
integrated;integreret
ha;han har
youngster;unge
premium;præmie
accountability;ansvarlighed
overwhelm;overvælde
one-third;en tredjedel
contemplate;overveje
update;opdatering
spark;gnist
ironically;ironisk
fatigue;træthed
speculate;spekulere
marker;markør
preach;prædike
bucket;spand
blond;blond
confession;tilståelse
provoke;provokere
marble;marmor
substantially;væsentligt
defender;forsvarer
explicit;eksplicit
disturbing;foruroligende
surveillance;overvågning
magnetic;magnetisk
technician;tekniker
mutter;mor
devastating;ødelæggende
depart;afrejse
arrow;pil
trauma;trauma
neighboring;nabo
soak;blødgøres
ribbon;bånd
meantime;mellemtiden
transmit;sende
harvest;høst
consecutive;fortløbende
coordinate;koordinere
spy;spion
slot;slot
riot;optøjer
nutrient;næringsstof
citizenship;borgerskab
severely;alvorligt
sovereignty;suverænitet
ridge;ryg
brave;modig
lighting;belysning
specify;specificere
contributor;bidragyder
frustrate;frustrere
articulate;artikulere
importantly;vigtigt
transit;transit
dense;tæt
seminar;seminar
electronics;elektronik
sunny;solrig
shorts;shorts
swell;svulme
accusation;anklage
soften;blødgøres
straighten;glatte
terribly;forfærdeligt
cue;stikord
bride;brud
biography;biografi
hazard;fare
compelling;overbevisende
seldom;sjældent
tile;flise
economically;økonomisk
honestly;ærligt talt
troubled;urolige
twentieth;tyvende
balanced;afbalanceret
foreigner;udlænding
convenience;bekvemmelighed
delight;glæde
weave;væve
timber;tømmer
till;til
accurately;præcist
plea;anbringende
bulb;pære
flying;flyvende
sustainable;bæredygtige
devil;djævel
bolt;Bolt
cargo;last
spine;rygrad
seller;sælger
skilled;dygtige
managing;administrerende
marine;marine
dock;dok
organized;organiseret
fog;tåge
diplomat;diplomat
boring;kedelig
sometime;stykke tid
summary;Resumé
missionary;missionær
epidemic;epidemi
fatal;fatal
trim;trimme
warehouse;lager
accelerate;fremskynde
butterfly;sommerfugl
bronze;bronze
drown;drukne
inherent;iboende
nationwide;landsdækkende
spit;spytte
kneel;knæle
vacuum;vakuum
selected;valgte
dictate;diktere
