the;das
and;und
have;haben
that;das
for;zum
you;Sie
with;mit
say;sagen
this;Dies
they;sie
but;aber
his;seine
from;aus
not;nicht
she;sie
as;wie
what;was
their;ihr
can;kann
who;wer
get;erhalten
would;möchten
her;Sie
all;alle
make;machen
about;um
know;kennt
will;Wille
one;eines
time;Zeit
there;dort
year;Jahr
think;denken
when;Wenn
which;die
them;Sie
some;etwas
people;Personen
take;nehmen
out;aus
into;hinein
just;nur
see;sehen
him;ihn
your;dein
come;Kommen Sie
could;könnte
now;jetzt
than;als
like;wie
other;Sonstiges
how;wie
then;dann
its;es ist
our;unser
two;zwei
more;mehr
these;diese
want;wollen
way;Weg
look;sehen
first;Erste
also;Auch
new;Neu
because;Weil
day;Tag
use;verwenden
man;Mann
find;finden
here;hier
thing;Ding
give;geben
many;viele
well;Gut
only;nur
those;diese
tell;erzählen
very;sehr
even;eben
back;der Rücken
any;irgendein
good;gut
woman;Frau
through;durch
life;Leben
child;Kind
work;Arbeit
down;Nieder
may;kann
after;nach
should;sollte
call;Anruf
world;Welt
over;Über
school;Schule
still;still
try;Versuchen
last;letzte
ask;Fragen
need;brauchen
too;zu
feel;Gefühl
three;drei
state;Zustand
never;noch nie
become;werden
between;zwischen
high;hoch
really;Ja wirklich
something;etwas
most;die meisten
another;Ein weiterer
much;viel
family;Familie
own;besitzen
leave;verlassen
put;stellen
old;alt
while;während
mean;bedeuten
keep;behalten
student;Schüler
why;warum
let;Lassen
great;Großartig
same;gleich
big;groß
group;Gruppe
begin;Start
seem;erscheinen
country;Land
help;Hilfe
talk;sich unterhalten
where;wo
turn;drehen
problem;Problem
every;jeder
start;Anfang
hand;Hand
might;könnte
American;amerikanisch
show;Show
part;Teil
against;gegen
place;Platz
such;eine solche
again;wieder
few;wenig
case;Fall
week;Woche
company;Gesellschaft
system;System
each;jeder
right;Rechts
program;Programm
hear;hören
question;Frage
during;während
play;abspielen
government;Regierung
run;Lauf
small;klein
number;Nummer
off;aus
always;stets
move;Bewegung
night;Nacht
live;live
Mr;Herr
point;Punkt
believe;glauben
hold;halt
today;heute
bring;bringen
happen;passieren
next;nächste
without;ohne
before;Vor
large;groß
million;Million
must;muss
home;Heimat
under;unter
water;Wasser
room;Zimmer
write;schreiben
mother;Mutter
area;Bereich
national;National
money;Geld
story;Geschichte
young;jung
fact;Tatsache
month;Monat
different;anders
lot;viel
study;lernen
book;Buchen
eye;Auge
job;Arbeit
word;Wort
though;obwohl
business;Geschäft
issue;Ausgabe
side;Seite
kind;nett
four;vier
head;Kopf
far;weit
black;Schwarz
long;lang
both;beide
little;wenig
house;Haus
yes;Jawohl
since;seit
provide;zur Verfügung stellen
service;Service
around;um
friend;Freund
important;wichtig
father;Vater
sit;mach Sitz
away;ein Weg
until;bis um
power;Energie
hour;Stunde
game;Spiel
often;häufig
yet;noch
line;Linie
political;politisch
end;Ende
among;unter
ever;je
stand;Stand
bad;Schlecht
lose;verlieren
however;jedoch
member;Mitglied
pay;Zahlen
law;Gesetz
meet;Treffen
car;Wagen
city;Stadt
almost;fast
include;enthalten
continue;fortsetzen
set;einstellen
later;später
community;Gemeinschaft
name;Name
five;fünf
once;einmal
white;Weiß
least;am wenigsten
president;Präsident
learn;lernen
real;real
change;Rückgeld
team;Mannschaft
minute;Minute
best;Beste
several;mehrere
idea;Idee
kid;Kind
body;Karosserie
information;Information
nothing;nichts
ago;vor
lead;führen
social;Sozial
understand;verstehe
whether;ob
watch;Uhr
together;zusammen
follow;Folgen
parent;Elternteil
stop;Pause
face;Gesicht
anything;irgendetwas
create;schaffen
public;Öffentlichkeit
already;schon
speak;sprechen
others;Andere
read;lesen
level;eben
allow;ermöglichen
add;hinzufügen
office;Büro
spend;verbringen
door;Tür
health;die Gesundheit
person;Person
art;Kunst
sure;sicher
war;Krieg
history;Geschichte
party;Party
within;innerhalb
grow;größer werden
result;Ergebnis
open;offen
morning;Morgen
walk;Spaziergang
reason;Grund
low;niedrig
win;gewinnen
research;Forschung
girl;Mädchen
guy;Kerl
early;frühzeitig
food;Lebensmittel
moment;Moment
himself;selbst
air;Luft
teacher;Lehrer
force;Macht
offer;Angebot
enough;genügend
education;Ausbildung
across;über
although;obwohl
remember;denken Sie daran
foot;Fuß
second;zweite
boy;Junge
maybe;kann sein
toward;zu
able;fähig
age;das Alter
policy;Politik
everything;alles
love;Liebe
process;Prozess
music;Musik
including;einschließlich
consider;Erwägen
appear;erscheinen
actually;eigentlich
buy;Kaufen
probably;wahrscheinlich
human;Mensch
wait;Warten
serve;Dienen
market;Markt
die;das
send;senden
expect;erwarten von
sense;Sinn
build;bauen
stay;bleibe
fall;Herbst
oh;oh
nation;Nation
plan;planen
cut;schneiden
college;Uni
interest;Interesse
death;Tod
course;Kurs
someone;jemand
experience;Erfahrung
behind;hinter
reach;erreichen
local;lokal
kill;töten
six;sechs
remain;bleiben übrig
effect;Wirkung
yeah;ja
suggest;empfehlen
class;Klasse
control;Kontrolle
raise;heben
care;Pflege
perhaps;vielleicht
late;spät
hard;schwer
field;aufstellen
else;anders
pass;passieren
former;ehemalige
sell;verkaufen
major;Haupt
sometimes;manchmal
require;benötigen
along;eine lange
development;Entwicklung
themselves;sich
report;Bericht
role;Rolle
better;besser
economic;wirtschaftlich
effort;Anstrengung
decide;sich entscheiden
rate;Bewertung
strong;stark
possible;möglich
heart;Herz
drug;Arzneimittel
leader;Führer
light;hell
voice;Stimme
wife;Ehefrau
whole;ganz
police;Polizei
mind;Geist
finally;endlich
pull;ziehen
return;Rückkehr
free;frei
military;Militär-
price;Preis
less;weniger
according;gemäß
decision;Entscheidung
explain;erklären
son;Sohn
hope;Hoffnung
develop;sich entwickeln
view;Aussicht
relationship;Beziehung
carry;tragen
town;Stadt, Dorf
road;Straße
drive;Fahrt
arm;Arm
TRUE;STIMMT
federal;föderal
break;Unterbrechung
difference;Unterschied
thank;danken
receive;erhalten
value;Wert
international;International
building;Gebäude
action;Aktion
full;voll
model;Modell
join;beitreten
season;Jahreszeit
society;Gesellschaft
tax;MwSt
director;Direktor
position;Position
player;Spieler
agree;zustimmen
especially;besonders
record;Aufzeichnung
pick;wählen
wear;tragen
paper;Papier
special;Besondere
space;Platz
ground;Boden
form;bilden
support;Unterstützung
event;Veranstaltung
official;offiziell
whose;Deren
matter;Angelegenheit
everyone;alle
center;Center
couple;Paar
site;Seite? ˅
project;Projekt
hit;Schlag
base;Base
activity;Aktivität
star;Stern
table;Tisch
court;Gericht
produce;produzieren
eat;Essen
teach;unterrichten
oil;Öl
half;halb
situation;Lage
easy;einfach
cost;kosten
industry;Industrie
figure;Zahl
street;Straße
image;Bild
itself;selbst
phone;Telefon
either;entweder
data;Daten
cover;Startseite
quite;ziemlich
picture;Bild
clear;klar
practice;trainieren
piece;Stück
land;Land
recent;jüngste
describe;beschreiben
product;Produkt
doctor;Arzt
wall;Mauer
patient;Geduldig
worker;Arbeiter
news;Nachrichten
test;Prüfung
movie;Film
certain;sicher
north;Norden
personal;persönlich
simply;einfach
third;dritte
technology;Technologie
catch;Fang
step;Schritt
baby;Baby
computer;Computer
type;Typ
attention;Aufmerksamkeit
draw;zeichnen
film;Film
Republican;Republikaner
tree;Baum
source;Quelle
red;rot
nearly;fast
organization;Organisation
choose;wählen
cause;weil
hair;Haar
century;Jahrhundert
evidence;Beweis
window;Fenster
difficult;schwierig
listen;Hören
soon;demnächst
culture;Kultur
billion;Milliarde
chance;Chance
brother;Bruder
energy;Energie
period;Zeitraum
summer;Sommer
realize;realisieren
hundred;hundert
available;verfügbar
plant;Pflanze
likely;wahrscheinlich
opportunity;Gelegenheit
term;Begriff
short;kurz
letter;Buchstabe
condition;Bedingung
choice;Auswahl
single;Single
rule;Regel
daughter;Tochter
administration;Verwaltung
south;Süden
husband;Ehemann
Congress;Kongress
floor;Boden
campaign;Kampagne
material;Material
population;Population
economy;Wirtschaft
medical;medizinisch
hospital;Krankenhaus
church;Kirche
close;nah dran
thousand;tausend
risk;Risiko
current;aktuell
fire;Feuer
future;Zukunft
wrong;falsch
involve;einbeziehen
defense;Verteidigung
anyone;jeder
increase;Zunahme
security;Sicherheit
bank;Bank
myself;mich selbst
certainly;sicherlich
west;Westen
sport;Sport
board;Tafel
seek;suchen
per;pro
subject;Thema
officer;Offizier
private;Privatgelände
rest;sich ausruhen
behavior;Verhalten
deal;handeln
performance;Leistung
fight;Kampf
throw;Wurf
top;oben
quickly;schnell
past;vorbei an
goal;Tor
bed;Bett
order;bestellen
author;Autor
fill;füllen
represent;vertreten
focus;Fokus
foreign;ausländisch
drop;fallen
blood;Blut
upon;auf
agency;Agentur
push;drücken
nature;Natur
color;Farbe
recently;in letzter Zeit
store;Laden
reduce;reduzieren
sound;Klang
note;Hinweis
fine;fein
near;nahe
movement;Bewegung
page;Seite
enter;Eintreten
share;Teilen
common;gemeinsames
poor;Arm
natural;natürlich
race;Rennen
concern;Anliegen
series;Serie
significant;von Bedeutung
similar;ähnlich
hot;heiß
language;Sprache
usually;normalerweise
response;Antwort
dead;tot
rise;Aufstieg
animal;Tier
factor;Faktor
decade;Jahrzehnt
article;Artikel
shoot;schießen
east;Ost
save;sparen
seven;Sieben
artist;Künstler
scene;Szene
stock;Lager
career;Werdegang
despite;Trotz
central;zentral
eight;acht
thus;daher
treatment;Behandlung
beyond;Darüber hinaus
happy;glücklich
exactly;exakt
protect;beschützen
approach;sich nähern
lie;Lüge
size;Größe
dog;Hund
fund;Fonds
serious;ernst
occur;geschehen
media;Medien
ready;bereit
sign;Schild
thought;Gedanke
list;aufführen
individual;Individuell
simple;einfach
quality;Qualität
pressure;Druck
accept;annehmen
answer;Antworten
resource;Ressource
identify;identifizieren
left;links
meeting;treffen
determine;bestimmen
prepare;vorbereiten
disease;Erkrankung
whatever;wie auch immer
success;Erfolg
argue;streiten
cup;Tasse
particularly;im Speziellen
amount;Menge
ability;Fähigkeit
staff;Mitarbeiter
recognize;erkenne
indicate;angeben
character;Charakter
growth;Wachstum
loss;Verlust
degree;Grad
wonder;sich fragen
attack;Attacke
herself;Sie selber
region;Region
television;Fernsehen
box;Kasten
TV;Fernseher
training;Ausbildung
pretty;hübsch
trade;handeln
election;Wahl
everybody;alle
physical;körperlich
lay;legen
general;Allgemeines
feeling;Gefühl
standard;Standard
bill;Rechnung
message;Botschaft
fail;scheitern
outside;außen
arrive;ankommen
analysis;Analyse
benefit;Nutzen
sex;Sex
forward;nach vorne
lawyer;Anwalt
present;gegenwärtig
section;Sektion
environmental;Umwelt
glass;Glas
skill;Können
sister;Schwester
PM;PN
professor;Professor
operation;Betrieb
financial;finanziell
crime;Verbrechen
stage;Bühne
ok;OK
compare;vergleichen
authority;Behörde
miss;fehlschlagen
design;Entwurf
sort;Sortieren
act;Handlung
ten;zehn
knowledge;Wissen
gun;Pistole
station;Bahnhof
blue;blau
strategy;Strategie
clearly;deutlich
discuss;diskutieren
indeed;in der Tat
truth;Wahrheit
song;Lied
example;Beispiel
democratic;demokratisch
check;überprüfen
environment;Umgebung
leg;Bein
dark;dunkel
various;verschiedene
rather;eher
laugh;Lachen
guess;erraten
executive;Exekutive
prove;beweisen
hang;aufhängen
entire;gesamte
rock;Felsen
forget;vergessen
claim;Klage
remove;Löschen
manager;Manager
enjoy;Viel Spaß
network;Netzwerk
legal;legal
religious;religiös
cold;kalt
final;Finale
main;hauptsächlich
science;Wissenschaft
green;grün
memory;Erinnerung
card;Karte
above;Oben
seat;Sitz
cell;Zelle
establish;Gründen
nice;Hübsch
trial;Studie
expert;Experte
spring;Frühling
firm;Feste
Democrat;Demokrat
radio;Radio
visit;Besuch
management;Management
avoid;vermeiden
imagine;vorstellen
tonight;heute Abend
huge;riesig
ball;Ball
finish;Fertig
yourself;dich selbst
theory;Theorie
impact;Einschlag
respond;antworten
statement;Aussage
maintain;pflegen
charge;aufladen
popular;Beliebt
traditional;traditionell
onto;auf zu
reveal;aufdecken
direction;Richtung
weapon;Waffe
employee;Angestellter
cultural;kulturell
contain;enthalten
peace;Frieden
pain;Schmerzen
apply;anwenden
measure;messen
wide;breit
shake;Shake
fly;fliegen
interview;Interview
manage;verwalten
chair;Stuhl
fish;Fische
particular;besondere
camera;Kamera
structure;Struktur
politics;Politik
perform;ausführen
bit;bisschen
weight;Gewicht
suddenly;plötzlich
discover;entdecken
candidate;Kandidat
production;Produktion
treat;behandeln
trip;Reise
evening;Abend
affect;beeinträchtigen
inside;Innerhalb
conference;Konferenz
unit;Einheit
style;Stil
adult;Erwachsene
worry;Sorge
range;Angebot
mention;nennen
deep;tief
edge;Kante
specific;Spezifisch
writer;Schriftsteller
trouble;Problem
necessary;notwendig
throughout;hindurch
challenge;Herausforderung
fear;Furcht
shoulder;Schulter
institution;Institution
middle;Mitte
sea;Meer
dream;Traum
bar;Bar
beautiful;schön
property;Eigentum
instead;stattdessen
improve;verbessern
stuff;Sachen
detail;Detail
method;Methode
somebody;jemand
magazine;Zeitschrift
hotel;Hotel
soldier;Soldat
reflect;reflektieren
heavy;schwer
sexual;sexuell
bag;Tasche
heat;Wärme
marriage;die Ehe
tough;hart
sing;singen
surface;auftauchen
purpose;Zweck
exist;existieren
pattern;Muster
whom;dem
skin;Haut
agent;Agent
owner;Eigentümer
machine;Maschine
gas;Gas
ahead;voraus
generation;Generation
commercial;kommerziell
address;die Anschrift
cancer;Krebs
item;Artikel
reality;Wirklichkeit
coach;Coach
Mrs;Frau
yard;Hof
beat;schlagen
violence;Gewalt
total;gesamt
tend;neigen
investment;Investition
discussion;Diskussion
finger;Finger
garden;Garten
notice;Notiz
collection;Sammlung
modern;modern
task;Aufgabe
partner;Partner
positive;positiv
civil;bürgerlich
kitchen;Küche
consumer;Verbraucher
shot;Schuss
budget;Budget
wish;Wunsch
painting;Malerei
scientist;Wissenschaftler
safe;sicher
agreement;Zustimmung
capital;Hauptstadt
mouth;Mund
nor;Noch
victim;Opfer
newspaper;Zeitung
threat;Drohung
responsibility;Verantwortung
smile;lächeln
attorney;Rechtsanwalt
score;Punktzahl
account;Konto
interesting;interessant
audience;Publikum
rich;Reich
dinner;Abendessen
vote;Abstimmung
western;Western
relate;betreffen
travel;reisen
debate;Debatte
prevent;verhindern
citizen;Bürger
majority;mehrheitlich
none;keiner
front;Vorderseite
born;geboren
admit;zugeben
senior;Senior
assume;davon ausgehen
wind;Wind
key;Schlüssel
professional;Fachmann
mission;Mission
fast;schnell
alone;allein
customer;Kunde
suffer;leiden
speech;Rede
successful;erfolgreich
option;Möglichkeit
participant;Teilnehmer
southern;Süd-
fresh;frisch
eventually;letztlich
forest;Wald
video;Video
global;global
Senate;Senat
reform;Reform
access;Zugang
restaurant;Restaurant
judge;Richter
publish;veröffentlichen
relation;Beziehung
release;Veröffentlichung
bird;Vogel
opinion;Meinung
credit;Anerkennung
critical;kritisch
corner;Ecke
concerned;betroffen
recall;abrufen
version;Ausführung
stare;starren
safety;Sicherheit
effective;Wirksam
neighborhood;Nachbarschaft
original;Original
troop;Trupp
income;Einkommen
directly;direkt
hurt;Schmerz
species;Spezies
immediately;sofort
track;Spur
basic;Basic
strike;schlagen
sky;Himmel
freedom;Freiheit
absolutely;unbedingt
plane;Flugzeug
nobody;niemand
achieve;erreichen
object;Objekt
attitude;Attitüde
labor;Arbeit
refer;verweisen
concept;Konzept
client;Klient
powerful;mächtig
perfect;perfekt
nine;neun
therefore;deshalb
conduct;Verhalten
announce;bekannt geben
conversation;Gespräch
examine;untersuchen
touch;berühren
please;bitte
attend;teilnehmen
completely;vollständig
variety;Vielfalt
sleep;schlafen
involved;beteiligt
investigation;Ermittlung
nuclear;nuklear
researcher;Forscher
press;Drücken Sie
conflict;Konflikt
spirit;Geist
replace;ersetzen
British;britisch
encourage;ermutigen
argument;Streit
camp;Lager
brain;Gehirn
feature;Besonderheit
afternoon;Nachmittag
AM;BIN
weekend;Wochenende
dozen;Dutzend
possibility;Wahrscheinlichkeit
insurance;Versicherung
department;Abteilung
battle;Schlacht
beginning;Anfang
date;Datum
generally;allgemein
African;afrikanisch
sorry;Verzeihung
crisis;Krise
complete;Komplett
fan;Fan
stick;Stock
define;definieren
easily;leicht
hole;Loch
element;Element
vision;Vision
status;Status
normal;normal
Chinese;Chinesisch
ship;Schiff
solution;Lösung
stone;Stein
slowly;langsam
scale;Skala
university;Universität
introduce;einführen
driver;Treiber
attempt;versuchen
park;Park
spot;Stelle
lack;Mangel
ice;Eis
boat;Boot
drink;Getränk
sun;Sonne
distance;Distanz
wood;Holz
handle;handhaben
truck;LKW
mountain;Berg
survey;Umfrage
supposed;soll
tradition;Tradition
winter;Winter
village;Dorf
Soviet;Sowjetisch
refuse;sich weigern
sales;Verkauf
roll;rollen
communication;Kommunikation
screen;Bildschirm
gain;gewinnen
resident;Bewohner
hide;ausblenden
gold;Gold
club;Verein
farm;Bauernhof
potential;Potenzial
European;europäisch
presence;Gegenwart
independent;unabhängig
district;Bezirk
shape;Form
reader;Leser
Ms;MS
contract;Vertrag
crowd;Menge
Christian;Christian
express;ausdrücken
apartment;Wohnung
willing;bereit
strength;Stärke
previous;früher
band;Band
obviously;offensichtlich
horse;Pferd
interested;interessiert
target;Ziel
prison;Gefängnis
ride;Reiten
guard;bewachen
terms;Bedingungen
demand;fordern
reporter;Reporter
deliver;liefern
text;Text
tool;Werkzeug
wild;wild
vehicle;Fahrzeug
observe;beobachten
flight;Flug
facility;Einrichtung
understanding;Verständnis
average;Durchschnitt
emerge;auftauchen
advantage;Vorteil
quick;schnell
leadership;Führung
earn;verdiene
pound;Pfund
basis;Basis
bright;hell
operate;arbeiten
guest;Gast
sample;Probe
contribute;beitragen
tiny;sehr klein
block;Block
protection;Schutz
settle;siedeln
feed;Einspeisung
collect;sammeln
additional;zusätzlich
highly;höchst
identity;Identität
title;Titel
mostly;meist
lesson;Lektion
faith;Glaube
river;Fluss
promote;fördern
living;Leben
count;zählen
unless;wenn nicht
marry;heiraten
tomorrow;Morgen
technique;Technik
path;Weg
ear;Ohr
shop;Geschäft
folk;Volk
principle;Prinzip
survive;überleben
lift;Aufzug
border;Grenze
competition;Wettbewerb
jump;springen
gather;versammeln
limit;Grenze
fit;fit
cry;Schrei
equipment;Ausrüstung
worth;Wert
associate;assoziieren
critic;Kritiker
warm;warm
aspect;Aspekt
insist;pochen
failure;Versagen
annual;jährlich
French;Französisch
Christmas;Weihnachten
comment;Kommentar
responsible;verantwortlich
affair;Affäre
procedure;Verfahren
regular;regulär
spread;Verbreitung
chairman;Vorsitzende
baseball;Baseball
soft;Sanft
ignore;ignorieren
egg;Ei
belief;Glauben
demonstrate;zeigen
anybody;irgendjemand
murder;Mord
gift;Geschenk
religion;Religion
review;Rezension
editor;Editor
engage;engagieren
coffee;Kaffee
document;dokumentieren
speed;Geschwindigkeit
cross;Kreuz
influence;beeinflussen
anyway;ohnehin
threaten;drohen
commit;verpflichten
female;weiblich
youth;Jugend
wave;Welle
afraid;besorgt
quarter;Quartal
background;Hintergrund
native;einheimisch
broad;breit
wonderful;wunderbar
deny;leugnen
apparently;offenbar
slightly;leicht
reaction;Reaktion
twice;zweimal
suit;passen
perspective;Perspektive
growing;wachsend
blow;Schlag
construction;Konstruktion
intelligence;Intelligenz
destroy;zerstören
cook;Koch
connection;Verbindung
burn;brennen
shoe;Schuh
grade;Klasse
context;Kontext
committee;Komitee
hey;Hey
mistake;Fehler
location;Lage
clothes;Kleidung
Indian;indisch
quiet;ruhig
dress;Kleid
promise;versprechen
aware;bewusst
neighbor;Nachbar
function;Funktion
bone;Knochen
active;aktiv
extend;erweitern
chief;Chef
combine;kombinieren
wine;Wein
below;unter
cool;Kalt
voter;Wähler
learning;Lernen
bus;Bus
hell;Hölle
dangerous;gefährlich
remind;erinnern
moral;Moral-
United;Vereinigt
category;Kategorie
relatively;verhältnismäßig
victory;Sieg
academic;akademisch
Internet;Internet
healthy;gesund
negative;Negativ
following;folgende
historical;historisch
medicine;Medizin
tour;Tour
depend;abhängen
photo;Foto
finding;finden
grab;greifen
direct;Direkte
classroom;Klassenzimmer
contact;Kontakt
justice;Gerechtigkeit
participate;sich beteiligen
daily;Täglich
fair;Messe
pair;Paar
famous;berühmt
exercise;Übung
knee;Knie
flower;Blume
tape;Band
hire;mieten
familiar;vertraut
appropriate;angemessen
supply;liefern
fully;völlig
actor;Schauspieler
birth;Geburt
search;Suche
tie;binden
democracy;Demokratie
eastern;östlich
primary;primär
yesterday;gestern
circle;Kreis
device;Gerät
progress;Fortschritt
bottom;Unterseite
island;Insel
exchange;Austausch
clean;sauber
studio;Studio
train;Zug
lady;Dame
colleague;Kollege
application;Anwendung
neck;Nacken
lean;mager
damage;Schaden
plastic;Plastik
tall;hoch
plate;Teller
hate;hassen
otherwise;Andernfalls
writing;Schreiben
male;männlich
alive;am Leben
expression;Ausdruck
football;Fußball
intend;beabsichtigen
chicken;Hähnchen
army;Heer
abuse;Missbrauch
theater;Theater
shut;schließen
map;Karte
extra;extra
session;Sitzung
danger;Achtung
welcome;willkommen
domestic;inländisch
lots;viele
literature;Literatur
rain;Regen
desire;Verlangen
assessment;Bewertung
injury;Verletzung
respect;Respekt
northern;nördlich
nod;nicken
paint;Farbe
fuel;Treibstoff
leaf;Blatt
dry;trocken
Russian;Russisch
instruction;Anweisung
pool;Schwimmbad
climb;steigen
sweet;süß
engine;Motor
fourth;vierte
salt;Salz
expand;erweitern
importance;Bedeutung
metal;Metall
fat;fett
ticket;Fahrkarte
software;Software
disappear;verschwinden
corporate;Unternehmen
strange;seltsam
lip;Lippe
reading;lesen
urban;urban
mental;geistig
increasingly;zunehmend
lunch;Mittagessen
educational;lehrreich
somewhere;irgendwo
farmer;Bauer
sugar;Zucker
planet;Planet
favorite;Favorit
explore;erforschen
obtain;erhalten
enemy;Feind
greatest;größte
complex;Komplex
surround;umgeben
athlete;Athlet
invite;einladen
repeat;wiederholen
carefully;sorgfältig
soul;Seele
scientific;wissenschaftlich
impossible;unmöglich
panel;Tafel
meaning;Bedeutung
mom;Mama
married;verheiratet
instrument;Instrument
predict;vorhersagen
weather;Wetter
presidential;Präsidentschaftskandidat
emotional;emotional
commitment;Verpflichtung
Supreme;Höchste
bear;Bär
pocket;Tasche
thin;dünn
temperature;Temperatur
surprise;Überraschung
poll;Umfrage
proposal;Vorschlag
consequence;Folge
breath;Atem
sight;Sicht
balance;Gleichgewicht
adopt;adoptieren
minority;Minderheit
straight;gerade
connect;verbinden
works;funktioniert
teaching;Lehren
belong;gehören
aid;Hilfe
advice;Rat
okay;okay
photograph;Foto
empty;leer
regional;regional
trail;Pfad
novel;Roman
code;Code
somehow;irgendwie
organize;organisieren
jury;Jury
breast;Brust
Iraqi;irakisch
acknowledge;anerkennen
theme;Thema
storm;Sturm
union;Union
desk;Schreibtisch
thanks;Danke
fruit;Obst
expensive;teuer
yellow;gelb
conclusion;Fazit
prime;prim
shadow;Schatten
struggle;Kampf
conclude;daraus schließen
analyst;Analytiker
dance;tanzen
regulation;Verordnung
being;Sein
ring;Ring
largely;weitgehend
shift;Wechsel
revenue;Einnahmen
mark;Kennzeichen
locate;Lokalisieren
county;Bezirk
appearance;Aussehen
package;Paket
difficulty;Schwierigkeit
bridge;Brücke
recommend;empfehlen
obvious;offensichtlich
basically;Grundsätzlich
e-mail;Email
generate;generieren
anymore;mehr
propose;vorschlagen
thinking;Denken
possibly;möglicherweise
trend;Trend
visitor;Besucher
loan;Darlehen
currently;zur Zeit
comfortable;gemütlich
investor;Investor
profit;profitieren
angry;wütend
crew;Besatzung
accident;Unfall
meal;Mahlzeit
hearing;Hören
traffic;Verkehr
muscle;Muskel
notion;Vorstellung
capture;Erfassung
prefer;vorziehen
truly;wirklich
earth;Erde
Japanese;japanisch
chest;Truhe
thick;dick
cash;Kasse
museum;Museum
beauty;Schönheit
emergency;Notfall
unique;einzigartig
internal;intern
ethnic;ethnisch
link;Verknüpfung
stress;betonen
content;Inhalt
select;auswählen
root;Wurzel
nose;Nase
declare;erklären
appreciate;im Wert steigen
actual;tatsächlich
bottle;Flasche
hardly;kaum
setting;Einstellung
launch;Start
file;Datei
sick;krank
outcome;Ergebnis
ad;Anzeige
defend;verteidigen
duty;Pflicht
sheet;Blech
ought;sollen
ensure;dafür sorgen
Catholic;katholisch
extremely;äußerst
extent;Ausmaß
component;Komponente
mix;mischen
long-term;langfristig
slow;langsam
contrast;Kontrast
zone;Zone
wake;aufwachen
airport;Flughafen
brown;braun
shirt;Shirt
pilot;Pilot
warn;warnen
ultimately;letzten Endes
cat;Katze
contribution;Beitrag
capacity;Kapazität
ourselves;uns selbst
estate;Anwesen
guide;führen
circumstance;Umstand
snow;Schnee
English;Englisch
politician;Politiker
steal;stehlen
pursue;verfolgen
slip;Unterhose
percentage;Prozentsatz
meat;Fleisch
funny;komisch
neither;weder
soil;Boden
surgery;Chirurgie
correct;Korrekt
Jewish;jüdisch
blame;Schuld
estimate;schätzen
due;fällig
basketball;Basketball
golf;Golf
investigate;untersuchen
crazy;verrückt
significantly;bedeutend
chain;Kette
branch;Zweig
combination;Kombination
frequently;häufig
governor;Gouverneur
relief;Hilfe
user;Benutzer
dad;Papa
kick;trete
manner;Benehmen
ancient;alt
silence;Schweigen
rating;Bewertung
golden;golden
motion;Bewegung
German;Deutsch
gender;Geschlecht
solve;lösen
fee;Gebühr
landscape;Landschaft
used;Gebraucht
bowl;Schüssel
equal;gleich
forth;her
frame;rahmen
typical;typisch
except;außer
conservative;konservativ
eliminate;beseitigen
host;Gastgeber
hall;Halle
trust;vertrauen
ocean;Ozean
row;die Zeile
producer;Hersteller
afford;sich leisten
meanwhile;inzwischen
regime;Regime
division;Aufteilung
confirm;bestätigen
fix;Fix
appeal;appellieren
mirror;Spiegel
tooth;Zahn
smart;Clever
length;Länge
entirely;völlig
rely;vertrauen
topic;Thema
complain;beschweren
variable;Variable
telephone;Telefon
perception;Wahrnehmung
attract;anlocken
confidence;Vertrauen
bedroom;Schlafzimmer
secret;Geheimnis
debt;Schuld
rare;Selten
tank;Panzer
nurse;Krankenschwester
coverage;Abdeckung
opposition;Opposition
aside;beiseite
anywhere;irgendwo
bond;Bindung
pleasure;Vergnügen
master;Meister
era;Epoche
requirement;Erfordernis
fun;Spaß
expectation;Erwartung
wing;Flügel
separate;getrennt
somewhat;etwas
pour;zum
stir;Aufsehen
judgment;Beurteilung
beer;Bier
reference;Hinweis
tear;Träne
doubt;Zweifel
grant;gewähren
seriously;Ernsthaft
minister;Minister
totally;total
hero;Held
industrial;industriell
cloud;Wolke
stretch;strecken
winner;Gewinner
volume;Volumen
seed;Samen
surprised;überrascht
fashion;Mode
pepper;Pfeffer
busy;belebt
intervention;Intervention
copy;Kopieren
tip;Tipp
cheap;billig
aim;Ziel
cite;zitieren
welfare;Wohlfahrt
vegetable;Gemüse
gray;grau
dish;Gericht
beach;Strand
improvement;Verbesserung
everywhere;überall, überallhin, allerorts
opening;Öffnung
overall;gesamt
divide;teilen
initial;Initial
terrible;abscheulich
oppose;ablehnen
contemporary;zeitgenössisch
route;Route
multiple;mehrere
essential;wesentlich
league;Liga
criminal;kriminell
careful;Vorsichtig
core;Ader
upper;Oberer, höher
rush;sich beeilen
necessarily;Notwendig
specifically;speziell
tired;müde
employ;beschäftigen
holiday;Ferien
vast;groß
resolution;Auflösung
household;Haushalt
fewer;weniger
abortion;Abbruch
apart;ein Teil
witness;Zeuge
match;passen
barely;kaum
sector;Sektor
representative;Vertreter
beneath;unter
beside;neben
incident;Vorfall
limited;begrenzt
proud;stolz
flow;fließen
faculty;Fakultät
increased;erhöht
waste;Abfall
merely;nur
mass;Masse
emphasize;betonen
experiment;Experiment
definitely;bestimmt
bomb;Bombe
enormous;enorm
tone;Ton
liberal;Liberale
massive;fest
engineer;Techniker
wheel;Rad
decline;Abfall
invest;investieren
cable;Kabel
towards;gegenüber
expose;entlarven
rural;ländlich
AIDS;AIDS
Jew;Oder
narrow;eng
cream;Creme
secretary;Sekretär
gate;Tor
solid;fest
hill;hügel
typically;typisch
noise;Lärm
grass;Gras
unfortunately;Unglücklicherweise
hat;hat
legislation;Gesetzgebung
succeed;erfolgreich
celebrate;zelebrieren
achievement;Leistung
fishing;Angeln
accuse;beschuldigen
useful;nützlich
reject;ablehnen
talent;Talent
taste;Geschmack
characteristic;charakteristisch
milk;Milch
escape;Flucht
cast;gießen
sentence;Satz
unusual;ungewöhnlich
closely;eng
convince;überzeugen
height;Höhe
physician;Arzt
assess;bewerten
plenty;eine Menge
virtually;virtuell
addition;Zusatz
sharp;Scharf
creative;kreativ
lower;niedriger
approve;genehmigen
explanation;Erläuterung
gay;Fröhlich
campus;Campus
proper;richtig
guilty;schuldig
acquire;erwerben
compete;wetteifern
technical;technisch
plus;Plus
immigrant;Immigrant
weak;schwach
illegal;illegal
hi;hallo
alternative;Alternative
interaction;Interaktion
column;Säule
personality;Persönlichkeit
signal;Signal
curriculum;Lehrplan
honor;ehren
passenger;Passagier
assistance;Hilfe
forever;bis in alle Ewigkeit
regard;betrachten
Israeli;israelisch
association;Verband
twenty;zwanzig
knock;klopfen
wrap;wickeln
lab;Labor
display;Anzeige
criticism;Kritik
asset;Anlage
depression;Depression
spiritual;spirituell
musical;Musical
journalist;Journalist
prayer;Gebet
suspect;vermuten
scholar;Gelehrte
warning;Warnung
climate;Klima
cheese;Käse
observation;Überwachung
childhood;Kindheit
payment;Zahlung
sir;Herr
permit;erlauben
cigarette;Zigarette
definition;Definition
priority;Priorität
bread;brot
creation;Schaffung
graduate;Absolvent
request;Anfrage
emotion;Emotion
scream;Schrei
dramatic;dramatisch
universe;Universum
gap;Lücke
excellent;Ausgezeichnet
deeply;tief
prosecutor;Staatsanwalt
lucky;Glücklich
drag;ziehen
airline;Fluggesellschaft
library;Bibliothek
agenda;Agenda
recover;genesen
factory;Fabrik
selection;Auswahl
primarily;in erster Linie
roof;Dach
unable;unfähig
expense;Kosten
initiative;Initiative
diet;Diät
arrest;Festnahme
funding;Finanzierung
therapy;Therapie
wash;waschen
schedule;zeitlicher Ablauf
sad;traurig
brief;knapp
housing;Gehäuse
post;Post
purchase;kaufen
existing;vorhandenen
steel;Stahl
regarding;bezüglich
shout;schreien
remaining;verblieben
visual;visuell
fairly;ziemlich
chip;Chip
violent;heftig
silent;Leise
suppose;vermuten
self;selbst
bike;Fahrrad
tea;Tee
perceive;wahrnehmen
comparison;Vergleich
settlement;Siedlung
layer;Schicht
planning;Planung
description;Bezeichnung
slide;gleiten
widely;weit
wedding;Hochzeit
inform;informieren
portion;Portion
territory;Gebiet
immediate;sofort
opponent;Gegner
abandon;aufgeben
lake;See
transform;verwandeln
tension;Spannung
leading;führend
bother;sich kümmern
consist;bestehen
alcohol;Alkohol
enable;ermöglichen
bend;Biege
saving;sparen
desert;Wüste
shall;soll
error;Error
cop;Polizist
Arab;Arabisch
double;doppelt
sand;Sand
Spanish;Spanisch
print;drucken
preserve;bewahren
passage;Passage
formal;formell
transition;Überleitung
existence;Existenz
album;Album
participation;Beteiligung
arrange;arrangieren
atmosphere;Atmosphäre
joint;gemeinsam
reply;Antwort
cycle;Kreislauf
opposite;Gegenteil
lock;sperren
deserve;verdienen
consistent;konsistent
resistance;Widerstand
discovery;Entdeckung
exposure;Exposition
pose;Pose
stream;Strom
sale;Verkauf
pot;Topf
grand;großartig
mine;Mine
hello;hallo
coalition;Koalition
tale;Geschichte
knife;Messer
resolve;beschließen
racial;rassisch
phase;Phase
joke;scherzen
coat;Mantel
Mexican;Mexikaner
symptom;Symptom
manufacturer;Hersteller
philosophy;Philosophie
potato;Kartoffel
foundation;Stiftung
quote;zitieren
online;online
negotiation;Verhandlung
urge;Drang
occasion;Gelegenheit
dust;Staub
breathe;atmen
elect;wählen
investigator;Ermittler
jacket;Jacke
glad;froh
ordinary;gewöhnliche
reduction;die Ermäßigung
rarely;selten
pack;Pack
suicide;Selbstmord
numerous;zahlreich
substance;Substanz
discipline;Disziplin
elsewhere;anderswo
iron;Eisen
practical;praktisch
moreover;Außerdem
passion;Hingabe
volunteer;Freiwillige
implement;implementieren
essentially;im Wesentlichen
gene;Gen
enforcement;Durchsetzung
vs;vs
sauce;Soße
independence;Unabhängigkeit
marketing;Marketing
priest;Priester
amazing;toll
intense;heftig
advance;Vorauszahlung
employer;Arbeitgeber
shock;Schock
inspire;inspirieren
adjust;anpassen
retire;ausscheiden
visible;sichtbar
kiss;Kuss
illness;Krankheit
cap;Deckel
habit;Gewohnheit
competitive;wettbewerbsfähig
juice;Saft
congressional;Kongress-
involvement;Beteiligung
dominate;dominieren
previously;bisher
whenever;wann immer
transfer;Transfer
analyze;analysieren
attach;anfügen
disaster;Katastrophe
parking;Parken
prospect;Aussicht
boss;Chef
complaint;Beschwerde
championship;Meisterschaft
fundamental;grundlegend
severe;schwer
enhance;erweitern
mystery;Geheimnis
impose;auferlegen
poverty;Armut
entry;Eintrag
spending;Ausgaben
king;König
evaluate;auswerten
symbol;Symbol
maker;Hersteller
mood;Stimmung
accomplish;erreichen
emphasis;Hervorhebung
illustrate;veranschaulichen
boot;Stiefel
monitor;Monitor
Asian;asiatisch
entertainment;Entertainment
bean;Bohne
evaluation;Auswertung
creature;Kreatur
commander;Kommandant
digital;Digital
arrangement;Anordnung
concentrate;konzentrieren
usual;üblich
anger;Wut
psychological;psychologisch
heavily;schwer
peak;Gipfel
approximately;etwa
increasing;zunehmend
disorder;Störung
missile;Rakete
equally;gleichermaßen
vary;variieren
wire;Kabel
round;runden
distribution;Verteilung
transportation;Transport
holy;heilig
twin;Zwilling
command;Befehl
commission;Kommission
interpretation;Deutung
breakfast;Frühstück
strongly;stark
engineering;Ingenieurwesen
luck;Glück
so-called;sogenannt
constant;Konstante
clinic;Klinik
veteran;Veteran
smell;Geruch
tablespoon;Esslöffel
capable;fähig
nervous;nervös
tourist;Tourist
toss;werfen
crucial;zentral
bury;begraben
pray;beten
tomato;Tomate
exception;Ausnahme
butter;Butter
deficit;Defizit
bathroom;Bad
objective;Zielsetzung
electronic;elektronisch
ally;Verbündete
journey;Reise
reputation;Ruf
mixture;Mischung
surely;sicherlich
tower;Turm
smoke;Rauch
confront;konfrontieren
pure;rein
glance;Blick
dimension;Abmessungen
toy;Spielzeug
prisoner;Häftling
fellow;Gefährte
smooth;glatt
nearby;in der Nähe
peer;Peer
designer;Designer
personnel;Personal
educator;Erzieher
relative;relativ
immigration;Einwanderung
belt;Gürtel
teaspoon;Teelöffel
birthday;Geburtstag
implication;Implikation
perfectly;perfekt
coast;Küste
supporter;Fan
accompany;begleiten
silver;Silber-
teenager;Teenager
recognition;Erkennung
retirement;Ruhestand
flag;Flagge
recovery;Wiederherstellung
whisper;flüstern
gentleman;Gentleman
corn;Mais
moon;Mond
inner;innere
junior;Junior
throat;Kehle
salary;Gehalt
swing;schwingen
observer;Beobachter
publication;Veröffentlichung
crop;Ernte
dig;Sie
permanent;dauerhaft
phenomenon;Phänomen
anxiety;Angst
unlike;nicht wie
wet;nass
literally;buchstäblich
resist;widerstehen
convention;Konvention
embrace;Umarmung
assist;helfen
exhibition;Ausstellung
construct;konstruieren
viewer;Zuschauer
pan;Pfanne
consultant;Berater
administrator;Administrator
occasionally;gelegentlich
mayor;Bürgermeister
consideration;Rücksichtnahme
CEO;Vorsitzender
secure;sicher
pink;rosa
buck;Bock
historic;historisch
poem;Gedicht
grandmother;Oma
bind;binden
fifth;fünfte
constantly;ständig
enterprise;Unternehmen
favor;favorisieren
testing;testen
stomach;Magen
apparent;ersichtlich
weigh;wiegen
install;Installieren
sensitive;empfindlich
suggestion;Anregung
mail;Post
recipe;Rezept
reasonable;angemessen
preparation;Vorbereitung
wooden;hölzern
elementary;elementar
concert;Konzert
aggressive;aggressiv
FALSE;FALSCH
intention;Absicht
channel;Kanal
extreme;extrem
tube;Rohr
drawing;Zeichnung
protein;Protein
quit;Verlassen
absence;Abwesenheit
Latin;Latein
rapidly;schnell
jail;Gefängnis
diversity;Diversität
honest;ehrlich
Palestinian;palästinensisch
pace;Tempo
employment;Beschäftigung
speaker;Lautsprecher
impression;Eindruck
essay;Aufsatz
respondent;Befragter
giant;Riese
cake;Kuchen
historian;Historiker
negotiate;verhandeln
restore;wiederherstellen
substantial;erheblich
pop;Pop
specialist;Spezialist
origin;Ursprung
approval;die Genehmigung
quietly;ruhig
advise;beraten
conventional;konventionell
depth;Tiefe
wealth;Vermögen
disability;Behinderung
shell;Hülse
criticize;kritisieren
effectively;effektiv
biological;biologisch
onion;Zwiebel
deputy;Stellvertreter
flat;eben
brand;Marke
assure;versichern
mad;wütend
award;vergeben
criteria;Kriterien
dealer;Händler
via;über
utility;Dienstprogramm
precisely;genau
arise;entstehen
armed;bewaffnet
nevertheless;Dennoch
highway;Autobahn
clinical;klinisch
routine;Routine
wage;Lohn
normally;normalerweise
phrase;Phrase
ingredient;Zutat
stake;Einsatz
Muslim;Muslim
fiber;Faser
activist;Aktivist
Islamic;islamisch
snap;schnappen
terrorism;Terrorismus
refugee;Flüchtling
incorporate;Übernehmen
hip;Hüfte
ultimate;ultimative
switch;Schalter
corporation;Konzern
valuable;wertvoll
assumption;Annahme
gear;Ausrüstung
barrier;Barriere
minor;unerheblich
provision;Bestimmung
killer;Mörder
assign;zuordnen
gang;Gang
developing;Entwicklung
classic;klassisch
chemical;chemisch
label;Etikett
teen;jugendlich
index;Index
vacation;Urlaub
advocate;Fürsprecher
draft;Entwurf
extraordinary;außerordentlich
heaven;Himmel
rough;Rau
yell;Schrei
pregnant;schwanger
distant;entfernt
drama;Theater
satellite;Satellit
personally;persönlich
clock;Uhr
chocolate;Schokolade
Italian;Italienisch
Canadian;kanadisch
ceiling;Decke
sweep;fegen
advertising;Werbung
universal;Universal-
spin;drehen
button;Taste
bell;Glocke
rank;Rang
darkness;Dunkelheit
clothing;Kleidung
super;super
yield;Ertrag
fence;Zaun
portrait;Porträt
survival;Überleben
roughly;grob
lawsuit;Klage
testimony;Zeugnis
bunch;Bündel
found;gefunden
burden;Last
react;reagieren
chamber;Kammer
furniture;Möbel
cooperation;Zusammenarbeit
string;Schnur
ceremony;Zeremonie
communicate;kommunizieren
cheek;Wange
lost;verirrt
profile;Profil
mechanism;Mechanismus
disagree;nicht zustimmen
penalty;Strafe
ie;dh
resort;Erholungsort
destruction;Zerstörung
unlikely;unwahrscheinlich
tissue;Gewebe
constitutional;verfassungsrechtlich
pant;keuchen
stranger;Fremder
infection;Infektion
cabinet;Kabinett
broken;gebrochen
apple;Apfel
electric;elektrisch
proceed;verlaufen
bet;aber
literary;literarisch
virus;Virus
stupid;dumm
dispute;Disput
fortune;Reichtum
strategic;strategisch
assistant;Assistent
overcome;überwinden
remarkable;bemerkenswert
occupy;besetzen
statistics;Statistiken
shopping;Einkaufen
cousin;Cousin
encounter;begegnen
wipe;wischen
initially;anfänglich
blind;blind
port;Hafen
electricity;Elektrizität
genetic;genetisch
adviser;Berater
spokesman;Sprecher
retain;zuückbehalten
latter;letztere
incentive;Anreiz
slave;Sklave
translate;Übersetzen
accurate;genau
whereas;wohingegen
terror;Terror
expansion;Erweiterung
elite;Elite
Olympic;olympisch
dirt;Schmutz
odd;seltsam
rice;Reis
bullet;Patrone
tight;fest
Bible;Bibel
chart;Diagramm
solar;Solar-
square;Quadrat
concentration;Konzentration
complicated;kompliziert
gently;sanft
champion;Champion
scenario;Szenario
telescope;Teleskop
reflection;Betrachtung
revolution;Revolution
strip;Streifen
interpret;interpretieren
friendly;freundlich
tournament;Turnier
fiction;Fiktion
detect;erkennen
tremendous;enorm
lifetime;Lebensdauer
recommendation;Empfehlung
senator;Senator
hunting;Jagd
salad;Salat
guarantee;Garantie
innocent;unschuldig
boundary;Grenze
pause;Pause
remote;Fernbedienung
satisfaction;Befriedigung
journal;Tagebuch
bench;Bank
lover;Liebhaber
raw;roh
awareness;Bewusstsein
surprising;überraschend
withdraw;abheben
deck;Deck
similarly;ähnlich
newly;neu
pole;gibt es nicht
testify;bezeugen
mode;Modus
dialogue;Dialog
imply;implizieren
naturally;natürlich
mutual;gegenseitig
founder;Gründer
advanced;fortschrittlich
pride;Stolz
dismiss;zurückweisen
aircraft;Flugzeug
delivery;Lieferung
mainly;hauptsächlich
bake;backen
freeze;einfrieren
platform;Plattform
finance;Finanzen
sink;Waschbecken
attractive;attraktiv
diverse;vielfältig
relevant;relevant
ideal;Ideal
joy;Freude
regularly;regelmäßig
working;Arbeiten
singer;Sänger
evolve;sich entwickeln
shooting;Schießen
partly;teilweise
unknown;Unbekannt
offense;Delikt
counter;Zähler
DNA;DNS
potentially;möglicherweise
thirty;dreißig
justify;rechtfertigen
protest;Protest
crash;Absturz
craft;Boot
treaty;Vertrag
terrorist;Terrorist
insight;Einblick
possess;besitzen
politically;politisch
tap;klopfen
extensive;umfangreich
episode;Folge
swim;schwimmen
tire;Reifen
fault;Fehler
loose;lose
shortly;in Kürze
originally;ursprünglich
considerable;beträchtlich
prior;frühere
intellectual;intellektuell
assault;Angriff
relax;Entspannen Sie sich
stair;Treppe
adventure;Abenteuer
external;extern
proof;nachweisen
confident;zuversichtlich
headquarters;Hauptquartier
sudden;plötzlich
dirty;schmutzig
violation;Verstoß
tongue;Zunge
license;Lizenz
shelter;Schutz
rub;reiben
controversy;Kontroverse
entrance;Eingang
properly;richtig
fade;verblassen
defensive;Defensive
tragedy;Tragödie
net;Netz
characterize;charakterisieren
funeral;Beerdigung
profession;Beruf
alter;ändern
constitute;bilden
establishment;Einrichtung
squeeze;drücken
imagination;Vorstellung
mask;Maske
convert;Konvertieren
comprehensive;umfassend
prominent;prominent
presentation;Präsentation
regardless;trotzdem
load;Belastung
stable;stabil
introduction;Einleitung
pretend;so tun als ob
elderly;Alten
representation;Darstellung
deer;Hirsch
split;Teilt
violate;verletzen
partnership;Partnerschaft
pollution;Umweltverschmutzung
emission;Emission
steady;stetig
vital;lebenswichtig
fate;das Schicksal
earnings;Verdienste
oven;Ofen
distinction;Unterscheidung
segment;Segment
nowhere;nirgends
poet;Dichter
mere;mehr
exciting;aufregend
variation;Variation
comfort;Komfort
radical;Radikale
adapt;sich anpassen
Irish;irisch
honey;Honig
correspondent;Korrespondent
pale;blass
musician;Musiker
significance;Bedeutung
vessel;Schiff
storage;Lagerung
flee;fliehen
mm-hmm;mm-hmm
leather;Leder
distribute;verteilen
evolution;Evolution
ill;krank
tribe;Stamm
shelf;Regal
grandfather;Großvater
lawn;Rasen
buyer;Käufer
dining;Essen
wisdom;Weisheit
council;Rat
vulnerable;verletzlich
instance;Beispiel
garlic;Knoblauch
capability;Fähigkeit
poetry;Poesie
celebrity;Berühmtheit
gradually;schrittweise
stability;Stabilität
fantasy;Fantasie
scared;erschrocken
plot;Handlung
framework;Rahmen
gesture;Geste
depending;abhängig
ongoing;laufend
psychology;Psychologie
counselor;Berater
chapter;Kapitel
divorce;Scheidung
owe;verdanken
pipe;Rohr
athletic;sportlich
slight;leicht
math;Mathematik
shade;Schatten
tail;Schwanz
sustain;erhalten
mount;montieren
obligation;Verpflichtung
angle;Winkel
palm;Palme
differ;abweichen
custom;Brauch
economist;Ökonom
fifteen;fünfzehn
soup;Suppe
celebration;Feier
efficient;effizient
composition;Komposition
satisfy;erfüllen
pile;Haufen
briefly;knapp
carbon;Kohlenstoff
closer;näher
consume;verbrauchen
scheme;planen
crack;Riss
frequency;Frequenz
tobacco;Tabak
survivor;Überlebende
besides;Außerdem
psychologist;Psychologe
wealthy;reich
galaxy;Galaxis
given;gegeben
ski;Ski
limitation;Einschränkung
trace;verfolgen
appointment;geplanter Termin
preference;Präferenz
meter;Meter
explosion;Explosion
publicly;öffentlich
incredible;unglaublich
fighter;Kämpfer
rapid;schnell
admission;Eintritt
hunter;Jäger
educate;erziehen
painful;schmerzlich
friendship;Freundschaft
aide;Berater
infant;Kleinkind
calculate;Berechnung
fifty;fünfzig
rid;loswerden
porch;Vorbau
tendency;Tendenz
uniform;Uniform
formation;Formation
scholarship;Stipendium
reservation;Reservierung
efficiency;Effizienz
qualify;qualifizieren
mall;Einkaufszentrum
derive;ableiten
scandal;Skandal
PC;PC
helpful;hilfreich
impress;beeindrucken
heel;alle
resemble;ähneln
privacy;Privatsphäre
fabric;Stoff
contest;Wettbewerb
proportion;Anteil
guideline;Richtlinie
rifle;Gewehr
maintenance;Wartung
conviction;Überzeugung
trick;Trick
organic;organisch
tent;Zelt
examination;Untersuchung
publisher;Verleger
strengthen;stärken
proposed;vorgeschlagen
myth;Mythos
sophisticated;anspruchsvoll
cow;Kuh
etc;etc
standing;Stehen
asleep;schlafend
tennis;Tennis
nerve;Nerv
barrel;Fass
bombing;Bombardierung
membership;Mitgliedschaft
ratio;Verhältnis
menu;Speisekarte
controversial;umstritten
desperate;verzweifelt
lifestyle;Lebensstil
humor;Humor
loud;laut
glove;Handschuh
sufficient;reicht aus
narrative;Narrativ
photographer;Fotograf
helicopter;Hubschrauber
modest;bescheiden
provider;Anbieter
delay;Verzögerung
agricultural;landwirtschaftlich
explode;explodieren
stroke;streicheln
scope;Umfang
punishment;Bestrafung
handful;Hand voll
badly;schlecht
horizon;Horizont
curious;neugierig
downtown;Innenstadt
girlfriend;feste Freundin
prompt;prompt
cholesterol;Cholesterin
absorb;absorbieren
adjustment;Einstellung
taxpayer;Steuerzahler
eager;erpicht
principal;Rektor
detailed;detailliert
motivation;Motivation
assignment;Abtretung
restriction;Beschränkung
laboratory;Labor
workshop;Werkstatt
differently;anders
auto;Auto
romantic;romantisch
cotton;Baumwolle
motor;Motor-
sue;verklagen
flavor;Geschmack
overlook;übersehen
float;schweben
undergo;unterziehen
sequence;Reihenfolge
demonstration;Demonstration
jet;Jet
orange;Orange
consumption;Verbrauch
assert;behaupten
blade;Klinge
temporary;vorübergehend
medication;Medikation
cabin;Kabine
bite;beissen
edition;Bearbeitung
valley;Senke
yours;deine
pitch;Tonhöhe
pine;Kiefer
brilliant;brillant
versus;gegen
manufacturing;Herstellung
absolute;absolut
chef;Koch
discrimination;Diskriminierung
offensive;beleidigend
boom;Boom
register;registrieren
appoint;ernennen
heritage;Erbe
God;Gott
dominant;Dominant
successfully;erfolgreich
shit;Scheisse
lemon;Zitrone
hungry;hungrig
wander;wandern
submit;einreichen
economics;Wirtschaft
naked;nackt
anticipate;antizipieren
nut;Mutter
legacy;Erbe
extension;Verlängerung
shrug;zucken
battery;Batterie
arrival;Ankunft
legitimate;legitim
orientation;Orientierung
inflation;Inflation
cope;bewältigen
flame;Flamme
cluster;Cluster
wound;Wunde
dependent;abhängig
shower;Dusche
institutional;institutionell
depict;abbilden
operating;Betriebs
flesh;Fleisch
garage;Garage
operator;Operator
instructor;Lehrer
collapse;Zusammenbruch
borrow;ausleihen
furthermore;weiter
comedy;Komödie
mortgage;Hypothek
sanction;Sanktion
civilian;Zivilist
twelve;zwölf
weekly;wöchentlich
habitat;Lebensraum
grain;Getreide
brush;Bürste
consciousness;Bewusstsein
devote;widmen
measurement;Messung
province;Provinz
ease;Leichtigkeit
seize;ergreifen
ethics;Ethik
nomination;Nominierung
permission;Genehmigung
wise;weise
actress;Darstellerin
summit;Gipfel
acid;Säure
odds;Chancen
gifted;begabtes
frustration;Frustration
medium;Mittel
physically;physisch
distinguish;unterscheiden
shore;Ufer
repeatedly;wiederholt
lung;Lunge
running;laufend
distinct;unterscheidbar
artistic;künstlerisch
discourse;Diskurs
basket;Korb
ah;Ah
fighting;Kampf
impressive;beeindruckend
competitor;Wettbewerber
ugly;hässlich
worried;besorgt
portray;porträtieren
powder;Pulver
ghost;Geist
persuade;überreden
moderate;mäßig
subsequent;anschließend
continued;fortgesetzt
cookie;Plätzchen
carrier;Träger
cooking;Kochen
frequent;häufig
ban;Verbot
awful;furchtbar
admire;bewundern
pet;Haustier
miracle;Wunder
exceed;überschreiten
rhythm;Rhythmus
widespread;weit verbreitet
killing;Tötung
lovely;schön
sin;Sünde
charity;Wohltätigkeit
script;Skript
tactic;Taktik
identification;Identifikation
transformation;Transformation
everyday;täglich
headline;Überschrift
venture;wagen
invasion;Invasion
nonetheless;dennoch
adequate;angemessen
piano;Klavier
grocery;Lebensmittelgeschäft
intensity;Intensität
exhibit;Ausstellungsstück
blanket;Decke
margin;Rand
quarterback;Quarterback
mouse;Maus
rope;Seil
concrete;Beton
prescription;Verschreibung
African-American;Afroamerikaner
chase;Verfolgungsjagd
brick;Backstein
recruit;rekrutieren
patch;Patch
consensus;Konsens
horror;Grusel
recording;Aufzeichnung
changing;Ändern
painter;Maler
colonial;kolonial
pie;bei
sake;Sake
gaze;Blick
courage;Mut
pregnancy;Schwangerschaft
swear;schwören
defeat;Verlust
clue;Hinweis
reinforce;verstärken
confusion;Verwirrtheit
slice;Scheibe
occupation;Besetzung
dear;Liebling
coal;Kohle
sacred;heilig
formula;Formel
cognitive;kognitiv
collective;Kollektiv
exact;genau
uncle;Onkel
captain;Kapitän
sigh;seufzen
attribute;Attribut
dare;Wagen
homeless;obdachlos
gallery;Galerie
soccer;Fußball
defendant;Beklagte
tunnel;Tunnel
fitness;Fitness
lap;Schoß
grave;Grab
toe;dann
container;Container
virtue;Tugend
abroad;im Ausland
architect;Architekt
dramatically;dramatisch
makeup;bilden
inquiry;Anfrage
rose;Rose
surprisingly;überraschenderweise
highlight;Markieren
decrease;Verringerung
indication;Indikation
rail;Schiene
anniversary;Jubiläum
couch;Couch
alliance;Allianz
hypothesis;Hypothese
boyfriend;Freund
compose;komponieren
mess;Chaos
legend;Legende
regulate;regulieren
adolescent;Jugendlicher
shine;scheinen
norm;Norm
upset;verärgern
remark;Anmerkung
resign;zurücktreten
reward;belohnen
gentle;sanft
related;verbunden
organ;Organ
lightly;leicht
concerning;betreffend
invent;erfinden
laughter;Lachen
northwest;Nordwest
counseling;Beratung
receiver;Empfänger
ritual;Ritual
insect;Insekt
interrupt;unterbrechen
salmon;Lachs
trading;Handel
magic;Magie
superior;Vorgesetzter
combat;Kampf
stem;Stengel
surgeon;der Chirurg
acceptable;akzeptabel
physics;Physik
rape;vergewaltigen
counsel;Rat
jeans;Jeans
hunt;Jagd
continuous;kontinuierlich
log;Protokoll
echo;Echo
pill;Pille
excited;aufgeregt
sculpture;Skulptur
compound;Verbindung
integrate;integrieren
flour;Mehl
bitter;bitter
bare;nur
slope;Neigung
rent;Miete
presidency;Präsidentschaft
serving;Portion
subtle;subtil
greatly;sehr
bishop;Bischof
drinking;Trinken
acceptance;Annahme
pump;Pumpe
candy;Süssigkeit
evil;teuflisch
pleased;zufrieden
medal;Medaille
beg;bitten
sponsor;Sponsor
ethical;ethisch
secondary;zweitrangig
slam;zuschlagen
export;Export
experimental;Experimental-
melt;schmelzen
midnight;Mitternacht
curve;Kurve
integrity;Integrität
entitle;berechtigen
evident;offensichtlich
logic;Logik
essence;Wesen
exclude;ausschließen
harsh;harsch
closet;Wandschrank
suburban;Vorort-
greet;grüßen
interior;Innere
corridor;Gang
retail;Einzelhandel
pitcher;Krug
march;März
snake;Schlange
excuse;Entschuldigung
weakness;die Schwäche
pig;Schwein
classical;klassisch
estimated;geschätzt
T-shirt;T-Shirt
unemployment;Arbeitslosigkeit
civilization;Zivilisation
fold;falten
reverse;umkehren
missing;fehlen
correlation;Korrelation
humanity;Menschheit
flash;Blitz
developer;Entwickler
reliable;zuverlässig
excitement;Aufregung
beef;Rindfleisch
Islam;Islam
Roman;römisch
architecture;die Architektur
occasional;gelegentlich
administrative;administrativ
elbow;Ellbogen
deadly;tötlich
Hispanic;Spanisch
allegation;Behauptung
confuse;verwechseln
airplane;Flugzeug
monthly;monatlich
duck;Ente
dose;Dosis
Korean;Koreanisch
plead;plädieren
initiate;einleiten
lecture;Vorlesung
van;aus
sixth;sechste
bay;Bucht
mainstream;Mainstream
suburb;Vorort
sandwich;Sandwich
trunk;Rüssel
rumor;Gerücht
implementation;Implementierung
swallow;schlucken
motivate;motivieren
render;machen
longtime;lange Zeit
trap;fangen
restrict;beschränken
cloth;Stoff
seemingly;scheinbar
legislative;gesetzgeberisch
effectiveness;Wirksamkeit
enforce;erzwingen
lens;Linse
inspector;Inspektor
lend;verleihen
plain;schmucklos
fraud;der Betrug
companion;Begleiter
contend;kämpfen
nail;Nagel
array;Reihe
strict;strikt
assemble;montieren
frankly;geradeheraus
rat;Ratte
hay;Hübsch
hallway;Flur
cave;Höhle
inevitable;unvermeidlich
southwest;Südwesten
monster;Monster-
unexpected;unerwartet
obstacle;Hindernis
facilitate;erleichtern
rip;Ruhe in Frieden
herb;Kraut
overwhelming;überwältigend
integration;Integration
crystal;Kristall
recession;Rezession
written;geschrieben
motive;Motiv
flood;Flut
pen;Stift
ownership;Eigentum
nightmare;Albtraum
inspection;Inspektion
supervisor;Supervisor
consult;konsultieren
arena;Arena
diagnosis;Diagnose
possession;Besitz
forgive;verzeihen
consistently;konsequent
basement;Untergeschoss
drift;Drift
drain;Abfluss
prosecution;Strafverfolgung
maximum;maximal
announcement;Bekanntmachung
warrior;Krieger
prediction;Vorhersage
bacteria;Bakterien
questionnaire;Fragebogen
mud;Dreck
infrastructure;Infrastruktur
hurry;sich beeilen
privilege;Privileg
temple;Tempel
outdoor;draussen
suck;saugen
and/or;und/oder
broadcast;Übertragung
re;betreffend
leap;Sprung
random;zufällig
wrist;Handgelenk
curtain;Vorhang
pond;Teich
domain;Domain
guilt;Schuld
cattle;das Vieh
walking;gehen
playoff;Spielstart
minimum;Minimum
fiscal;steuerlich
skirt;Rock
dump;entsorgen
hence;somit
database;Datenbank
uncomfortable;unbequem
execute;ausführen
limb;Glied
ideology;Ideologie
tune;Melodie
continuing;auch weiterhin
harm;Schaden
railroad;Eisenbahn
endure;ertragen
radiation;Strahlung
horn;Horn
chronic;chronisch
peaceful;friedlich
innovation;Innovation
strain;Beanspruchung
guitar;Gitarre
replacement;Ersatz
behave;sich verhalten
administer;verwalten
simultaneously;gleichzeitig
dancer;Tänzer
amendment;Änderung
pad;Pad
transmission;Übertragung
await;erwarten
retired;im Ruhestand
trigger;Abzug
spill;verschütten
grateful;dankbar
grace;Anmut
virtual;virtuell
colony;Kolonie
adoption;Annahme
indigenous;einheimisch
closed;abgeschlossen
convict;Sträfling
towel;Handtuch
modify;ändern
particle;Partikel
prize;Preis-
landing;Landung
boost;Schub
bat;eines
alarm;Alarm
festival;Festival
grip;Griff
weird;seltsam
undermine;untergraben
freshman;Student im ersten Jahr
sweat;Schweiß
outer;äußere
drunk;betrunken
separation;Trennung
traditionally;traditionell
govern;regieren
southeast;Süd-Ost
intelligent;intelligent
wherever;wo auch immer
ballot;Abstimmung
rhetoric;Rhetorik
convinced;überzeugt
driving;Fahren
vitamin;Vitamin
enthusiasm;Begeisterung
accommodate;unterbringen
praise;loben
injure;verletzen
wilderness;Wildnis
endless;endlos
mandate;Mandat
respectively;beziehungsweise
uncertainty;Unsicherheit
chaos;Chaos
mechanical;mechanisch
canvas;Leinwand
forty;vierzig
lobby;Empfangshalle
profound;tiefgreifend
format;Format
trait;Merkmal
currency;Währung
turkey;Truthahn
reserve;Reservieren
beam;Strahl
astronomer;Astronom
corruption;Korruption
contractor;Auftragnehmer
apologize;entschuldigen
doctrine;Lehre
genuine;echt
thumb;Daumen
unity;Einheit
compromise;Kompromiss
horrible;entsetzlich
behavioral;verhalten
exclusive;exklusiv
scatter;streuen
commonly;häufig
convey;vermitteln
twist;Twist
complexity;Komplexität
fork;Gabel
disk;Scheibe
relieve;lindern
suspicion;Verdacht
health-care;Gesundheitspflege
residence;Residenz
shame;Schande
meaningful;sinnvoll
sidewalk;Bürgersteig
Olympics;Olympia
technological;technologisch
signature;Unterschrift
pleasant;angenehm
wow;Beeindruckend
suspend;aussetzen
rebel;Rebell
frozen;gefroren
spouse;Ehepartner
fluid;Fluid
pension;die Pension
resume;fortsetzen
theoretical;theoretisch
sodium;Natrium
promotion;Förderung
delicate;empfindlich
forehead;Stirn
rebuild;wieder aufbauen
bounce;prallen
electrical;elektrisch
hook;Haken
detective;Detektiv
traveler;Reisender
click;klicken
compensation;Vergütung
exit;Ausfahrt
attraction;Attraktion
dedicate;widmen
altogether;insgesamt
pickup;aufsammeln
carve;schnitzen
needle;Nadel
belly;Bauch
scare;Schrecken
portfolio;Portfolio
shuttle;pendeln
invisible;unsichtbar
timing;zeitliche Koordinierung
engagement;Engagement
ankle;Knöchel
transaction;Transaktion
rescue;Rettung
counterpart;Gegenstück
historically;historisch
firmly;fest
mild;leicht
rider;Fahrer
doll;Puppe
noon;Mittag
amid;inmitten
identical;identisch
precise;präzise
anxious;Ängstlich
structural;strukturell
residential;Wohn
diagnose;diagnostizieren
carbohydrate;Kohlenhydrat
liberty;Freiheit
poster;Poster
theology;Theologie
nonprofit;gemeinnützig
crawl;kriechen
oxygen;Sauerstoff
handsome;gutaussehend
sum;Summe
provided;bereitgestellt
businessman;Geschäftsmann
promising;vielversprechend
conscious;bewusst
determination;Festlegung
donor;Spender
hers;ihres
pastor;Pastor
jazz;Jazz
opera;Oper
acquisition;Erwerb
pit;Grube
hug;Umarmung
wildlife;Tierwelt
punish;bestrafen
equity;Eigenkapital
doorway;Tür
departure;Abfahrt
elevator;Aufzug
teenage;Teenager
guidance;Orientierungshilfe
happiness;Glück
statue;Statue
pursuit;verfolgen
repair;Reparatur
decent;anständig
gym;Fitnessstudio
oral;Oral
clerk;Sachbearbeiter
envelope;Umschlag
reporting;Berichterstattung
destination;Ziel
fist;Faust
endorse;befürworten
exploration;Erkundung
generous;großzügig
bath;Bad
thereby;damit
indicator;Indikator
sunlight;Sonnenlicht
feedback;Rückmeldung
spectrum;Spektrum
purple;Violett
laser;Laser-
bold;Fett gedruckt
reluctant;sie zögern
starting;beginnend
expertise;Sachverstand
practically;praktisch
eating;Essen
hint;Hinweis
sharply;scharf
parade;Parade
realm;Reich
cancel;Abbrechen
blend;Mischung
therapist;Therapeut
peel;schälen
pizza;Pizza
recipient;Empfänger
hesitate;zögern
flip;kippen
accounting;Buchhaltung
bias;Voreingenommenheit
huh;huh
metaphor;Metapher
candle;Kerze
judicial;gerichtlich
entity;Einheit
suffering;leiden
full-time;Vollzeit
lamp;Lampe
garbage;Müll
servant;Knecht
regulatory;regulatorisch
diplomatic;diplomatisch
elegant;elegant
reception;Rezeption
vanish;verschwinden
automatically;automatisch
chin;kinn
necessity;Notwendigkeit
confess;beichten
racism;Rassismus
starter;Anlasser
banking;Banken
casual;zwanglos
gravity;Schwere
enroll;einschreiben
diminish;verringern
prevention;Verhütung
minimize;minimieren
chop;hacken
performer;Künstler
intent;Absicht
isolate;isolieren
inventory;Inventar
productive;produktiv
assembly;Montage
civic;bürgerlich
silk;Seide
magnitude;Größe
steep;steil
hostage;Geisel
collector;Kollektor
popularity;Popularität
alien;Außerirdischer
dynamic;dynamisch
scary;gruselig
equation;Gleichung
angel;Engel
offering;Angebot
rage;Wut
photography;Fotografie
toilet;Toilette
disappointed;enttäuscht
precious;kostbar
prohibit;verbieten
realistic;realistisch
hidden;versteckt
tender;zart
gathering;sammeln
outstanding;hervorragend
stumble;stolpern
lonely;einsam
automobile;Automobil
artificial;künstlich
dawn;Dämmerung
abstract;abstrakt
descend;absteigen
silly;dumm
tide;Tide
shared;geteilt
hopefully;hoffnungsvoll
readily;leicht
cooperate;kooperieren
revolutionary;Revolutionär
romance;Romantik
hardware;Hardware-
pillow;Kopfkissen
kit;Bausatz
continent;Kontinent
seal;Siegel
circuit;Schaltkreis
ruling;Urteil
shortage;Mangel
annually;jährlich
lately;in letzter Zeit
scan;Scan
fool;täuschen
deadline;Termin
rear;Rückseite
processing;wird bearbeitet
ranch;Ranch
coastal;Küsten
undertake;übernehmen
softly;leise
burning;Verbrennung
verbal;verbal
tribal;Stamm
ridiculous;lächerlich
automatic;automatisch
diamond;Diamant
credibility;Glaubwürdigkeit
import;importieren
sexually;sexuell
divine;göttlich
sentiment;Gefühl
cart;Wagen
oversee;überwachen
o'clock;Uhr
elder;ältere
pro;Profi
inspiration;Inspiration
Dutch;Niederländisch
quantity;Anzahl
trailer;Anhänger
mate;Tod
Greek;griechisch
genius;Genius
monument;Monument
bid;Gebot
quest;Suche
sacrifice;opfern
invitation;Einladung
accuracy;Richtigkeit
juror;Geschworener
officially;offiziell
broker;Makler
treasure;Schatz
loyalty;Loyalität
talented;talentiert
gasoline;Benzin
stiff;steif
output;Ausgang
nominee;Kandidat
extended;erweitert
diabetes;Diabetes
slap;schlagen
toxic;giftig
alleged;angeblich
jaw;Kiefer
grief;Kummer
mysterious;mysteriös
rocket;Rakete
donate;spenden
inmate;Insasse
tackle;angehen
dynamics;Dynamik
bow;Verneigung
ours;unsere
dignity;Würde
carpet;Teppich
parental;elterlich
bubble;Blase
buddy;Kumpel
barn;Scheune
sword;Schwert
seventh;siebte
glory;Herrlichkeit
tightly;dicht
protective;schützend
tuck;stecken
drum;Trommel
faint;ohnmächtig werden
queen;Königin
dilemma;Dilemma
input;Eingang
specialize;spezialisieren
northeast;Nordost-
shallow;seicht
liability;Haftung
sail;Segel
merchant;Händler
stadium;Stadion
improved;verbessert
bloody;blutig
associated;damit verbundenen
withdrawal;Rückzug
refrigerator;Kühlschrank
nest;Nest
thoroughly;gründlich
lane;Fahrbahn
ancestor;Vorfahr
condemn;verurteilen
steam;Dampf
accent;Akzent
optimistic;optimistisch
unite;Vereinen
cage;Käfig
equip;ausstatten
shrimp;Garnele
homeland;Heimat
rack;Gestell
costume;Kostüm
wolf;Wolf
courtroom;Gerichtssaal
statute;Satzung
cartoon;Karikatur
productivity;Produktivität
grin;Grinsen
symbolic;symbolisch
bug;Insekt
bless;segnen
aunt;Tante
agriculture;Landwirtschaft
hostile;feindlich
conceive;begreifen
combined;kombiniert
instantly;sofort
bankruptcy;Konkurs
vaccine;Impfung
bonus;Bonus
collaboration;Zusammenarbeit
mixed;gemischt
opposed;entgegen
orbit;Orbit
grasp;fassen
patience;Geduld
spite;Trotz
tropical;tropisch
voting;Wählen
patrol;patrouillieren
willingness;Bereitschaft
revelation;Offenbarung
calm;Ruhe
jewelry;Schmuck
Cuban;Kubanisch
haul;schleppen
concede;zugeben
wagon;Wagen
afterward;nachher
spectacular;spektakulär
ruin;zugrunde richten
sheer;schier
immune;immun
reliability;Verlässlichkeit
ass;ist
alongside;neben
bush;Busch
exotic;exotisch
fascinating;faszinierend
clip;Clip
thigh;Schenkel
bull;Stier
drawer;Schublade
sheep;Schaf
discourage;entmutigen
coordinator;Koordinator
ideological;ideologisch
runner;Läufer
secular;weltlich
intimate;intim
empire;Reich
cab;Taxi
exam;Prüfung
documentary;Dokumentarfilm
neutral;neutral
biology;Biologie
flexible;flexibel
progressive;progressiv
web;Netz
conspiracy;Verschwörung
casualty;Unfall
republic;Republik
execution;Hinrichtung
terrific;umwerfend
whale;Wal
functional;funktionell
instinct;Instinkt
teammate;Teamkollege
aluminum;Aluminium
whoever;wer auch immer
ministry;Ministerium
verdict;Urteil
instruct;anweisen
skull;Schädel
self-esteem;Selbstachtung
cooperative;Kooperative
manipulate;manipulieren
bee;Biene
practitioner;Praktiker
loop;Schleife
edit;bearbeiten
whip;Peitsche
puzzle;Puzzle
mushroom;Pilz
subsidy;Subvention
boil;Kochen
tragic;tragisch
mathematics;Mathematik
mechanic;Mechaniker
jar;Krug
earthquake;Erdbeben
pork;Schweinefleisch
creativity;Kreativität
safely;sicher
underlying;zugrundeliegend
dessert;Dessert
sympathy;Sympathie
fisherman;Fischer
incredibly;unglaublich
isolation;Isolation
sock;Socke
eleven;elf
sexy;sexy
entrepreneur;Unternehmer
syndrome;Syndrom
bureau;Büro
workplace;Arbeitsplatz
ambition;Ehrgeiz
touchdown;Landung
utilize;nutzen
breeze;Brise
costly;teuer
ambitious;ehrgeizig
Christianity;Christentum
presumably;vermutlich
influential;einflussreich
translation;Übersetzung
uncertain;unsicher
dissolve;sich auflösen
statistical;statistisch
gut;Darm
metropolitan;Metropolitan-
rolling;rollen
aesthetic;ästhetisch
spell;Fluch
insert;Einfügung
booth;Verkaufsstand
helmet;Helm
waist;Taille
expected;erwartet
lion;Löwe
accomplishment;Leistung
royal;königlich
panic;Panik
crush;zerkleinern
actively;aktiv
cliff;Cliff
minimal;minimal
cord;Kabel
fortunately;glücklicherweise
cocaine;Kokain
illusion;Illusion
anonymous;anonym
tolerate;tolerieren
appreciation;Anerkennung
commissioner;Kommissar
flexibility;Flexibilität
instructional;lehrreich
scramble;Gerangel
casino;Kasino
tumor;Tumor
decorate;schmücken
pulse;Impuls
equivalent;gleichwertig
fixed;Fest
experienced;erfahren
donation;Spende
diary;Tagebuch
sibling;Geschwister
irony;Ironie
spoon;Löffel
midst;Mitte
alley;Gasse
interact;interagieren
soap;Seife
cute;niedlich
rival;Rivale
short-term;kurzfristig
punch;schlagen
pin;Stift
hockey;Eishockey
passing;Vorbeigehen
persist;fortdauern
supplier;Anbieter
known;bekannt
momentum;Schwung
purse;Geldbeutel
shed;Baracke
liquid;Flüssigkeit
icon;Symbol
elephant;Elefant
consequently;Folglich
legislature;Legislative
franchise;Franchise
correctly;korrekt
mentally;geistig
foster;fördern
bicycle;Fahrrad
encouraging;ermutigend
cheat;schummeln
heal;heilen
fever;Fieber
filter;Filter
rabbit;Hase
coin;Münze
exploit;Ausbeuten
accessible;zugänglich
organism;Organismus
sensation;Sensation
partially;teilweise
upstairs;nach oben
dried;getrocknet
conservation;Erhaltung
shove;schieben
backyard;Hinterhof
charter;Charta
stove;Herd
consent;Zustimmung
comprise;umfassen
reminder;Erinnerung
alike;wie
placement;Platzierung
dough;Teig
grandchild;Enkel
dam;Damm
reportedly;angeblich
well-known;sehr bekannt
surrounding;Umgebung
ecological;ökologisch
outfit;Outfit
unprecedented;beispiellos
columnist;Kolumnist
workout;trainieren
preliminary;vorläufige
patent;Patent
shy;schüchtern
trash;Müll
disabled;deaktiviert
gross;grob
damn;verdammt
hormone;Hormon
texture;Textur
pencil;Bleistift
frontier;Grenze
spray;sprühen
disclose;offenbaren
custody;Gewahrsam
banker;Banker
beast;Tier
interfere;stören
oak;Eiche
eighth;achte
notebook;Notizbuch
outline;Gliederung
attendance;Teilnahme
speculation;Spekulation
uncover;aufdecken
behalf;Namen
innovative;innovativ
shark;Hai
mill;Mühle
installation;Installation
stimulate;stimulieren
tag;Schild
vertical;vertikal
swimming;Baden
fleet;Flotte
catalog;Katalog
outsider;Außenseiter
desperately;verzweifelt
stance;Haltung
compel;zwingen
sensitivity;Empfindlichkeit
someday;irgendwann mal
instant;sofortig
debut;Debüt
proclaim;verkündigen
worldwide;weltweit
hike;Wanderung
required;erforderlich
confrontation;Konfrontation
colorful;bunt
constitution;Verfassung
trainer;Trainer
Thanksgiving;das Erntedankfest
scent;Duft
stack;Stapel
eyebrow;Augenbraue
sack;Sack
cease;beenden
inherit;du erbst
tray;Tablett
pioneer;Pionier
organizational;organisatorisch
textbook;Lehrbuch
uh;äh
nasty;böse
shrink;schrumpfen
emerging;entstehenden
dot;Punkt
wheat;Weizen
fierce;erbittert
envision;vorstellen
rational;rational
kingdom;Königreich
aisle;Gang
weaken;schwächen
protocol;Protokoll
exclusively;ausschließlich
vocal;Vokal
marketplace;Marktplatz
openly;offen
unfair;unfair
terrain;Terrain
deploy;einsetzen
risky;riskant
pasta;Pasta
genre;Genre
distract;ablenken
merit;Verdienst
planner;Planer
depressed;deprimiert
chunk;Stück
closest;am nächsten
discount;Rabatt
ladder;Leiter
jungle;Urwald
migration;Migration
breathing;Atmung
invade;einfallen
hurricane;Hurrikan
retailer;Einzelhändler
classify;klassifizieren
coup;Coup
ambassador;Botschafter
density;Dichte
supportive;unterstützend
curiosity;Neugier
skip;überspringen
aggression;Aggression
stimulus;Stimulus
journalism;Journalismus
robot;Roboter
dip;tauchen
likewise;gleichfalls
informal;informell
Persian;persisch
feather;Feder
sphere;Kugel
tighten;spannen
boast;Prahlerei
pat;das Gleiche
perceived;wahrgenommen
sole;Sohle, einzig, alleinig
publicity;Werbung
unfold;entfalten
well-being;Wohlbefinden
validity;Gültigkeit
ecosystem;Ökosystem
strictly;streng
partial;teilweise
collar;Kragen
weed;Unkraut
compliance;Beachtung
streak;Strähne
supposedly;angeblich
added;hinzugefügt
builder;Baumeister
glimpse;Blick
premise;Prämisse
specialty;Spezialität
deem;halte
artifact;Artefakt
sneak;schleichen
monkey;Affe
mentor;Mentor
two-thirds;zwei Drittel
listener;Hörer
lightning;Blitz
legally;rechtlich
sleeve;Ärmel
disappointment;Enttäuschung
disturb;stören
rib;Rippe
excessive;übertrieben
high-tech;Hightech
debris;Trümmer
rod;Stange
logical;logisch
ash;Asche
socially;sozial
parish;Gemeinde
slavery;Sklaverei
blank;leer
commodity;Ware
cure;Heilung
mineral;Mineral
hunger;Hunger
dying;Absterben
developmental;entwicklungsbedingt
faster;Schneller
spare;Ersatzteil
halfway;auf halber Strecke
equality;Gleichberechtigung
cemetery;Friedhof
harassment;Belästigung
deliberately;absichtlich
fame;Ruhm
regret;Reue
striking;auffallend
likelihood;Wahrscheinlichkeit
carrot;Karotte
atop;oben auf
toll;Maut
rim;Rand
embarrassed;beschämt
fucking;Ficken
cling;haften
isolated;isoliert
blink;blinken
suspicious;verdächtig
wheelchair;Rollstuhl
squad;Kader
eligible;berechtigt
processor;Prozessor
plunge;stürzen
demographic;demographisch
chill;Ausruhen
refuge;Zuflucht
steer;steuern
legislator;Gesetzgeber
rally;Rallye
programming;Programmierung
cheer;jubeln
outlet;Auslauf
intact;intakt
vendor;Verkäufer
thrive;gedeihen
peanut;Erdnuss
chew;kauen
elaborate;erarbeiten
conception;Konzeption
auction;Versteigerung
steak;Steak
comply;einhalten
triumph;Triumph
shareholder;Aktionär
comparable;vergleichbar
transport;Transport
conscience;Gewissen
calculation;Berechnung
considerably;wesentlich
interval;Intervall
scratch;kratzen
awake;Erwachen
jurisdiction;Zuständigkeit
inevitably;zwangsläufig
feminist;Feminist
constraint;Zwang
emotionally;emotional
expedition;Expedition
allegedly;angeblich
similarity;Ähnlichkeit
butt;Hintern
lid;Deckel
dumb;Dumm
bulk;Schüttgut
sprinkle;streuen
mortality;Sterblichkeit
philosophical;philosophisch
conversion;Wandlung
patron;Patron
municipal;Gemeinde
liver;Leber
harmony;Harmonie
solely;einzig und allein
tolerance;Toleranz
goat;Ziege
blessing;Segen
banana;Banane
palace;Palast
formerly;früher
peasant;Bauer
neat;sauber
grandparent;Großelternteil
lawmaker;Gesetzgeber
supermarket;Supermarkt
cruise;Kreuzfahrt
mobile;Handy, Mobiltelefon
calendar;Kalender
widow;Witwe
deposit;Hinterlegung
beard;Bart
brake;Bremse
screening;Screening
impulse;Impuls
forbid;verbieten
fur;Pelz
brutal;brutal
predator;Raubtier
poke;Sack
opt;opt
voluntary;freiwillig
valid;gültig
forum;Forum
dancing;Tanzen
happily;glücklich
soar;steigen
removal;Entfernung
autonomy;Autonomie
enact;erlassen
thread;Faden
landmark;Wahrzeichen
unhappy;unzufrieden
offender;Täter
coming;Kommen
privately;privat
fraction;Fraktion
distinctive;unverwechselbar
tourism;Tourismus
threshold;Schwelle
routinely;routinemäßig
suite;Suite
regulator;Regler
straw;Stroh
theological;theologisch
exhaust;Auspuff
globe;Globus
fragile;zerbrechlich
objection;Einspruch
chemistry;Chemie
old-fashioned;altmodisch
crowded;überlaufen
blast;sprengen
prevail;sich durchsetzen
overnight;über Nacht
denial;Verweigerung
rental;Vermietung
fantastic;Fantastisch
fragment;Fragment
screw;schrauben
warmth;Wärme
undergraduate;Bachelor
headache;Kopfschmerzen
policeman;Polizist
projection;Projektion
suitable;geeignet
graduation;Abschluss
drill;bohren
cruel;grausam
mansion;Villa
grape;Traube
authorize;autorisieren
cottage;Hütte
driveway;Auffahrt
charm;Charme
sexuality;Sexualität
loyal;treu
clay;Ton
balloon;Ballon
invention;Erfindung
ego;Ego
fare;Tun
homework;Hausaufgaben
disc;Rabatt
sofa;Sofa
availability;Verfügbarkeit
radar;Radar
frown;Stirnrunzeln
regain;wiedergewinnen
sweater;Pullover
rehabilitation;Rehabilitation
rubber;Gummi
retreat;Rückzug
molecule;Molekül
freely;frei
favorable;günstig
steadily;ständig
integrated;integriert
ha;Er hat
youngster;Jugendlicher
premium;Prämie
accountability;Rechenschaftspflicht
overwhelm;überwältigen
one-third;ein Drittel
contemplate;betrachten
update;aktualisieren
spark;Funke
ironically;ironisch
fatigue;Ermüdung
speculate;spekulieren
marker;Marker
preach;predigen
bucket;Eimer
blond;blond
confession;Geständnis
provoke;provozieren
marble;Marmor
substantially;im Wesentlichen
defender;Verteidiger
explicit;explizit
disturbing;störend
surveillance;Überwachung
magnetic;magnetisch
technician;Techniker
mutter;mutter
devastating;zerstörerisch
depart;abfliegen
arrow;Pfeil
trauma;Trauma
neighboring;benachbart
soak;einweichen
ribbon;Schleife
meantime;inzwischen
transmit;übertragen
harvest;Ernte
consecutive;aufeinanderfolgenden
coordinate;Koordinate
spy;Spion
slot;Slot
riot;Aufstand
nutrient;Nährstoff
citizenship;Staatsbürgerschaft
severely;stark
sovereignty;Souveränität
ridge;Grat
brave;tapfer
lighting;Beleuchtung
specify;angeben
contributor;Mitwirkender
frustrate;vereiteln
articulate;artikulieren
importantly;wichtig
transit;Transit
dense;dicht
seminar;Seminar
electronics;Elektronik
sunny;sonnig
shorts;kurze Hose
swell;anschwellen
accusation;Anklage
soften;erweichen
straighten;begradigen
terribly;fürchterlich
cue;Stichwort
bride;Braut
biography;Biografie
hazard;Gefahr
compelling;zwingend
seldom;selten
tile;Fliese
economically;wirtschaftlich
honestly;Ehrlich
troubled;beunruhigt
twentieth;zwanzigsten
balanced;ausgewogen
foreigner;Ausländer
convenience;Bequemlichkeit
delight;Vergnügen
weave;weben
timber;Holz
till;zu
accurately;genau
plea;Plädoyer
bulb;Birne
flying;fliegend
sustainable;nachhaltig
devil;Teufel
bolt;Bolzen
cargo;Ladung
spine;Wirbelsäule
seller;Verkäufer
skilled;qualifiziert
managing;Verwaltung
marine;Marine
dock;Dock
organized;organisiert
fog;Nebel
diplomat;Diplomat
boring;langweilig
sometime;irgendwann
summary;Zusammenfassung
missionary;Missionar
epidemic;Epidemie
fatal;tödlich
trim;trimmen
warehouse;Lagerhaus
accelerate;beschleunigen
butterfly;Schmetterling
bronze;Bronze-
drown;ertrinken
inherent;inhärent
nationwide;bundesweit
spit;Spucke
kneel;knien
vacuum;Vakuum
selected;ausgewählt
dictate;diktieren
