the;la
and;y
have;tener
that;que
for;por
you;tú
with;con
say;decir
this;este
they;ellos
but;pero
his;su
from;de
not;no
she;ella
as;como
what;qué
their;sus
can;pueden
who;quién
get;obtener
would;haría
her;su
all;todos
make;hacer
about;sobre
know;saber
will;voluntad
one;una
time;tiempo
there;allá
year;año
think;pensar
when;cuando
which;cual
them;a ellos
some;alguno
people;gente
take;tomar
out;afuera
into;dentro
just;sólo
see;ver
him;a él
your;su
come;venir
could;pudo
now;ahora
than;que
like;me gusta
other;otro
how;cómo
then;después
its;su
our;nuestro
two;dos
more;más
these;estas
want;desear
way;camino
look;Mira
first;primero
also;además
new;nuevo
because;porque
day;día
use;usar
man;hombre
find;encontrar
here;aquí
thing;cosa
give;dar
many;muchos
well;bien
only;solamente
those;aquellos
tell;decir
very;muy
even;incluso
back;espalda
any;ningún
good;bueno
woman;mujer
through;mediante
life;vida
child;niño
work;trabajar
down;abajo
may;mayo
after;después
should;debería
call;llamar
world;mundo
over;sobre
school;escuela
still;todavía
try;probar
last;ultimo
ask;pedir
need;necesitar
too;también
feel;sentir
three;Tres
state;estado
never;nunca
become;convertirse en
between;Entre
high;alto
really;De Verdad
something;alguna cosa
most;la mayoría
another;otro
much;mucho
family;familia
own;propio
leave;abandonar
put;poner
old;antiguo
while;tiempo
mean;significar
keep;mantener
student;alumno
why;por qué
let;dejar
great;estupendo
same;mismo
big;grande
group;grupo
begin;empezar
seem;parecer
country;país
help;ayuda
talk;hablar
where;dónde
turn;giro
problem;problema
every;cada
start;comienzo
hand;mano
might;puede que
American;Americano
show;mostrar
part;parte
against;contra
place;lugar
such;tal
again;otra vez
few;pocos
case;caso
week;semana
company;empresa
system;sistema
each;cada
right;Correcto
program;programa
hear;oír
question;pregunta
during;durante
play;desempeñar
government;gobierno
run;correr
small;pequeña
number;número
off;apagado
always;siempre
move;Muevete
night;noche
live;En Vivo
Mr;Señor
point;punto
believe;creer
hold;mantener
today;Este Dia
bring;traer
happen;suceder
next;Siguiente
without;sin que
before;antes de
large;largo
million;millón
must;deber
home;hogar
under;por debajo
water;agua
room;habitación
write;escribe
mother;madre
area;área
national;nacional
money;dinero
story;historia
young;joven
fact;hecho
month;mes
different;diferente
lot;lote
study;estudiar
book;libro
eye;ojo
job;trabajo
word;palabra
though;aunque
business;negocio
issue;tema
side;lado
kind;tipo
four;cuatro
head;cabeza
far;lejos
black;negro
long;largo
both;ambas cosas
little;poco
house;casa
yes;sí
since;ya que
provide;proveer
service;Servicio
around;alrededor
friend;amigo
important;importante
father;padre
sit;sentar
away;lejos
until;Hasta que
power;energía
hour;hora
game;juego
often;con frecuencia
yet;aún
line;línea
political;político
end;final
among;entre
ever;alguna vez
stand;pararse
bad;malo
lose;perder
however;sin embargo
member;miembro
pay;pagar
law;ley
meet;reunir
car;coche
city;ciudad
almost;casi
include;incluir
continue;Seguir
set;establecer
later;luego
community;comunidad
name;nombre
five;cinco
once;una vez
white;blanco
least;el menos
president;presidente
learn;aprender
real;real
change;cambio
team;equipo
minute;minuto
best;mejor
several;varios
idea;ocurrencia
kid;niño
body;cuerpo
information;información
nothing;nada
ago;atrás
lead;Plomo
social;social
understand;comprender
whether;ya sea
watch;reloj
together;juntos
follow;seguir
parent;padre
stop;deténgase
face;cara
anything;cualquier cosa
create;crear
public;público
already;ya
speak;hablar
others;otros
read;leer
level;nivel
allow;permitir
add;agregar
office;oficina
spend;gastar
door;puerta
health;salud
person;persona
art;Arte
sure;Por supuesto
war;guerra
history;historia
party;fiesta
within;dentro de
grow;crecer
result;resultado
open;abierto
morning;Mañana
walk;caminar
reason;razón
low;bajo
win;victoria
research;investigar
girl;chica
guy;tipo
early;temprano
food;alimento
moment;momento
himself;él mismo
air;aire
teacher;profesor
force;fuerza
offer;oferta
enough;suficiente
education;educación
across;a través de
although;a pesar de que
remember;recuerda
foot;pie
second;segundo
boy;chico
maybe;quizás
toward;hacia
able;poder
age;años
policy;política
everything;todo
love;amor
process;proceso
music;música
including;incluido
consider;considerar
appear;Aparecer
actually;Realmente
buy;comprar
probably;probablemente
human;humano
wait;Espere
serve;atender
market;mercado
die;la
send;enviar
expect;suponer
sense;sentido
build;construir
stay;Quédate
fall;otoño
oh;Oh
nation;nación
plan;plan
cut;Corte
college;colega
interest;interés
death;muerte
course;curso
someone;alguien
experience;experiencia
behind;detrás
reach;alcanzar
local;local
kill;matar
six;seis
remain;permanecer
effect;efecto
yeah;sí
suggest;sugerir
class;clase
control;control
raise;elevar
care;cuidado
perhaps;quizás
late;tarde
hard;difícil
field;campo
else;más
pass;pasar
former;anterior
sell;vender
major;importante
sometimes;algunas veces
require;requerir
along;a lo largo de
development;desarrollo
themselves;ellos mismos
report;reporte
role;role
better;mejor
economic;económico
effort;esfuerzo
decide;decidir
rate;Velocidad
strong;fuerte
possible;posible
heart;corazón
drug;droga
leader;líder
light;luz
voice;voz
wife;esposa
whole;entero
police;policía
mind;mente
finally;finalmente
pull;jalar
return;devolver
free;libre
military;militar
price;precio
less;menos
according;de acuerdo a
decision;decisión
explain;explique
son;hijo
hope;esperar
develop;desarrollar
view;vista
relationship;relación
carry;llevar
town;pueblo
road;la carretera
drive;conducir
arm;brazo
TRUE;CIERTO
federal;federal
break;descanso
difference;diferencia
thank;gracias
receive;recibir
value;valor
international;internacional
building;edificio
action;acción
full;completo
model;modelo
join;unirse
season;temporada
society;sociedad
tax;impuesto
director;director
position;posición
player;jugador
agree;aceptar
especially;especialmente
record;registro
pick;elegir
wear;tener puesto
paper;papel
special;especial
space;espacio
ground;terrestre
form;forma
support;apoyo
event;evento
official;oficial
whose;cuyo
matter;asunto
everyone;todo el mundo
center;centro
couple;pareja
site;sitio
project;proyecto
hit;pegar
base;base
activity;actividad
star;estrella
table;mesa
court;tribunal
produce;producir
eat;comer
teach;enseñar
oil;aceite
half;mitad
situation;situación
easy;fácil
cost;costo
industry;industria
figure;figura
street;calle
image;imagen
itself;sí mismo
phone;teléfono
either;o
data;datos
cover;cubrir
quite;bastante
picture;imagen
clear;claro
practice;práctica
piece;pieza
land;tierra
recent;reciente
describe;describir
product;producto
doctor;médico
wall;pared
patient;paciente
worker;trabajador
news;noticias
test;prueba
movie;película
certain;cierto
north;norte
personal;personal
simply;simplemente
third;tercera
technology;tecnología
catch;captura
step;paso
baby;bebé
computer;computadora
type;escribe
attention;atención
draw;dibujar
film;película
Republican;Republicano
tree;árbol
source;fuente
red;rojo
nearly;por poco
organization;organización
choose;elegir
cause;causa
hair;pelo
century;siglo
evidence;evidencia
window;ventana
difficult;difícil
listen;escuchar
soon;pronto
culture;cultura
billion;mil millones
chance;oportunidad
brother;hermano
energy;energía
period;período
summer;el verano
realize;darse cuenta
hundred;ciento
available;disponible
plant;planta
likely;probable
opportunity;oportunidad
term;término
short;corto
letter;carta
condition;condición
choice;elección
single;único
rule;regla
daughter;hija
administration;administración
south;sur
husband;esposo
Congress;Congreso
floor;piso
campaign;Campaña
material;material
population;población
economy;economía
medical;médico
hospital;hospital
church;iglesia
close;cerca
thousand;mil
risk;riesgo
current;Actual
fire;fuego
future;futuro
wrong;equivocado
involve;involucrar
defense;defensa
anyone;cualquiera
increase;aumentar
security;seguridad
bank;banco
myself;mí mismo
certainly;seguramente
west;Oeste
sport;deporte
board;junta
seek;buscar
per;por
subject;tema
officer;oficial
private;privado
rest;descansar
behavior;comportamiento
deal;acuerdo
performance;actuación
fight;lucha
throw;lanzar
top;parte superior
quickly;rápidamente
past;pasado
goal;meta
bed;cama
order;ordenar
author;autor
fill;llenar
represent;representar
focus;enfoque
foreign;extranjero
drop;soltar
blood;sangre
upon;al
agency;agencia
push;empujar
nature;naturaleza
color;color
recently;recientemente
store;Tienda
reduce;reducir
sound;sonido
note;Nota
fine;multa
near;cerca
movement;movimienot
page;página
enter;ingresar
share;Cuota
common;común
poor;pobre
natural;natural
race;la raza
concern;inquietud
series;serie
significant;importante
similar;similar
hot;caliente
language;idioma
usually;normalmente
response;respuesta
dead;muerto
rise;elevar
animal;animal
factor;factor
decade;década
article;artículo
shoot;disparar
east;este
save;ahorrar
seven;Siete
artist;artista
scene;escena
stock;Valores
career;carrera profesional
despite;A pesar de
central;central
eight;ocho
thus;de este modo
treatment;tratamiento
beyond;más allá de
happy;contento
exactly;exactamente
protect;proteger
approach;Acercarse
lie;mentir
size;Talla
dog;perro
fund;fondo
serious;serio
occur;ocurrir
media;medios de comunicación
ready;Listo
sign;señal
thought;pensamiento
list;lista
individual;individual
simple;simple
quality;calidad
pressure;presión
accept;aceptar
answer;responder
resource;recurso
identify;identificar
left;izquierda
meeting;reunión
determine;determinar
prepare;preparar
disease;enfermedad
whatever;lo que sea
success;éxito
argue;discutir
cup;taza
particularly;particularmente
amount;Monto
ability;capacidad
staff;personal
recognize;reconocer
indicate;indicar
character;personaje
growth;crecimiento
loss;pérdida
degree;la licenciatura
wonder;preguntarse
attack;ataque
herself;sí misma
region;región
television;televisión
box;caja
TV;TELEVISOR
training;capacitación
pretty;bonita
trade;comercio
election;elección
everybody;todos
physical;físico
lay;poner
general;general
feeling;sentimiento
standard;estándar
bill;factura
message;mensaje
fail;fallar
outside;fuera de
arrive;llegar
analysis;análisis
benefit;beneficio
sex;sexo
forward;delantero
lawyer;abogado
present;presente
section;sección
environmental;ambiental
glass;vidrio
skill;habilidad
sister;hermana
PM;PM
professor;profesor
operation;operación
financial;financiero
crime;delito
stage;escenario
ok;OK
compare;comparar
authority;autoridad
miss;señorita
design;diseño
sort;clasificar
act;Actuar
ten;diez
knowledge;conocimiento
gun;pistola
station;estación
blue;azul
strategy;estrategia
clearly;claramente
discuss;conversar
indeed;Por supuesto
truth;verdad
song;canción
example;ejemplo
democratic;democrático
check;controlar
environment;ambiente
leg;pierna
dark;oscuro
various;varios
rather;bastante
laugh;risa
guess;adivinar
executive;ejecutivo
prove;demostrar
hang;colgar
entire;completo
rock;roca
forget;olvidar
claim;reclamar
remove;retirar
manager;gerente
enjoy;disfrutar
network;la red
legal;legal
religious;religioso
cold;frío
final;final
main;principal
science;Ciencias
green;verde
memory;memoria
card;tarjeta
above;arriba
seat;asiento
cell;célula
establish;establecer
nice;bonito
trial;prueba
expert;experto
spring;primavera
firm;firma
Democrat;Demócrata
radio;radio
visit;visitar
management;administración
avoid;evitar
imagine;imaginar
tonight;esta noche
huge;enorme
ball;pelota
finish;finalizar
yourself;tú mismo
theory;teoría
impact;impacto
respond;responder
statement;declaración
maintain;mantener
charge;cobrar
popular;popular
traditional;tradicional
onto;sobre
reveal;revelar
direction;dirección
weapon;arma
employee;empleado
cultural;cultural
contain;contener
peace;paz
pain;dolor
apply;aplicar
measure;medida
wide;amplio
shake;sacudir
fly;volar
interview;entrevista
manage;administrar
chair;silla
fish;pez
particular;especial
camera;cámara
structure;estructura
politics;política
perform;llevar a cabo
bit;un poco
weight;peso
suddenly;de repente
discover;descubrir
candidate;candidato
production;producción
treat;tratar
trip;viaje
evening;tardecita
affect;afectar
inside;en el interior
conference;conferencia
unit;unidad
style;estilo
adult;adulto
worry;preocuparse
range;rango
mention;mencion
deep;profundo
edge;borde
specific;específico
writer;escritor
trouble;problema
necessary;necesario
throughout;a lo largo de
challenge;desafío
fear;miedo
shoulder;hombro
institution;institución
middle;medio
sea;mar
dream;sueño
bar;bar
beautiful;hermoso
property;propiedad
instead;en cambio
improve;mejorar
stuff;cosas
detail;detalle
method;método
somebody;alguien
magazine;revista
hotel;hotel
soldier;soldado
reflect;reflejar
heavy;pesado
sexual;sexual
bag;bolsa
heat;calor
marriage;matrimonio
tough;pese
sing;cantar
surface;superficie
purpose;objetivo
exist;existir
pattern;patrón
whom;quién
skin;piel
agent;agente
owner;dueño
machine;máquina
gas;gas
ahead;adelante
generation;generación
commercial;comercial
address;Dirección
cancer;cáncer
item;artículo
reality;la realidad
coach;entrenador
Mrs;Sra
yard;yarda
beat;derrotar
violence;violencia
total;total
tend;tender
investment;inversión
discussion;discusión
finger;dedo
garden;jardín
notice;aviso
collection;recopilación
modern;moderno
task;tarea
partner;compañero
positive;positivo
civil;civil
kitchen;cocina
consumer;consumidor
shot;Disparo
budget;presupuesto
wish;deseo
painting;cuadro
scientist;científico
safe;seguro
agreement;convenio
capital;capital
mouth;boca
nor;ni
victim;víctima
newspaper;periódico
threat;amenaza
responsibility;responsabilidad
smile;sonreír
attorney;abogado
score;puntaje
account;cuenta
interesting;interesante
audience;audiencia
rich;rico
dinner;cena
vote;votar
western;occidental
relate;relatar
travel;viajar
debate;debate
prevent;prevenir
citizen;ciudadano
majority;mayoría
none;ninguna
front;frente
born;nacido
admit;admitir
senior;sénior
assume;asumir
wind;viento
key;llave
professional;profesional
mission;misión
fast;rápido
alone;solo
customer;cliente
suffer;sufrir
speech;discurso
successful;exitoso
option;opción
participant;partícipe
southern;meridional
fresh;nuevo
eventually;finalmente
forest;bosque
video;video
global;global
Senate;Senado
reform;reforma
access;acceso
restaurant;restaurante
judge;juez
publish;publicar
relation;relación
release;liberar
bird;pájaro
opinion;opinión
credit;crédito
critical;crítico
corner;esquina
concerned;preocupado
recall;recuerdo
version;versión
stare;mirar fijamente
safety;la seguridad
effective;eficaz
neighborhood;vecindario
original;original
troop;tropa
income;ingreso
directly;directamente
hurt;herir
species;especies
immediately;inmediatamente
track;pista
basic;básico
strike;Huelga
sky;cielo
freedom;libertad
absolutely;absolutamente
plane;plano
nobody;nadie
achieve;lograr
object;objeto
attitude;actitud
labor;mano de obra
refer;referirse
concept;concepto
client;cliente
powerful;poderoso
perfect;Perfecto
nine;nueve
therefore;por lo tanto
conduct;conducta
announce;anunciar
conversation;conversación
examine;examinar
touch;tocar
please;por favor
attend;asistir
completely;completamente
variety;variedad
sleep;dormir
involved;involucrado
investigation;investigación
nuclear;nuclear
researcher;investigador
press;prensa
conflict;conflicto
spirit;espíritu
replace;reemplazar
British;británico
encourage;alentar
argument;argumento
camp;acampar
brain;cerebro
feature;rasgo
afternoon;tarde
AM;SOY
weekend;fin de semana
dozen;docena
possibility;posibilidad
insurance;seguro
department;Departamento
battle;batalla
beginning;comienzo
date;fecha
generally;en general
African;africano
sorry;perdón
crisis;crisis
complete;completo
fan;admirador
stick;palo
define;definir
easily;fácilmente
hole;agujero
element;elemento
vision;visión
status;estado
normal;normal
Chinese;Chino
ship;Embarcacion
solution;solución
stone;piedra
slowly;despacio
scale;escala
university;Universidad
introduce;introducir
driver;conductor
attempt;intentar
park;parque
spot;lugar
lack;falta
ice;hielo
boat;barco
drink;beber
sun;sol
distance;distancia
wood;madera
handle;resolver
truck;camión
mountain;montaña
survey;encuesta
supposed;supuesto
tradition;tradicion
winter;invierno
village;aldea
Soviet;Soviético
refuse;rechazar
sales;Ventas
roll;rodar
communication;comunicación
screen;pantalla
gain;ganar
resident;residente
hide;ocultar
gold;oro
club;club
farm;granja
potential;potencial
European;europeo
presence;presencia
independent;independiente
district;distrito
shape;forma
reader;lector
Ms;Milisegundo
contract;contrato
crowd;multitud
Christian;cristiano
express;Rápido
apartment;Departamento
willing;deseoso
strength;fuerza
previous;anterior
band;banda
obviously;obviamente
horse;caballo
interested;interesado
target;objetivo
prison;prisión
ride;conducir
guard;Guardia
terms;términos
demand;pedir
reporter;reportero
deliver;entregar
text;texto
tool;herramienta
wild;salvaje
vehicle;vehículo
observe;observar
flight;vuelo
facility;instalaciones
understanding;comprensión
average;promedio
emerge;surgir
advantage;ventaja
quick;rápido
leadership;liderazgo
earn;ganar
pound;libra
basis;base
bright;brillante
operate;funcionar
guest;invitado
sample;muestra
contribute;contribuir
tiny;diminuto
block;bloquear
protection;proteccion
settle;asentarse
feed;alimento
collect;recoger
additional;adicional
highly;altamente
identity;identidad
title;título
mostly;principalmente
lesson;lección
faith;fe
river;río
promote;promover
living;vivir
count;contar
unless;a no ser que
marry;casar
tomorrow;mañana
technique;técnica
path;sendero
ear;oído
shop;tienda
folk;gente
principle;principio
survive;sobrevivir
lift;levantar
border;borde
competition;competencia
jump;salto
gather;recolectar
limit;límite
fit;adaptar
cry;llorar
equipment;equipo
worth;valor
associate;asociado
critic;crítico
warm;cálido
aspect;aspecto
insist;insistir
failure;falla
annual;anual
French;Francés
Christmas;Navidad
comment;comentario
responsible;responsable
affair;asunto
procedure;procedimiento
regular;regular
spread;untado
chairman;presidente
baseball;béisbol
soft;suave
ignore;pasar por alto
egg;huevo
belief;creencia
demonstrate;demostrar
anybody;cualquiera
murder;asesinato
gift;regalo
religion;religión
review;revisión
editor;editor
engage;comprometerse
coffee;café
document;documento
speed;velocidad
cross;cruz
influence;influencia
anyway;de todos modos
threaten;amenazar
commit;comprometerse
female;femenino
youth;juventud
wave;ola
afraid;atemorizado
quarter;cuarto
background;antecedentes
native;nativo
broad;amplio
wonderful;maravilloso
deny;negar
apparently;aparentemente
slightly;levemente
reaction;reacción
twice;dos veces
suit;traje
perspective;perspectiva
growing;creciente
blow;explotar
construction;construcción
intelligence;inteligencia
destroy;destruir
cook;cocinero
connection;conexión
burn;quemar
shoe;zapato
grade;calificación
context;contexto
committee;comité
hey;Oye
mistake;error
location;ubicación
clothes;ropa
Indian;indio
quiet;tranquilo
dress;vestir
promise;promesa
aware;consciente
neighbor;Vecino
function;función
bone;hueso
active;activo
extend;extender
chief;jefe
combine;combinar
wine;vino
below;abajo
cool;Frío
voter;votante
learning;aprendizaje
bus;autobús
hell;infierno
dangerous;peligroso
remind;recordar
moral;moral
United;Unido
category;categoría
relatively;relativamente
victory;victoria
academic;académico
Internet;Internet
healthy;saludable
negative;negativo
following;siguiendo
historical;histórico
medicine;medicamento
tour;recorrido
depend;depender
photo;foto
finding;hallazgo
grab;tomar
direct;directo
classroom;aula
contact;contacto
justice;justicia
participate;participar
daily;diariamente
fair;justa
pair;par
famous;famoso
exercise;ejercicio
knee;rodilla
flower;flor
tape;cinta
hire;contratar
familiar;familiar
appropriate;adecuado
supply;suministro
fully;completamente
actor;actor
birth;nacimiento
search;búsqueda
tie;Corbata
democracy;la democracia
eastern;oriental
primary;primario
yesterday;el dia de ayer
circle;circulo
device;dispositivo
progress;Progreso
bottom;abajo
island;isla
exchange;intercambio
clean;limpio
studio;estudio
train;tren
lady;dama
colleague;colega
application;solicitud
neck;cuello
lean;inclinarse
damage;daño
plastic;el plastico
tall;alto
plate;lámina
hate;odio
otherwise;de lo contrario
writing;escritura
male;masculino
alive;viva
expression;expresión
football;fútbol
intend;pretender
chicken;pollo
army;ejército
abuse;abuso
theater;teatro
shut;cerrado
map;mapa
extra;extra
session;sesión
danger;peligro
welcome;bienvenidos
domestic;Doméstico
lots;un montón
literature;literatura
rain;lluvia
desire;deseo
assessment;evaluación
injury;lesión
respect;respeto
northern;del Norte
nod;asentir
paint;pintar
fuel;combustible
leaf;hoja
dry;seco
Russian;ruso
instruction;instrucción
pool;piscina
climb;subida
sweet;dulce
engine;motor
fourth;cuatro
salt;sal
expand;expandir
importance;importancia
metal;metal
fat;grasa
ticket;boleto
software;software
disappear;desaparecer
corporate;corporativo
strange;extraño
lip;labio
reading;lectura
urban;urbano
mental;mental
increasingly;cada vez más
lunch;comida
educational;educativo
somewhere;en algún lugar
farmer;granjero
sugar;azúcar
planet;planeta
favorite;favorito
explore;explorar
obtain;obtener
enemy;enemigo
greatest;mayor
complex;complejo
surround;rodear
athlete;atleta
invite;invitar
repeat;repetir
carefully;con cuidado
soul;alma
scientific;científico
impossible;imposible
panel;panel
meaning;sentido
mom;mamá
married;casado
instrument;instrumento
predict;predecir
weather;clima
presidential;presidencial
emotional;emocional
commitment;compromiso
Supreme;Supremo
bear;llevar
pocket;bolsillo
thin;delgada
temperature;la temperatura
surprise;sorpresa
poll;encuesta
proposal;propuesta
consequence;consecuencia
breath;aliento
sight;visión
balance;balance
adopt;adoptar
minority;minoría
straight;directo
connect;conectar
works;obras
teaching;enseñando
belong;pertenecer
aid;ayuda
advice;consejo
okay;okey
photograph;fotografía
empty;vacío
regional;regional
trail;sendero
novel;novela
code;código
somehow;de alguna manera
organize;organizar
jury;jurado
breast;seno
Iraqi;iraquí
acknowledge;reconocer
theme;tema
storm;tormenta
union;Unión
desk;escritorio
thanks;Gracias
fruit;Fruta
expensive;caro
yellow;amarillo
conclusion;conclusión
prime;principal
shadow;sombra
struggle;dificil
conclude;concluir
analyst;analista
dance;baile
regulation;regulación
being;siendo
ring;anillo
largely;en gran parte
shift;cambio
revenue;ingresos
mark;Marcos
locate;localizar
county;condado
appearance;apariencia
package;paquete
difficulty;dificultad
bridge;puente
recommend;recomendar
obvious;obvio
basically;básicamente
e-mail;Email
generate;generar
anymore;más
propose;proponer
thinking;pensando
possibly;posiblemente
trend;tendencia
visitor;visitante
loan;préstamo
currently;corrientemente
comfortable;cómodo
investor;inversor
profit;lucro
angry;enfadado
crew;tripulación
accident;accidente
meal;comida
hearing;audiencia
traffic;tráfico
muscle;músculo
notion;noción
capture;captura
prefer;preferir
truly;realmente
earth;tierra
Japanese;japonés
chest;cofre
thick;grueso
cash;dinero
museum;museo
beauty;belleza
emergency;emergencia
unique;único
internal;interno
ethnic;étnico
link;Enlace
stress;estrés
content;contenido
select;Seleccione
root;raíz
nose;nariz
declare;declarar
appreciate;valorar
actual;actual
bottle;botella
hardly;difícilmente
setting;ajuste
launch;lanzar
file;expediente
sick;enfermo
outcome;Salir
ad;anuncio
defend;defender
duty;deber
sheet;sábana
ought;debería
ensure;asegurar
Catholic;católico
extremely;extremadamente
extent;medida
component;componente
mix;mezcla
long-term;a largo plazo
slow;lento
contrast;contraste
zone;zona
wake;despertarse
airport;aeropuerto
brown;marrón
shirt;camisa
pilot;piloto
warn;advertir
ultimately;por último
cat;gato
contribution;contribución
capacity;capacidad
ourselves;Nosotros mismos
estate;bienes
guide;guía
circumstance;circunstancia
snow;nieve
English;inglés
politician;político
steal;robar
pursue;buscar
slip;deslizar
percentage;porcentaje
meat;carne
funny;gracioso
neither;ninguno de los dos
soil;suelo
surgery;cirugía
correct;correcto
Jewish;judío
blame;culpa
estimate;estimar
due;adeudado
basketball;baloncesto
golf;golf
investigate;investigar
crazy;loca
significantly;significativamente
chain;cadena
branch;rama
combination;combinación
frequently;frecuentemente
governor;gobernador
relief;alivio
user;usuario
dad;papá
kick;patada
manner;manera
ancient;antiguo
silence;silencio
rating;clasificación
golden;dorado
motion;movimiento
German;Alemán
gender;género
solve;resolver
fee;tarifa
landscape;paisaje
used;usó
bowl;cuenco
equal;igual
forth;adelante
frame;cuadro
typical;típico
except;excepto
conservative;conservador
eliminate;eliminar
host;anfitrión
hall;salón
trust;confianza
ocean;Oceano
row;fila
producer;productor
afford;solventar
meanwhile;Entretanto
regime;régimen
division;división
confirm;confirmar
fix;arreglar
appeal;apelación
mirror;espejo
tooth;diente
smart;inteligente
length;longitud
entirely;enteramente
rely;confiar
topic;tema
complain;quejarse
variable;variable
telephone;teléfono
perception;percepción
attract;atraer
confidence;confianza
bedroom;dormitorio
secret;secreto
debt;deuda
rare;extraño
tank;tanque
nurse;enfermera
coverage;cobertura
opposition;oposición
aside;aparte
anywhere;en cualquier sitio
bond;vínculo
pleasure;Placer
master;Maestro
era;era
requirement;requisito
fun;divertida
expectation;expectativa
wing;ala
separate;separado
somewhat;un poco
pour;para
stir;remover
judgment;juicio
beer;cerveza
reference;referencia
tear;lágrima
doubt;duda
grant;otorgar
seriously;en serio
minister;ministro
totally;totalmente
hero;héroe
industrial;industrial
cloud;nube
stretch;tramo
winner;ganador
volume;volumen
seed;semilla
surprised;sorprendido
fashion;Moda
pepper;pimienta
busy;ocupado
intervention;intervención
copy;Copiar
tip;propina
cheap;barato
aim;apuntar
cite;citar
welfare;bienestar
vegetable;verdura
gray;gris
dish;plato
beach;playa
improvement;mejora
everywhere;En todas partes
opening;apertura
overall;general
divide;dividir
initial;inicial
terrible;horrible
oppose;oponerse a
contemporary;contemporáneo
route;ruta
multiple;múltiple
essential;básico
league;liga
criminal;delincuente
careful;Cuidado
core;centro
upper;superior
rush;prisa
necessarily;necesariamente
specifically;específicamente
tired;cansado
employ;emplear
holiday;fiesta
vast;enorme
resolution;resolución
household;familiar
fewer;menos
abortion;aborto
apart;aparte
witness;testigo
match;juego
barely;apenas
sector;sector
representative;representante
beneath;debajo
beside;junto a
incident;incidente
limited;limitado
proud;orgulloso
flow;caudal
faculty;facultad
increased;aumentó
waste;desperdicio
merely;meramente
mass;masa
emphasize;enfatizar
experiment;experimento
definitely;definitivamente
bomb;bomba
enormous;enorme
tone;tono
liberal;liberal
massive;masivo
engineer;ingeniero
wheel;rueda
decline;rechazar
invest;invertir
cable;cable
towards;hacia
expose;exponer
rural;rural
AIDS;SIDA
Jew;O
narrow;angosto
cream;crema
secretary;secretario
gate;portón
solid;sólido
hill;Cerro
typically;típicamente
noise;ruido
grass;césped
unfortunately;desafortunadamente
hat;Posee
legislation;legislación
succeed;triunfar
celebrate;celebrar
achievement;logro
fishing;pescar
accuse;acusar
useful;útil
reject;rechazar
talent;talento
taste;gusto
characteristic;característica
milk;Leche
escape;Escapar
cast;emitir
sentence;frase
unusual;inusual
closely;cercanamente
convince;convencer
height;altura
physician;médico
assess;evaluar
plenty;mucho
virtually;virtualmente
addition;suma
sharp;agudo
creative;creativo
lower;más bajo
approve;aprobar
explanation;explicación
gay;homosexual
campus;instalaciones
proper;correcto
guilty;culpable
acquire;adquirir
compete;competir
technical;técnico
plus;más
immigrant;inmigrante
weak;débil
illegal;ilegal
hi;hola
alternative;alternativa
interaction;Interacción
column;columna
personality;personalidad
signal;señal
curriculum;plan de estudios
honor;honor
passenger;pasajero
assistance;asistencia
forever;Siempre
regard;respecto
Israeli;israelí
association;asociación
twenty;veinte
knock;golpear
wrap;envolver
lab;laboratorio
display;monitor
criticism;crítica
asset;activo
depression;depresión
spiritual;espiritual
musical;musical
journalist;periodista
prayer;oración
suspect;sospechar
scholar;erudito
warning;advertencia
climate;climatizado
cheese;queso
observation;observación
childhood;infancia
payment;pago
sir;señor
permit;permiso
cigarette;cigarrillo
definition;definición
priority;prioridad
bread;pan de molde
creation;creación
graduate;graduado
request;solicitud
emotion;emoción
scream;grito
dramatic;dramático
universe;universo
gap;brecha
excellent;excelente
deeply;profundamente
prosecutor;fiscal
lucky;afortunado
drag;arrastrar
airline;aerolínea
library;biblioteca
agenda;agenda
recover;recuperar
factory;fábrica
selection;selección
primarily;ante todo
roof;techo
unable;incapaz
expense;gastos
initiative;iniciativa
diet;dieta
arrest;arrestar
funding;fondos
therapy;terapia
wash;lavar
schedule;calendario
sad;triste
brief;breve
housing;alojamiento
post;correo
purchase;compra
existing;existente
steel;acero
regarding;con respecto a
shout;grito
remaining;restante
visual;visual
fairly;justamente
chip;chip
violent;violento
silent;silencioso
suppose;suponer
self;uno mismo
bike;bicicleta
tea;té
perceive;percibir
comparison;comparación
settlement;asentamiento
layer;capa
planning;planificación
description;descripción
slide;deslizar
widely;ampliamente
wedding;boda
inform;informar
portion;parte
territory;territorio
immediate;inmediato
opponent;adversario
abandon;abandonar
lake;lago
transform;transformar
tension;tensión
leading;principal
bother;molestar
consist;consistir
alcohol;alcohol
enable;habilitar
bend;curva
saving;ahorro
desert;Desierto
shall;deberá
error;error
cop;policía
Arab;árabe
double;doble
sand;arena
Spanish;español
print;impresión
preserve;preservar
passage;paso
formal;formal
transition;transición
existence;existencia
album;álbum
participation;participación
arrange;arreglar
atmosphere;atmósfera
joint;articulación
reply;respuesta
cycle;ciclo
opposite;opuesto
lock;cerrar
deserve;merecer
consistent;coherente
resistance;resistencia
discovery;descubrimiento
exposure;exposición
pose;pose
stream;corriente
sale;rebaja
pot;maceta
grand;grandioso
mine;mía
hello;Hola
coalition;coalición
tale;cuento
knife;cuchillo
resolve;resolver
racial;racial
phase;fase
joke;broma
coat;Saco
Mexican;mexicano
symptom;síntoma
manufacturer;fabricante
philosophy;filosofía
potato;papa
foundation;Fundación
quote;cotizar
online;en línea
negotiation;negociación
urge;urgir
occasion;ocasión
dust;polvo
breathe;respirar
elect;electo
investigator;investigador
jacket;chaqueta
glad;contento
ordinary;común
reduction;reducción
rarely;poco frecuentemente
pack;paquete
suicide;suicidio
numerous;numeroso
substance;sustancia
discipline;disciplina
elsewhere;en otra parte
iron;planchar
practical;práctico
moreover;es más
passion;pasión
volunteer;voluntario
implement;implementar
essentially;esencialmente
gene;gene
enforcement;aplicación
vs;contra
sauce;salsa
independence;independencia
marketing;marketing
priest;sacerdote
amazing;increíble
intense;intenso
advance;ventaja
employer;empleador
shock;choque
inspire;inspirar
adjust;ajustar
retire;retirarse
visible;visible
kiss;Beso
illness;enfermedad
cap;gorra
habit;hábito
competitive;competitivo
juice;jugo
congressional;del congreso
involvement;intervención
dominate;dominar
previously;previamente
whenever;cuando sea
transfer;transferir
analyze;analizar
attach;adjuntar
disaster;desastre
parking;estacionamiento
prospect;perspectiva
boss;jefe
complaint;queja
championship;campeonato
fundamental;fundamental
severe;severo
enhance;mejorar
mystery;misterio
impose;imponer
poverty;pobreza
entry;entrada
spending;gasto
king;rey
evaluate;evaluar
symbol;símbolo
maker;fabricante
mood;estado animico
accomplish;realizar
emphasis;énfasis
illustrate;ilustrar
boot;bota
monitor;monitor
Asian;asiático
entertainment;entretenimiento
bean;frijol
evaluation;evaluación
creature;criatura
commander;comandante
digital;digital
arrangement;arreglo
concentrate;concentrarse
usual;habitual
anger;enfado
psychological;psicológico
heavily;fuertemente
peak;cima
approximately;aproximadamente
increasing;creciente
disorder;trastorno
missile;misil
equally;igualmente
vary;variar
wire;cable
round;redondo
distribution;distribución
transportation;transportación
holy;santo
twin;mellizo
command;dominio
commission;comisión
interpretation;interpretación
breakfast;desayuno
strongly;fuertemente
engineering;ingeniería
luck;suerte
so-called;así llamado
constant;constante
clinic;clínica
veteran;veteran
smell;oler
tablespoon;cucharada
capable;capaz
nervous;nervioso
tourist;turista
toss;sacudida
crucial;crucial
bury;enterrar
pray;rezar
tomato;tomate
exception;excepción
butter;manteca
deficit;déficit
bathroom;baño
objective;objetivo
electronic;electrónico
ally;aliado
journey;viaje
reputation;reputación
mixture;mezcla
surely;seguramente
tower;torre
smoke;fumar
confront;confrontar
pure;puro
glance;vistazo
dimension;dimensión
toy;juguete
prisoner;prisionero
fellow;compañero
smooth;suave
nearby;cercano
peer;par
designer;diseñador
personnel;personal
educator;educador
relative;pariente
immigration;inmigración
belt;cinturón
teaspoon;cucharilla
birthday;cumpleaños
implication;implicación
perfectly;perfectamente
coast;costa
supporter;seguidor
accompany;acompañar
silver;plata
teenager;adolescente
recognition;reconocimiento
retirement;Jubilación
flag;bandera
recovery;recuperación
whisper;susurro
gentleman;Caballero
corn;maíz
moon;luna
inner;interno
junior;júnior
throat;garganta
salary;salario
swing;ritmo
observer;observador
publication;publicación
crop;cultivo
dig;tú
permanent;permanente
phenomenon;fenómeno
anxiety;ansiedad
unlike;diferente a
wet;mojado
literally;literalmente
resist;resistir
convention;convención
embrace;abrazar
assist;asistir
exhibition;exhibición
construct;construir
viewer;espectador
pan;sartén
consultant;consultor
administrator;administrador
occasionally;ocasionalmente
mayor;alcalde
consideration;consideración
CEO;CEO
secure;seguro
pink;rosado
buck;dólar
historic;histórico
poem;poema
grandmother;abuela
bind;unir
fifth;quinto
constantly;constantemente
enterprise;empresa
favor;favor
testing;pruebas
stomach;estómago
apparent;aparente
weigh;pesar
install;Instalar en pc
sensitive;sensible
suggestion;sugerencia
mail;correo
recipe;receta
reasonable;razonable
preparation;preparación
wooden;de madera
elementary;elemental
concert;concierto
aggressive;agresivo
FALSE;FALSO
intention;intención
channel;canal
extreme;extremo
tube;tubo
drawing;dibujo
protein;proteína
quit;abandonar
absence;ausencia
Latin;latín
rapidly;rápidamente
jail;celda
diversity;diversidad
honest;honesto
Palestinian;palestino
pace;ritmo
employment;empleo
speaker;altavoz
impression;impresión
essay;ensayo
respondent;demandado
giant;gigante
cake;pastel
historian;historiador
negotiate;negociar
restore;restaurar
substantial;sustancial
pop;estallido
specialist;especialista
origin;origen
approval;aprobación
quietly;en silencio
advise;consejo
conventional;convencional
depth;profundidad
wealth;riqueza
disability;discapacidad
shell;caparazón
criticize;criticar
effectively;efectivamente
biological;biológico
onion;cebolla
deputy;diputado
flat;plano
brand;marca
assure;asegurar
mad;enojado
award;otorgar
criteria;criterios
dealer;distribuidor
via;a través de
utility;utilidad
precisely;precisamente
arise;surgir
armed;armado
nevertheless;a pesar de eso
highway;carretera
clinical;clínico
routine;rutina
wage;salario
normally;normalmente
phrase;frase
ingredient;ingrediente
stake;apostar
Muslim;musulmán
fiber;fibra
activist;activista
Islamic;islámico
snap;siesta
terrorism;terrorismo
refugee;refugiado
incorporate;incorporar
hip;cadera
ultimate;último
switch;cambiar
corporation;corporación
valuable;valioso
assumption;suposición
gear;engranaje
barrier;barrera
minor;menor
provision;disposición
killer;asesino
assign;asignar
gang;pandilla
developing;desarrollando
classic;clásico
chemical;químico
label;etiqueta
teen;adolescente
index;índice
vacation;vacaciones
advocate;defensor
draft;reclutar
extraordinary;extraordinario
heaven;cielo
rough;bruto
yell;gritar
pregnant;embarazada
distant;distante
drama;drama
satellite;satélite
personally;personalmente
clock;reloj
chocolate;chocolate
Italian;italiano
Canadian;canadiense
ceiling;techo
sweep;barrer
advertising;publicidad
universal;universal
spin;girar
button;botón
bell;campana
rank;rango
darkness;oscuridad
clothing;ropa
super;súper
yield;rendir
fence;valla
portrait;retrato
survival;supervivencia
roughly;apenas
lawsuit;demanda judicial
testimony;testimonio
bunch;racimo
found;fundar
burden;carga
react;reaccionar
chamber;cámara
furniture;muebles
cooperation;cooperación
string;cuerda
ceremony;ceremonia
communicate;comunicar
cheek;mejilla
lost;perdió
profile;perfil
mechanism;mecanismo
disagree;discrepar
penalty;multa
ie;es decir
resort;complejo
destruction;destrucción
unlikely;improbable
tissue;tejido
constitutional;constitucional
pant;pantalón
stranger;extraño
infection;infección
cabinet;gabinete
broken;roto
apple;manzana
electric;eléctrico
proceed;Continuar
bet;pero
literary;literario
virus;virus
stupid;tonto
dispute;disputar
fortune;fortuna
strategic;estratégico
assistant;asistente
overcome;superar
remarkable;Notable
occupy;ocupar
statistics;Estadísticas
shopping;compras
cousin;primo
encounter;encontrar
wipe;pasar un trapo
initially;inicialmente
blind;ciego
port;Puerto
electricity;electricidad
genetic;genético
adviser;asesor
spokesman;portavoz
retain;retener
latter;último
incentive;incentivo
slave;esclavo
translate;traducir
accurate;preciso
whereas;mientras
terror;terror
expansion;expansión
elite;élite
Olympic;olímpico
dirt;suciedad
odd;extraño
rice;arroz
bullet;bala
tight;apretado
Bible;Biblia
chart;cuadro
solar;solar
square;cuadrado
concentration;concentración
complicated;Complicado
gently;suavemente
champion;campeón
scenario;guión
telescope;telescopio
reflection;reflexión
revolution;revolución
strip;banda
interpret;interpretar
friendly;amigable
tournament;torneo
fiction;ficción
detect;detectar
tremendous;enorme
lifetime;toda la vida
recommendation;recomendación
senator;senador
hunting;caza
salad;ensalada
guarantee;garantizar
innocent;inocente
boundary;Perímetro
pause;pausa
remote;remoto
satisfaction;satisfacción
journal;diario
bench;mesa de trabajo
lover;amante
raw;crudo
awareness;conciencia
surprising;sorprendente
withdraw;retirar
deck;plataforma
similarly;similar
newly;recién
pole;no hay
testify;testificar
mode;modo
dialogue;diálogo
imply;implicar
naturally;naturalmente
mutual;mutual
founder;fundador
advanced;avanzado
pride;orgullo
dismiss;despedir
aircraft;aeronave
delivery;entrega
mainly;principalmente
bake;hornear
freeze;congelar
platform;plataforma
finance;Finanzas
sink;pileta
attractive;atractivo
diverse;diverso
relevant;importante
ideal;ideal
joy;alegría
regularly;regularmente
working;laboral
singer;cantante
evolve;evolucionar
shooting;tiroteo
partly;parcialmente
unknown;desconocido
offense;ofensa
counter;encimera
DNA;ADN
potentially;potencialmente
thirty;treinta
justify;justificar
protest;protesta
crash;choque
craft;artesanía
treaty;tratado
terrorist;terrorista
insight;visión
possess;poseer
politically;políticamente
tap;tocar
extensive;extenso
episode;episodio
swim;nadar
tire;neumático
fault;culpa
loose;suelto
shortly;dentro de poco
originally;originalmente
considerable;considerable
prior;previo
intellectual;intelectual
assault;agresión
relax;relax
stair;escalera
adventure;aventura
external;externo
proof;prueba
confident;confidente
headquarters;sede
sudden;repentino
dirty;sucio
violation;violación
tongue;lengua
license;licencia
shelter;refugio
rub;frotar
controversy;controversia
entrance;entrada
properly;adecuadamente
fade;desteñir
defensive;defensivo
tragedy;tragedia
net;red
characterize;caracterizar
funeral;funeral
profession;profesión
alter;alterar
constitute;constituir
establishment;establecimiento
squeeze;estrujar
imagination;imaginación
mask;mascarilla
convert;convertir
comprehensive;integral
prominent;prominente
presentation;presentación
regardless;sin importar
load;carga
stable;estable
introduction;Introducción
pretend;fingir
elderly;anciano
representation;representación
deer;ciervo
split;separar
violate;violar
partnership;camaradería
pollution;contaminación
emission;emisión
steady;firme
vital;vital
fate;destino
earnings;ganancias
oven;horno
distinction;distinción
segment;segmento
nowhere;en ningún lugar
poet;poeta
mere;más
exciting;emocionante
variation;variación
comfort;comodidad
radical;radical
adapt;adaptar
Irish;irlandesa
honey;miel
correspondent;corresponsal
pale;pálido
musician;músico
significance;significado
vessel;buque
storage;almacenamiento
flee;huir
mm-hmm;mm-hmm
leather;cuero
distribute;distribuir
evolution;evolución
ill;enfermo
tribe;tribu
shelf;estante
grandfather;abuelo
lawn;césped
buyer;comprador
dining;comida
wisdom;sabiduría
council;Consejo
vulnerable;vulnerable
instance;instancia
garlic;ajo
capability;capacidad
poetry;poesía
celebrity;celebridad
gradually;gradualmente
stability;estabilidad
fantasy;fantasía
scared;asustado
plot;gráfico
framework;estructura
gesture;gesto
depending;dependiente
ongoing;en curso
psychology;psicología
counselor;consejero
chapter;capítulo
divorce;divorcio
owe;deber
pipe;tubo
athletic;atlético
slight;leve
math;Matemáticas
shade;sombra
tail;cola
sustain;sostener
mount;montar
obligation;obligación
angle;ángulo
palm;palmera
differ;diferir de
custom;disfraz
economist;economista
fifteen;quince
soup;sopa
celebration;celebracion
efficient;eficiente
composition;composición
satisfy;satisfacer
pile;montón
briefly;brevemente
carbon;carbón
closer;cerca
consume;consumir
scheme;esquema
crack;grieta
frequency;frecuencia
tobacco;tabaco
survivor;sobreviviente
besides;además
psychologist;psicólogo
wealthy;saludable
galaxy;galaxia
given;dado
ski;esquí
limitation;limitación
trace;rastro
appointment;cita
preference;preferencia
meter;metro
explosion;explosión
publicly;en público
incredible;increíble
fighter;combatiente
rapid;rápido
admission;admisión
hunter;cazador
educate;educar
painful;doloroso
friendship;amistad
aide;ayudante
infant;niño
calculate;calcular
fifty;cincuenta
rid;librar
porch;porche
tendency;tendencia
uniform;uniforme
formation;formación
scholarship;beca
reservation;reserva
efficiency;eficiencia
qualify;calificar
mall;centro comercial
derive;derivar
scandal;escándalo
PC;ordenador personal
helpful;útil
impress;impresionar
heel;todos
resemble;parecerse
privacy;privacidad
fabric;tela
contest;concurso
proportion;proporción
guideline;guía
rifle;rifle
maintenance;mantenimiento
conviction;convicción
trick;truco
organic;orgánico
tent;tienda
examination;examen
publisher;editor
strengthen;fortalecer
proposed;propuesto
myth;mito
sophisticated;sofisticado
cow;vaca
etc;etc.
standing;de pie
asleep;dormido
tennis;tenis
nerve;nervio
barrel;barril
bombing;bombardeo
membership;afiliación
ratio;relación
menu;menú
controversial;controversial
desperate;desesperado
lifestyle;estilo de vida
humor;humor
loud;alto
glove;guante
sufficient;suficiente
narrative;narrativo
photographer;fotógrafo
helicopter;helicóptero
modest;modesto
provider;proveedor
delay;demora
agricultural;agrícola
explode;explotar
stroke;carrera
scope;alcance
punishment;castigo
handful;puñado
badly;gravemente
horizon;horizonte
curious;curioso
downtown;centro
girlfriend;Novia
prompt;inmediato
cholesterol;colesterol
absorb;absorber
adjustment;ajustamiento
taxpayer;contribuyente
eager;ansioso
principal;principal
detailed;detallado
motivation;motivación
assignment;asignación
restriction;restricción
laboratory;laboratorio
workshop;taller
differently;diferentemente
auto;auto
romantic;romántico
cotton;algodón
motor;motor
sue;demandar
flavor;sabor
overlook;pasar por alto
float;flotar
undergo;someterse
sequence;secuencia
demonstration;demostración
jet;chorro
orange;naranja
consumption;consumo
assert;afirmar
blade;espada
temporary;temporario
medication;medicamento
cabin;cabina
bite;morder
edition;edición
valley;Valle
yours;tuya
pitch;tono
pine;pino
brilliant;brillante
versus;versus
manufacturing;fabricación
absolute;absoluto
chef;cocinero
discrimination;discriminación
offensive;ofensivo
boom;auge
register;Registrarse
appoint;nombrar
heritage;herencia
God;Dios
dominant;dominante
successfully;exitosamente
shit;mierda
lemon;limón
hungry;hambriento
wander;deambular
submit;enviar
economics;ciencias económicas
naked;desnudo
anticipate;anticipar
nut;nuez
legacy;legado
extension;extensión
shrug;encogimiento de hombros
battery;batería
arrival;llegada
legitimate;legítimo
orientation;orientación
inflation;inflación
cope;afrontar
flame;fuego
cluster;grupo
wound;herida
dependent;dependiente
shower;ducha
institutional;institucional
depict;representar
operating;operando
flesh;carne
garage;garaje
operator;operador
instructor;instructor
collapse;colapsar
borrow;tomar prestado
furthermore;además
comedy;comedia
mortgage;hipoteca
sanction;sanción
civilian;civil
twelve;doce
weekly;semanalmente
habitat;hábitat
grain;grano
brush;cepillo
consciousness;conciencia
devote;dedicar
measurement;medición
province;provincia
ease;facilitar
seize;confiscar
ethics;ética
nomination;nominación
permission;permiso
wise;sabio
actress;Actriz
summit;cumbre
acid;ácido
odds;posibilidades
gifted;dotado
frustration;frustración
medium;medio
physically;físicamente
distinguish;distinguir
shore;costa
repeatedly;repetidamente
lung;pulmón
running;correr
distinct;distinto
artistic;artístico
discourse;discurso
basket;cesta
ah;ah
fighting;lucha
impressive;impresionante
competitor;competidor
ugly;feo
worried;preocupado
portray;retratar
powder;polvo
ghost;fantasma
persuade;persuadir
moderate;moderado
subsequent;subsecuente
continued;continuado
cookie;Galleta
carrier;transportador
cooking;Cocinando
frequent;frecuente
ban;prohibición
awful;horrible
admire;admirar
pet;mascota
miracle;milagro
exceed;superar
rhythm;ritmo
widespread;generalizado
killing;asesinato
lovely;hermoso
sin;pecado
charity;caridad
script;guion
tactic;táctica
identification;identificación
transformation;transformación
everyday;todos los días
headline;titular
venture;empresa
invasion;invasión
nonetheless;sin embargo
adequate;adecuado
piano;piano
grocery;tienda de comestibles
intensity;intensidad
exhibit;anexo
blanket;cobija
margin;margen
quarterback;jugador de ataque
mouse;ratón
rope;soga
concrete;concreto
prescription;prescripción
African-American;Afroamericano
chase;perseguir
brick;ladrillo
recruit;recluta
patch;parche
consensus;consenso
horror;horror
recording;grabación
changing;cambiando
painter;pintor
colonial;colonial
pie;a
sake;motivo
gaze;mirada
courage;coraje
pregnancy;el embarazo
swear;jurar
defeat;vencer
clue;clave
reinforce;reforzarse
confusion;confusión
slice;rodaja
occupation;ocupación
dear;Estimado
coal;carbón
sacred;sagrado
formula;fórmula
cognitive;cognitivo
collective;colectivo
exact;exacto
uncle;tío
captain;capitán
sigh;suspiro
attribute;atributo
dare;atrevimiento
homeless;Vagabundo
gallery;galería
soccer;fútbol
defendant;acusado
tunnel;túnel
fitness;aptitud física
lap;vuelta
grave;tumba
toe;después
container;envase
virtue;virtud
abroad;extranjero
architect;arquitecto
dramatically;dramáticamente
makeup;maquillaje
inquiry;consulta
rose;rosa
surprisingly;asombrosamente
highlight;destacar
decrease;disminuir
indication;indicación
rail;carril
anniversary;aniversario
couch;sofá
alliance;Alianza
hypothesis;hipótesis
boyfriend;novio
compose;componer
mess;desorden
legend;leyenda
regulate;regular
adolescent;adolescente
shine;brillar
norm;norma
upset;decepcionado
remark;observación
resign;renunciar
reward;premio
gentle;amable
related;relacionado
organ;Organo
lightly;ligeramente
concerning;sobre
invent;inventar
laughter;la risa
northwest;noroeste
counseling;asesoramiento
receiver;receptor
ritual;ritual
insect;insecto
interrupt;interrumpir
salmon;salmón
trading;comercio
magic;magia
superior;superior
combat;combate
stem;provenir
surgeon;cirujano
acceptable;aceptable
physics;física
rape;violación
counsel;consejo
jeans;pantalones
hunt;caza
continuous;continuo
log;Iniciar sesión
echo;eco
pill;píldora
excited;entusiasmado
sculpture;escultura
compound;compuesto
integrate;integrar
flour;harina
bitter;amargo
bare;sólo
slope;Pendiente
rent;renta
presidency;presidencia
serving;servicio
subtle;sutil
greatly;muy
bishop;obispo
drinking;Bebiendo
acceptance;aceptación
pump;bomba
candy;dulce
evil;demonio
pleased;encantado
medal;medalla
beg;mendigar
sponsor;patrocinador
ethical;ético
secondary;secundario
slam;golpe
export;exportar
experimental;experimental
melt;derretir
midnight;doce de la noche
curve;curva
integrity;integridad
entitle;dar derecho
evident;evidente
logic;lógica
essence;esencia
exclude;excluir
harsh;duro
closet;armario
suburban;suburbano
greet;saludar
interior;interior
corridor;corredor
retail;venta minorista
pitcher;lanzador
march;marcha
snake;serpiente
excuse;disculpar
weakness;debilidad
pig;cerdo
classical;clásico
estimated;estimado
T-shirt;Camiseta de manga corta
unemployment;desempleo
civilization;civilización
fold;doblar
reverse;reverso
missing;perdido
correlation;correlación
humanity;humanidad
flash;destello
developer;desarrollador
reliable;de confianza
excitement;excitación
beef;carne de res
Islam;islam
Roman;romano
architecture;arquitectura
occasional;ocasional
administrative;administrativo
elbow;codo
deadly;mortal
Hispanic;Hispano
allegation;alegación
confuse;confundir
airplane;avión
monthly;mensual
duck;pato
dose;dosis
Korean;coreano
plead;alegar
initiate;iniciado
lecture;conferencia
van;de
sixth;sexto
bay;bahía
mainstream;convencional
suburb;suburbio
sandwich;emparedado
trunk;tronco
rumor;rumor
implementation;implementación
swallow;tragar
motivate;motivar
render;prestar
longtime;largo tiempo
trap;trampa
restrict;restringir
cloth;tela
seemingly;aparentemente
legislative;legislativo
effectiveness;eficacia
enforce;hacer cumplir
lens;lente
inspector;inspector
lend;prestar
plain;sencillo
fraud;fraude
companion;compañero
contend;contender
nail;uña
array;formación
strict;estricto
assemble;armar
frankly;francamente
rat;rata
hay;bonito
hallway;Vestíbulo
cave;cueva
inevitable;inevitable
southwest;Sur oeste
monster;monstruo
unexpected;inesperado
obstacle;obstáculo
facilitate;facilitar
rip;rotura
herb;hierba
overwhelming;agobiante
integration;integración
crystal;cristal
recession;recesión
written;escrito
motive;motivo
flood;inundación
pen;lápiz
ownership;propiedad
nightmare;pesadilla
inspection;inspección
supervisor;supervisor
consult;consultar
arena;arena
diagnosis;diagnóstico
possession;posesión
forgive;perdonar
consistently;consecuentemente
basement;sótano
drift;deriva
drain;fuga
prosecution;enjuiciamiento
maximum;máximo
announcement;anuncio
warrior;guerrero
prediction;predicción
bacteria;bacterias
questionnaire;cuestionario
mud;lodo
infrastructure;infraestructura
hurry;apuro
privilege;privilegio
temple;templo
outdoor;exterior
suck;chupar
and/or;y/o
broadcast;transmisión
re;re
leap;salto
random;aleatorio
wrist;muñeca
curtain;cortina
pond;estanque
domain;dominio
guilt;culpa
cattle;ganado
walking;caminando
playoff;eliminatoria
minimum;mínimo
fiscal;fiscal
skirt;falda
dump;vertedero
hence;por eso
database;base de datos
uncomfortable;incómodo
execute;ejecutar
limb;miembro
ideology;ideología
tune;melodía
continuing;continuo
harm;dañar
railroad;ferrocarril
endure;soportar
radiation;radiación
horn;bocina
chronic;crónico
peaceful;pacífico
innovation;innovación
strain;presion
guitar;guitarra
replacement;reemplazo
behave;comportarse
administer;administrar
simultaneously;simultaneamente
dancer;bailarín
amendment;enmienda
pad;almohadilla
transmission;transmisión
await;esperar
retired;jubilado
trigger;generar
spill;derramar
grateful;agradecido
grace;gracia
virtual;virtual
colony;colonia
adoption;adopción
indigenous;indígena
closed;cerrado
convict;condenar
towel;toalla
modify;modificar
particle;partícula
prize;premio
landing;aterrizaje
boost;impulsar
bat;una
alarm;alarma
festival;festival
grip;agarre
weird;extraño
undermine;socavar
freshman;estudiante de primer año
sweat;sudor
outer;exterior
drunk;ebrio
separation;separación
traditionally;tradicionalmente
govern;regir
southeast;Sureste
intelligent;inteligente
wherever;lo que sea
ballot;votación
rhetoric;retórica
convinced;convencido
driving;conduciendo
vitamin;vitamina
enthusiasm;entusiasmo
accommodate;acomodar
praise;elogio
injure;lesionar
wilderness;desierto
endless;sin fin
mandate;mandato
respectively;respectivamente
uncertainty;incertidumbre
chaos;caos
mechanical;mecánico
canvas;lienzo
forty;cuarenta
lobby;vestíbulo
profound;profundo
format;formato
trait;rasgo
currency;divisa
turkey;Turquía
reserve;reserva
beam;haz
astronomer;astrónomo
corruption;corrupción
contractor;contratista
apologize;disculparse
doctrine;doctrina
genuine;auténtico
thumb;pulgar
unity;unidad
compromise;compromiso
horrible;horrible
behavioral;conductual
exclusive;exclusivo
scatter;dispersión
commonly;comúnmente
convey;transmitir
twist;giro
complexity;complejidad
fork;tenedor
disk;disco
relieve;relevar
suspicion;sospecha
health-care;cuidado de la salud
residence;residencia
shame;verguenza
meaningful;significativo
sidewalk;acera
Olympics;Juegos Olímpicos
technological;tecnológico
signature;firma
pleasant;agradable
wow;guau
suspend;suspender
rebel;rebelde
frozen;congelado
spouse;esposa
fluid;líquido
pension;pensión
resume;reanudar
theoretical;teórico
sodium;sodio
promotion;promoción
delicate;delicado
forehead;frente
rebuild;reconstruir
bounce;bote
electrical;eléctrico
hook;gancho
detective;detective
traveler;viajero
click;hacer clic
compensation;compensación
exit;salida
attraction;atracción
dedicate;dedicar
altogether;en total
pickup;levantar
carve;esculpir
needle;aguja
belly;vientre
scare;susto
portfolio;portafolio
shuttle;lanzadera
invisible;invisible
timing;momento
engagement;compromiso
ankle;tobillo
transaction;transacción
rescue;rescate
counterpart;contrapartida
historically;históricamente
firmly;firmemente
mild;templado
rider;jinete
doll;muñeca
noon;mediodía
amid;entre
identical;idéntico
precise;preciso
anxious;ansioso
structural;estructural
residential;Residencial
diagnose;diagnosticar
carbohydrate;carbohidrato
liberty;libertad
poster;póster
theology;teología
nonprofit;sin ánimo de lucro
crawl;gatear
oxygen;oxígeno
handsome;guapo
sum;suma
provided;previsto
businessman;empresario
promising;prometedor
conscious;consciente
determination;determinación
donor;donante
hers;suyo
pastor;pastor
jazz;jazz
opera;ópera
acquisition;adquisición
pit;fosa
hug;abrazo
wildlife;fauna silvestre
punish;castigar
equity;equidad
doorway;puerta
departure;partida
elevator;ascensor
teenage;Adolescente
guidance;guía
happiness;felicidad
statue;estatua
pursuit;buscar
repair;reparar
decent;decente
gym;gimnasia
oral;oral
clerk;empleado
envelope;sobre
reporting;reportando
destination;destino
fist;puño
endorse;endosar
exploration;exploración
generous;generoso
bath;bañera
thereby;de este modo
indicator;indicador
sunlight;luz de sol
feedback;retroalimentación
spectrum;espectro
purple;violeta
laser;láser
bold;audaz
reluctant;dudan
starting;comenzando
expertise;pericia
practically;prácticamente
eating;comiendo
hint;insinuación
sharply;bruscamente
parade;desfile
realm;reino
cancel;cancelar
blend;mezclar
therapist;terapeuta
peel;pelar
pizza;pizza
recipient;recipiente
hesitate;dudar
flip;dar la vuelta
accounting;contabilidad
bias;parcialidad
huh;¿eh?
metaphor;metáfora
candle;vela
judicial;judicial
entity;entidad
suffering;sufrimiento
full-time;tiempo completo
lamp;lámpara
garbage;basura
servant;servidor
regulatory;regulador
diplomatic;diplomático
elegant;elegante
reception;recepción
vanish;desaparecer
automatically;automáticamente
chin;barbilla
necessity;necesidad
confess;confesar
racism;racismo
starter;inicio
banking;bancario
casual;casual
gravity;gravedad
enroll;inscribirse
diminish;disminuir
prevention;prevención
minimize;minimizar
chop;cortar
performer;ejecutante
intent;intención
isolate;aislar
inventory;inventario
productive;productivo
assembly;asamblea
civic;cívico
silk;seda
magnitude;magnitud
steep;empinado
hostage;rehén
collector;coleccionista
popularity;popularidad
alien;extraterrestre
dynamic;dinámica
scary;aterrador
equation;ecuación
angel;ángel
offering;ofrecimiento
rage;rabia
photography;fotografía
toilet;inodoro
disappointed;decepcionado
precious;precioso
prohibit;prohibir
realistic;realista
hidden;oculto
tender;tierno
gathering;reunión
outstanding;sobresaliente
stumble;tropezón
lonely;solitaria
automobile;automóvil
artificial;artificial
dawn;amanecer
abstract;resumen
descend;descender
silly;tonto
tide;marea
shared;compartido
hopefully;Ojalá
readily;fácilmente
cooperate;cooperar
revolutionary;revolucionario
romance;romance
hardware;hardware
pillow;almohada
kit;equipo
continent;continente
seal;sello
circuit;circuito
ruling;decisión
shortage;escasez
annually;anualmente
lately;últimamente
scan;escanear
fool;engañar
deadline;plazo
rear;trasero
processing;Procesando
ranch;rancho
coastal;costero
undertake;emprender
softly;suavemente
burning;incendio
verbal;verbal
tribal;tribal
ridiculous;ridículo
automatic;automático
diamond;diamante
credibility;credibilidad
import;importar
sexually;sexualmente
divine;divino
sentiment;sentimiento
cart;carro
oversee;supervisar
o'clock;en punto
elder;mayor
pro;Pro
inspiration;inspiración
Dutch;Holandés
quantity;cantidad
trailer;remolque
mate;muerte
Greek;Griego
genius;genio
monument;Monumento
bid;licitación
quest;búsqueda
sacrifice;sacrificio
invitation;invitación
accuracy;precisión
juror;jurado
officially;oficialmente
broker;corredor
treasure;tesoro
loyalty;lealtad
talented;talentoso
gasoline;gasolina
stiff;tieso
output;producción
nominee;candidato
extended;extendido
diabetes;diabetes
slap;bofetada
toxic;tóxico
alleged;presunto
jaw;mandíbula
grief;dolor
mysterious;misterioso
rocket;cohete
donate;donar
inmate;preso
tackle;abordar
dynamics;dinámica
bow;arco
ours;nuestro
dignity;dignidad
carpet;alfombra
parental;de los padres
bubble;burbuja
buddy;amigo
barn;granero
sword;espada
seventh;séptimo
glory;gloria
tightly;estrechamente
protective;protector
tuck;pliegue
drum;tambor
faint;tenue
queen;reina
dilemma;dilema
input;aporte
specialize;especializarse
northeast;Noreste
shallow;poco profundo
liability;responsabilidad
sail;navegar
merchant;comerciante
stadium;estadio
improved;mejorado
bloody;sangriento
associated;asociado
withdrawal;retiro
refrigerator;refrigerador
nest;nido
thoroughly;minuciosamente
lane;carril
ancestor;antepasado
condemn;condenar
steam;vapor
accent;acento
optimistic;optimista
unite;unir
cage;jaula
equip;equipar
shrimp;camarón
homeland;patria
rack;estante
costume;disfraz
wolf;lobo
courtroom;sala de justicia
statute;estatuto
cartoon;dibujos animados
productivity;productividad
grin;sonrisa
symbolic;simbólico
bug;insecto
bless;bendecir
aunt;tía
agriculture;agricultura
hostile;hostil
conceive;concebir
combined;conjunto
instantly;instantáneamente
bankruptcy;bancarrota
vaccine;vacuna
bonus;prima
collaboration;colaboración
mixed;mezclado
opposed;opuesto
orbit;orbita
grasp;sujetar
patience;paciencia
spite;despecho
tropical;tropical
voting;votación
patrol;patrulla
willingness;voluntad
revelation;revelación
calm;calma
jewelry;joyas
Cuban;cubano
haul;transportar
concede;conceder
wagon;vagón
afterward;después
spectacular;espectacular
ruin;ruina
sheer;escarpado
immune;inmune
reliability;fiabilidad
ass;es
alongside;junto a
bush;arbusto
exotic;exótico
fascinating;fascinante
clip;acortar
thigh;muslo
bull;toro
drawer;cajón
sheep;oveja
discourage;desalentar
coordinator;coordinador
ideological;ideológico
runner;corredor
secular;secular
intimate;íntimo
empire;imperio
cab;taxi
exam;examen
documentary;documental
neutral;neutral
biology;biología
flexible;flexible
progressive;progresivo
web;web
conspiracy;conspiración
casualty;víctima
republic;república
execution;ejecución
terrific;fantástico
whale;ballena
functional;funcional
instinct;instinto
teammate;compañero de equipo
aluminum;aluminio
whoever;quien
ministry;ministerio
verdict;veredicto
instruct;instruir
skull;cráneo
self-esteem;autoestima
cooperative;cooperativa
manipulate;manipular
bee;abeja
practitioner;facultativo
loop;círculo
edit;editar
whip;látigo
puzzle;rompecabezas
mushroom;hongo
subsidy;subvención
boil;hervir
tragic;trágico
mathematics;matemáticas
mechanic;mecánico
jar;frasco
earthquake;terremoto
pork;Cerdo
creativity;creatividad
safely;sin peligro
underlying;subyacente
dessert;postre
sympathy;compasión
fisherman;pescador
incredibly;increíblemente
isolation;aislamiento
sock;calcetín
eleven;once
sexy;sexy
entrepreneur;emprendedor
syndrome;síndrome
bureau;oficina
workplace;lugar de trabajo
ambition;ambición
touchdown;aterrizaje
utilize;utilizar
breeze;brisa
costly;costoso
ambitious;ambicioso
Christianity;cristiandad
presumably;presumiblemente
influential;influyente
translation;traducción
uncertain;incierto
dissolve;disolver
statistical;estadístico
gut;intestino
metropolitan;metropolitano
rolling;laminación
aesthetic;estético
spell;deletrear
insert;insertar
booth;puesto
helmet;casco
waist;cintura
expected;esperado
lion;león
accomplishment;logro
royal;real
panic;pánico
crush;Persona especial
actively;activamente
cliff;acantilado
minimal;mínimo
cord;cable
fortunately;por suerte
cocaine;cocaína
illusion;espejismo
anonymous;anónimo
tolerate;tolerar
appreciation;apreciación
commissioner;notario
flexibility;flexibilidad
instructional;instructivo
scramble;lucha
casino;casino
tumor;tumor
decorate;Decorar
pulse;legumbres
equivalent;equivalente
fixed;fijado
experienced;experimentado
donation;donación
diary;diario
sibling;hermano
irony;ironía
spoon;cuchara
midst;medio
alley;callejón
interact;obrar recíprocamente
soap;jabón
cute;lindo
rival;rival
short-term;término corto
punch;puñetazo
pin;alfiler
hockey;hockey
passing;paso
persist;persistir
supplier;proveedor
known;conocido
momentum;impulso
purse;cartera
shed;cobertizo
liquid;líquido
icon;icono
elephant;elefante
consequently;como consecuencia
legislature;legislatura
franchise;franquicia
correctly;correctamente
mentally;mentalmente
foster;alentar
bicycle;bicicleta
encouraging;alentador
cheat;hacer trampa
heal;sanar
fever;fiebre
filter;filtrar
rabbit;Conejo
coin;moneda
exploit;explotar
accessible;accesible
organism;organismo
sensation;sensación
partially;parcialmente
upstairs;piso superior
dried;seco
conservation;conservación
shove;empujón
backyard;patio interior
charter;carta
stove;estufa
consent;consentir
comprise;comprender
reminder;recordatorio
alike;similar
placement;colocación
dough;masa
grandchild;nieto
dam;presa
reportedly;según se informa
well-known;bien conocido
surrounding;rodeando
ecological;ecológico
outfit;vestimenta
unprecedented;sin precedentes
columnist;columnista
workout;ejercicio
preliminary;preliminar
patent;patentar
shy;tímido
trash;basura
disabled;desactivado
gross;bruto
damn;maldita sea
hormone;hormona
texture;textura
pencil;lápiz
frontier;frontera
spray;rociar
disclose;revelar
custody;custodia
banker;banquero
beast;bestia
interfere;interferir
oak;roble
eighth;octavo
notebook;computadora portátil
outline;contorno
attendance;asistencia
speculation;especulación
uncover;descubrir
behalf;beneficio
innovative;innovador
shark;tiburón
mill;molino
installation;instalación
stimulate;estimular
tag;etiqueta
vertical;vertical
swimming;natación
fleet;flota
catalog;catalogar
outsider;forastero
desperately;desesperadamente
stance;postura
compel;obligar
sensitivity;sensibilidad
someday;algún día
instant;instante
debut;debut
proclaim;proclamar
worldwide;en todo el mundo
hike;caminata
required;requerido
confrontation;confrontación
colorful;vistoso
constitution;constitución
trainer;entrenador
Thanksgiving;Acción de gracias
scent;aroma
stack;pila
eyebrow;ceja
sack;bolsa
cease;cesar
inherit;tu heredas
tray;bandeja
pioneer;pionero
organizational;organizativo
textbook;libro de texto
uh;oh
nasty;asqueroso
shrink;encogerse
emerging;emergente
dot;punto
wheat;trigo
fierce;intenso
envision;Visualizar
rational;racional
kingdom;Reino
aisle;pasillo
weaken;debilitar
protocol;protocolo
exclusively;exclusivamente
vocal;vocal
marketplace;mercado
openly;abiertamente
unfair;injusto
terrain;terreno
deploy;desplegar
risky;arriesgado
pasta;pasta
genre;género
distract;distraer
merit;mérito
planner;planificador
depressed;deprimido
chunk;pedazo
closest;más cercano
discount;descuento
ladder;escalera
jungle;selva
migration;migración
breathing;respiración
invade;invadir
hurricane;huracán
retailer;detallista
classify;clasificar
coup;golpe
ambassador;embajador
density;densidad
supportive;apoyo
curiosity;curiosidad
skip;saltar
aggression;agresión
stimulus;estímulo
journalism;periodismo
robot;robot
dip;aderezo
likewise;igualmente
informal;informal
Persian;persa
feather;pluma
sphere;esfera
tighten;apretar
boast;presumir
pat;lo mismo
perceived;percibido
sole;único
publicity;publicidad
unfold;desplegar
well-being;bienestar
validity;validez
ecosystem;ecosistema
strictly;estrictamente
partial;parcial
collar;cuello
weed;hierba
compliance;cumplimiento
streak;trazo
supposedly;según cabe suponer
added;adicional
builder;constructor
glimpse;vistazo
premise;premisa
specialty;especialidad
deem;considerar
artifact;artefacto
sneak;furtivo
monkey;mono
mentor;mentor
two-thirds;dos tercios
listener;oyente
lightning;relámpago
legally;legalmente
sleeve;manga
disappointment;decepción
disturb;alterar
rib;costilla
excessive;excesivo
high-tech;alta tecnología
debris;escombros
rod;varilla
logical;lógico
ash;ceniza
socially;socialmente
parish;parroquia
slavery;esclavitud
blank;vacío
commodity;producto
cure;curar
mineral;mineral
hunger;hambre
dying;muriendo
developmental;de desarrollo
faster;más rápido
spare;repuesto
halfway;Medio camino
equality;igualdad
cemetery;cementerio
harassment;acoso
deliberately;deliberadamente
fame;fama
regret;lamentar
striking;sorprendentes
likelihood;probabilidad
carrot;zanahoria
atop;encima
toll;peaje
rim;borde
embarrassed;avergonzado
fucking;maldito
cling;adherirse
isolated;aislado
blink;parpadear
suspicious;sospechoso
wheelchair;silla de ruedas
squad;equipo
eligible;elegible
processor;procesador
plunge;inmersión
demographic;demográfico
chill;enfriar
refuge;refugio
steer;dirigir
legislator;legislador
rally;reunión
programming;programación
cheer;alegría
outlet;toma de corriente
intact;intacto
vendor;vendedor
thrive;prosperar
peanut;maní
chew;masticar
elaborate;elaborar
conception;concepción
auction;subasta
steak;filete
comply;cumplir
triumph;triunfo
shareholder;accionista
comparable;comparable
transport;transporte
conscience;conciencia
calculation;cálculo
considerably;importantemente
interval;intervalo
scratch;rascar
awake;despierto
jurisdiction;jurisdicción
inevitably;inevitablemente
feminist;feminista
constraint;restricción
emotionally;emocionalmente
expedition;expedición
allegedly;presuntamente
similarity;semejanza
butt;extremo
lid;tapa
dumb;mudo
bulk;a granel
sprinkle;espolvorear
mortality;mortalidad
philosophical;filosófico
conversion;conversión
patron;patrón
municipal;municipal
liver;hígado
harmony;armonía
solely;solamente
tolerance;tolerancia
goat;cabra
blessing;bendición
banana;plátano
palace;palacio
formerly;antes
peasant;campesino
neat;ordenado
grandparent;abuelo
lawmaker;él que hace leyes
supermarket;supermercado
cruise;crucero
mobile;móvil
calendar;calendario
widow;viuda
deposit;depósito
beard;barba
brake;freno
screening;poner en pantalla
impulse;impulso
forbid;prohibir
fur;pelaje
brutal;brutal
predator;depredador
poke;dar un toque
opt;optar
voluntary;voluntario
valid;válido
forum;foro
dancing;bailando
happily;felizmente
soar;remontarse
removal;eliminación
autonomy;autonomía
enact;promulgar
thread;hilo
landmark;punto de referencia
unhappy;infeliz
offender;delincuente
coming;viniendo
privately;en privado
fraction;fracción
distinctive;distintivo
tourism;turismo
threshold;límite
routinely;rutinariamente
suite;suite
regulator;regulador
straw;Paja
theological;teológico
exhaust;escape
globe;globo
fragile;frágil
objection;objeción
chemistry;química
old-fashioned;Anticuado
crowded;atestado
blast;explosión
prevail;prevalecer
overnight;durante la noche
denial;negación
rental;alquiler
fantastic;fantástico
fragment;fragmento
screw;tornillo
warmth;calor
undergraduate;de licenciatura
headache;dolor de cabeza
policeman;policía
projection;proyección
suitable;apropiado
graduation;graduación
drill;taladro
cruel;cruel
mansion;mansión
grape;uva
authorize;autorizar
cottage;cabaña
driveway;entrada de coches
charm;encanto
sexuality;sexualidad
loyal;leal
clay;arcilla
balloon;globo
invention;invención
ego;ego
fare;Hacer
homework;tareas para el hogar
disc;desct
sofa;sofá
availability;disponibilidad
radar;Radar
frown;fruncir el ceño
regain;recuperar
sweater;suéter
rehabilitation;rehabilitación
rubber;goma
retreat;retirada
molecule;molécula
freely;libremente
favorable;favorable
steadily;continuamente
integrated;integrado
ha;ha
youngster;joven
premium;de primera calidad
accountability;responsabilidad
overwhelm;abrumar
one-third;un tercio
contemplate;contemplar
update;actualizar
spark;Chispa - chispear
ironically;irónicamente
fatigue;fatiga
speculate;especular
marker;marcador
preach;predicar
bucket;balde
blond;rubio
confession;confesión
provoke;provocar
marble;mármol
substantially;sustancialmente
defender;defensor
explicit;explícito
disturbing;perturbador
surveillance;vigilancia
magnetic;magnético
technician;técnico
mutter;madre
devastating;devastador
depart;salir
arrow;flecha
trauma;trauma
neighboring;vecino
soak;Sumergir
ribbon;cinta
meantime;mientras tanto
transmit;transmitir
harvest;cosecha
consecutive;consecutivo
coordinate;coordinar
spy;espiar
slot;ranura
riot;disturbio
nutrient;nutritivo
citizenship;ciudadanía
severely;severamente
sovereignty;soberanía
ridge;cresta
brave;Bravo
lighting;Encendiendo
specify;especificar
contributor;contribuyente
frustrate;frustrar
articulate;articular
importantly;en tono rimbombante
transit;tránsito
dense;denso
seminar;seminario
electronics;electrónica
sunny;soleado
shorts;pantalones cortos
swell;hinchar
accusation;acusación
soften;ablandar
straighten;enderezar
terribly;terriblemente
cue;señal
bride;novia
biography;biografía
hazard;peligro
compelling;convincente
seldom;raramente
tile;teja
economically;económicamente
honestly;honestamente
troubled;preocupado
twentieth;vigésimo
balanced;equilibrado
foreigner;extranjero
convenience;conveniencia
delight;deleitar
weave;tejido
timber;madera
till;a
accurately;precisamente
plea;petición
bulb;bulbo
flying;volador
sustainable;sostenible
devil;demonio
bolt;tornillo
cargo;carga
spine;columna vertebral
seller;vendedor
skilled;experto
managing;gerente
marine;marina
dock;muelle
organized;organizado
fog;niebla
diplomat;diplomático
boring;aburrido
sometime;algún tiempo
summary;resumen
missionary;misionero
epidemic;epidemia
fatal;fatal
trim;recortar
warehouse;depósito
accelerate;acelerar
butterfly;mariposa
bronze;bronce
drown;ahogar
inherent;inherente
nationwide;a escala nacional
spit;escupir
kneel;arrodillarse
vacuum;Aspirar
selected;seleccionado
dictate;dictar
