the;
and;तथा
have;पास होना
that;वह
for;के लिये
you;तुम
with;साथ
say;कहो
this;यह
they;वे
but;लेकिन
his;उसके
from;से
not;नहीं
she;वह
as;जैसा
what;क्या
their;उनका
can;कर सकते हैं
who;कौन
get;प्राप्त
would;चाहेंगे
her;उसकी
all;सब
make;बनाना
about;के बारे में
know;जानना
will;मर्जी
one;एक
time;समय
there;वहां
year;साल
think;सोच
when;जब
which;कौन सा
them;उन्हें
some;कुछ
people;लोग
take;लेना
out;बाहर
into;में
just;अभी-अभी
see;देखना
him;उसे
your;आपका
come;आइए
could;सकता है
now;अभी व
than;बजाय
like;पसंद करना
other;अन्य
how;कैसे
then;फिर
its;इसका
our;हमारी
two;दो
more;अधिक
these;इन
want;चाहते हैं
way;मार्ग
look;देखना
first;पहला
also;भी
new;नया
because;इसलिये
day;दिन
use;उपयोग
man;आदमी
find;पाना
here;यहां
thing;चीज़
give;देना
many;बहुत सा
well;कुंआ
only;केवल
those;वे
tell;बताना
very;बहुत
even;यहाँ तक की
back;पीछे
any;कोई
good;अच्छा
woman;महिला
through;के माध्यम से
life;जिंदगी
child;बच्चा
work;काम
down;नीचे
may;मई
after;बाद में
should;चाहिए
call;बुलाना
world;दुनिया
over;ऊपर
school;स्कूल
still;फिर भी
try;प्रयत्न
last;अंतिम
ask;पूछना
need;जरुरत
too;बहुत
feel;अनुभव करना
three;तीन
state;राज्य
never;कभी नहीँ
become;बनना
between;के बीच
high;उच्च
really;वास्तव में
something;कुछ
most;अधिकांश
another;दूसरा
much;अधिकता
family;परिवार
own;अपना
leave;छुट्टी
put;रखना
old;पुराना
while;जबकि
mean;अर्थ
keep;रखना
student;छात्र
why;क्यों
let;होने देना
great;महान
same;वही
big;बड़ा
group;समूह
begin;शुरू करना
seem;प्रतीत होना
country;देश
help;मदद करना
talk;बात करना
where;कहाँ पे
turn;मोड़
problem;संकट
every;हर एक
start;प्रारंभ
hand;हाथ
might;ताकत
American;अमेरिकन
show;प्रदर्शन
part;अंश
against;के खिलाफ
place;स्थान
such;ऐसा
again;फिर से
few;कुछ
case;मामला
week;सप्ताह
company;कंपनी
system;व्यवस्था
each;प्रत्येक
right;सही
program;कार्यक्रम
hear;सुनो
question;प्रश्न
during;दौरान
play;प्ले Play
government;सरकार
run;दौड़ना
small;छोटा
number;संख्या
off;बंद
always;हमेशा
move;कदम
night;रात
live;लाइव
Mr;श्री
point;बिंदु
believe;मानना
hold;पकड़
today;आज
bring;लाओ
happen;होना
next;अगला
without;बिना
before;इससे पहले
large;विशाल
million;दस लाख
must;ज़रूरी
home;घर
under;नीचे
water;पानी
room;कमरा
write;लिखना
mother;मां
area;क्षेत्र
national;राष्ट्रीय
money;पैसे
story;कहानी
young;युवा
fact;तथ्य
month;महीना
different;विभिन्न
lot;बहुत
study;अध्ययन
book;किताब
eye;आँख
job;काम
word;शब्द
though;यद्यपि
business;व्यापार
issue;मुद्दा
side;पक्ष
kind;मेहरबान
four;चार
head;सिर
far;दूर
black;काला
long;लंबा
both;दोनों
little;थोड़ा
house;मकान
yes;हां
since;जबसे
provide;प्रदान करना
service;सर्विस
around;चारों ओर
friend;दोस्त
important;महत्वपूर्ण
father;पिता
sit;बैठिये
away;दूर
until;तक
power;शक्ति
hour;घंटा
game;खेल
often;अक्सर
yet;अभी तक
line;रेखा
political;राजनीतिक
end;समाप्त
among;के बीच
ever;कभी
stand;स्टैंड
bad;बुरा
lose;खोना
however;हालांकि
member;सदस्य
pay;भुगतान करना
law;कानून
meet;मिलना
car;गाड़ी
city;शहर
almost;लगभग
include;शामिल
continue;जारी रखें
set;समूह
later;बाद में
community;समुदाय
name;नाम
five;पांच
once;एक बार
white;सफेद
least;कम से कम
president;राष्ट्रपति
learn;सीखना
real;वास्तविक
change;परिवर्तन
team;टीम
minute;मिनट
best;श्रेष्ठ
several;कई
idea;विचार
kid;बच्चा
body;तन
information;जानकारी
nothing;कुछ नहीं
ago;पहले
lead;प्रमुख
social;सामाजिक
understand;समझना
whether;या
watch;घड़ी
together;साथ में
follow;पालन करना
parent;माता-पिता
stop;विराम
face;चेहरा
anything;कुछ भी
create;सृजन करना
public;जनता
already;पहले से ही
speak;बोलना
others;अन्य
read;पढ़ना
level;स्तर
allow;अनुमति
add;जोड़ें
office;कार्यालय
spend;खर्च करते हैं
door;द्वार
health;स्वास्थ्य
person;व्यक्ति
art;कला
sure;ज़रूर
war;युद्ध
history;इतिहास
party;समारोह
within;अंदर
grow;बढ़ना
result;नतीजा
open;खोलना
morning;प्रभात
walk;टहल लो
reason;कारण
low;कम
win;जीत
research;अनुसंधान
girl;लड़की
guy;लोग
early;जल्दी
food;भोजन
moment;पल
himself;वह स्वयं
air;वायु
teacher;शिक्षक
force;ताकत
offer;प्रस्ताव
enough;पर्याप्त
education;शिक्षा
across;आर-पार
although;यद्यपि
remember;याद करना
foot;पैर
second;दूसरा
boy;लड़का
maybe;शायद
toward;की ओर
able;काबिल
age;आयु
policy;नीति
everything;हर चीज़
love;प्यार
process;प्रक्रिया
music;संगीत
including;समेत
consider;विचार करना
appear;के जैसा लगना
actually;वास्तव में
buy;खरीदना
probably;संभवत
human;मानव
wait;रुको
serve;सेवा कर
market;मंडी
die;
send;भेजना
expect;अपेक्षा करना
sense;विवेक
build;बनाना
stay;रहना
fall;गिरना
oh;ओह
nation;राष्ट्र
plan;योजना
cut;कट गया
college;कॉलेज
interest;रुचि
death;मौत
course;पाठ्यक्रम
someone;कोई तो
experience;अनुभव
behind;पीछे
reach;पहुंच
local;स्थानीय
kill;मारना
six;छह
remain;अवशेष
effect;प्रभाव
yeah;हां
suggest;सुझाव देना
class;कक्षा
control;नियंत्रण
raise;उठाना
care;ध्यान
perhaps;शायद
late;स्वर्गीय
hard;कठिन
field;खेत
else;वरना
pass;रास्ता
former;भूतपूर्व
sell;बेचना
major;मेजर
sometimes;कभी-कभी
require;ज़रूरत होना
along;साथ-साथ
development;विकास
themselves;खुद
report;रिपोर्ट good
role;भूमिका
better;बेहतर
economic;आर्थिक
effort;कोशिश
decide;तय करना
rate;भाव
strong;बलवान
possible;संभव के
heart;हृदय
drug;दवा
leader;नेता
light;रोशनी
voice;आवाज़
wife;बीवी
whole;पूरे
police;पुलिस
mind;मन
finally;आखिरकार
pull;खींचना
return;वापसी
free;नि: शुल्क
military;सैन्य
price;कीमत
less;कम
according;अनुसार
decision;फेसला
explain;समझाना
son;बेटा
hope;आशा
develop;विकास करना
view;दृश्य
relationship;रिश्ता
carry;ले जाना
town;नगर
road;सड़क
drive;चलाना
arm;बाजू
TRUE;सच
federal;संघीय
break;टूटना
difference;अंतर
thank;धन्यवाद देना
receive;प्राप्त करना
value;मूल्य
international;अंतरराष्ट्रीय
building;इमारत
action;गतिविधि
full;भरा हुआ
model;नमूना
join;जोड़ना
season;मौसम
society;समाज
tax;कर
director;निर्देशक
position;स्थान
player;खिलाड़ी
agree;सहमत होना
especially;विशेषकर
record;अभिलेख
pick;चुनना
wear;घिसाव
paper;कागज़
special;विशेष
space;अंतरिक्ष
ground;मैदान
form;प्रपत्र
support;सहयोग
event;प्रतिस्पर्धा
official;अधिकारी
whose;किसका
matter;मामला
everyone;हर कोई
center;केंद्र
couple;जोड़ा
site;साइट
project;परियोजना
hit;मारो
base;आधार
activity;गतिविधि
star;सितारा
table;मेज़
court;कोर्ट
produce;उत्पाद
eat;खाना खा लो
teach;सिखाना
oil;तेल
half;आधा
situation;परिस्थिति
easy;आसान
cost;लागत
industry;उद्योग
figure;आकृति
street;सड़क
image;छवि
itself;अपने आप
phone;फ़ोन
either;या
data;जानकारी
cover;ढकना
quite;पूर्णतया
picture;चित्र
clear;स्पष्ट
practice;अभ्यास
piece;टुकड़ा
land;भूमि
recent;हाल ही का
describe;वर्णन करना
product;उत्पाद
doctor;चिकित्सक
wall;दीवार
patient;रोगी
worker;मज़दूर
news;समाचार
test;परीक्षण
movie;चलचित्र
certain;निश्चित
north;उत्तर
personal;व्यक्तिगत
simply;केवल
third;तीसरा
technology;तकनीकी
catch;पकड़
step;कदम
baby;शिशु
computer;संगणक
type;प्रकार
attention;ध्यान
draw;चित्र बनाना
film;पतली परत
Republican;रिपब्लिकन
tree;पेड़
source;स्रोत
red;लाल
nearly;लगभग
organization;संगठन
choose;चुनें
cause;कारण
hair;केश
century;सदी
evidence;प्रमाण
window;खिड़की
difficult;कठिन
listen;सुनना
soon;जल्द ही
culture;संस्कृति
billion;एक अरब
chance;मोका
brother;भाई
energy;ऊर्जा
period;अवधि
summer;गर्मी
realize;समझना
hundred;सौ
available;उपलब्ध
plant;पौधा
likely;संभावित
opportunity;अवसर
term;शर्त
short;कम
letter;पत्र
condition;स्थि‍ति
choice;पसंद
single;एक
rule;नियम
daughter;बेटी
administration;प्रशासन
south;दक्षिण
husband;पति
Congress;कांग्रेस
floor;मंज़िल
campaign;अभियान
material;सामग्री
population;आबादी
economy;अर्थव्यवस्था
medical;चिकित्सा
hospital;अस्पताल
church;गिरजाघर
close;बंद करना
thousand;हज़ार
risk;जोखिम
current;वर्तमान
fire;आग
future;भविष्य
wrong;गलत
involve;शामिल होना
defense;रक्षा
anyone;किसी को
increase;बढ़ोतरी
security;सुरक्षा
bank;बैंक
myself;खुद
certainly;निश्चित रूप से
west;पश्चिम
sport;खेल
board;मंडल
seek;मांगना
per;प्रति
subject;विषय
officer;अफ़सर
private;निजी
rest;विश्राम
behavior;व्‍यवहार
deal;सौदा
performance;प्रदर्शन
fight;लड़ाई
throw;फेंकना
top;ऊपर
quickly;तुरंत
past;अतीत
goal;लक्ष्य
bed;बिस्तर
order;गण
author;लेखक
fill;भरना
represent;प्रतिनिधित्व करना
focus;केंद्र
foreign;विदेशी
drop;बूंद
blood;रक्त
upon;ऊपर
agency;एजेंसी
push;धकेलना
nature;प्रकृति
color;रंग
recently;हाल ही में
store;दुकान
reduce;कम करना
sound;ध्वनि
note;टिप्पणी
fine;ठीक
near;पास
movement;गति
page;पृष्ठ
enter;प्रवेश करना
share;शेयर करना
common;सामान्य
poor;गरीब
natural;प्राकृतिक
race;जाति
concern;चिंता
series;श्रृंखला
significant;महत्वपूर्ण
similar;एक जैसा
hot;गरम
language;भाषा: हिन्दी
usually;आमतौर पर
response;जवाब
dead;मृत
rise;वृद्धि
animal;जानवर
factor;कारक
decade;दशक
article;लेख
shoot;गोली मार
east;पूर्व
save;सहेजें
seven;सात
artist;कलाकार
scene;दृश्य
stock;भण्डार
career;करियर
despite;इसके बावजूद
central;केंद्रीय
eight;आठ
thus;इस प्रकार
treatment;इलाज
beyond;आगे
happy;प्रसन्न
exactly;बिल्कुल
protect;रक्षा करना
approach;दृष्टिकोण
lie;लेट जाना
size;आकार
dog;कुत्ता
fund;निधि
serious;गंभीर
occur;घटित होना
media;मीडिया
ready;तैयार
sign;संकेत
thought;सोच
list;सूची
individual;व्यक्तिगत
simple;सरल
quality;गुणवत्ता
pressure;दबाव
accept;मानना
answer;उत्तर
resource;संसाधन
identify;पहचानना
left;बाएं
meeting;बैठक
determine;ठानना
prepare;तैयार
disease;बीमारी
whatever;जो भी हो
success;सफलता
argue;बहस करना
cup;कप
particularly;विशेषतया
amount;रकम
ability;योग्यता
staff;कर्मचारी
recognize;पहचानना
indicate;संकेत देना
character;चरित्र
growth;वृद्धि
loss;हानि
degree;डिग्री
wonder;आश्चर्य
attack;हमला
herself;स्वयं
region;क्षेत्र
television;टेलीविजन
box;डिब्बा
TV;टीवी
training;प्रशिक्षण
pretty;सुंदर
trade;व्यापार
election;चुनाव
everybody;हर कोई
physical;शारीरिक
lay;धूल में मिलना
general;सामान्य
feeling;भावना
standard;मानक
bill;बिल
message;संदेश
fail;विफल
outside;बाहर
arrive;पहुँचना
analysis;विश्लेषण
benefit;फायदा
sex;लिंग
forward;आगे
lawyer;वकील
present;वर्तमान
section;खंड
environmental;पर्यावरण
glass;कांच
skill;कौशल
sister;बहन
PM;बजे
professor;प्रोफ़ेसर
operation;संचालन
financial;वित्तीय
crime;अपराध
stage;मंच
ok;ठीक है
compare;तुलना करना
authority;प्राधिकरण
miss;कुमारी
design;डिजाईन
sort;क्रम से लगाना
act;कार्यवाही करना
ten;दस
knowledge;ज्ञान
gun;बंदूक
station;स्टेशन
blue;नीला
strategy;रणनीति
clearly;स्पष्ट रूप से
discuss;चर्चा करें
indeed;वास्तव में
truth;सत्य
song;गाना
example;उदाहरण
democratic;लोकतांत्रिक
check;जांच
environment;वातावरण
leg;टांग
dark;अँधेरा
various;विभिन्न
rather;बल्कि
laugh;हंसना
guess;अनुमान लगाना
executive;कार्यपालक
prove;सिद्ध करना
hang;टांगना
entire;संपूर्ण
rock;चट्टान
forget;भूल जाओ
claim;दावा
remove;हटाना
manager;प्रबंधक
enjoy;का आनंद लें
network;नेटवर्क
legal;कानूनी
religious;धार्मिक
cold;ठंडा
final;अंतिम
main;मुख्य
science;विज्ञान
green;हरा
memory;स्मृति
card;कार्ड
above;के ऊपर
seat;सीट
cell;कक्ष
establish;स्थापित करना
nice;अच्छा
trial;परीक्षण
expert;विशेषज्ञ
spring;वसंत
firm;दृढ़
Democrat;प्रजातंत्रवादी
radio;रेडियो
visit;मुलाकात
management;प्रबंधन
avoid;बचना
imagine;कल्पना करना
tonight;आज रात
huge;विशाल
ball;गेंद
finish;समाप्त
yourself;स्वयं
theory;लिखित
impact;प्रभाव
respond;जवाब देना
statement;बयान
maintain;बनाए रखना
charge;शुल्क
popular;लोकप्रिय
traditional;परंपरागत
onto;पर
reveal;प्रकट करना
direction;दिशा
weapon;हथियार
employee;कर्मचारी
cultural;सांस्कृतिक
contain;शामिल होना
peace;शांति
pain;दर्द
apply;लागू
measure;मापना
wide;चौड़ा
shake;हिलाना
fly;उड़ना
interview;साक्षात्कार
manage;प्रबंधित करना
chair;कुर्सी
fish;मछली
particular;विशिष्ट
camera;कैमरा
structure;संरचना
politics;राजनीति
perform;अभिनय करना
bit;काटा
weight;वजन
suddenly;अचानक से
discover;खोज करना
candidate;उम्मीदवार
production;उत्पादन
treat;व्यवहार करना
trip;यात्रा
evening;शाम
affect;प्रभावित करना
inside;अंदर
conference;सम्मेलन
unit;इकाई
style;शैली
adult;वयस्क
worry;चिंता
range;सीमा
mention;उल्लेख
deep;गहरा
edge;किनारा
specific;विशिष्ट
writer;लेखक
trouble;मुसीबत
necessary;ज़रूरी
throughout;हर जगह
challenge;चुनौती
fear;डर
shoulder;कंधा
institution;संस्थान
middle;मध्यम
sea;समुद्र
dream;सपना
bar;छड़
beautiful;सुंदर
property;संपत्ति
instead;बजाय
improve;सुधारें
stuff;सामग्री
detail;विवरण
method;तरीका
somebody;कोई
magazine;पत्रिका
hotel;होटल
soldier;फोजी
reflect;प्रतिबिंबित होना
heavy;अधिक वज़नदार
sexual;यौन
bag;थैला
heat;गर्मी
marriage;विवाह
tough;कठोर
sing;गाओ
surface;सतह
purpose;उद्देश्य
exist;मौजूद
pattern;नमूना
whom;किसको
skin;त्वचा
agent;प्रतिनिधि
owner;मालिक
machine;मशीन
gas;गैस
ahead;आगे
generation;पीढ़ी
commercial;व्यावसायिक
address;पता
cancer;कैंसर
item;वस्तु
reality;यथार्थ बात
coach;प्रशिक्षक
Mrs;श्रीमती
yard;यार्ड
beat;हराना
violence;हिंसा
total;कुल
tend;प्रवृत्त होना
investment;निवेश
discussion;बहस
finger;उँगलिया
garden;बगीचा
notice;सूचना
collection;संग्रह
modern;आधुनिक
task;काम
partner;साथी
positive;सकारात्मक
civil;नागरिक
kitchen;रसोईघर
consumer;उपभोक्ता
shot;गोली मारना
budget;बजट
wish;तमन्ना
painting;चित्र
scientist;वैज्ञानिक
safe;सुरक्षित
agreement;समझौता
capital;राजधानी
mouth;मुँह
nor;न
victim;पीड़ित
newspaper;अखबार
threat;धमकी
responsibility;ज़िम्मेदारी
smile;मुस्कुराओ
attorney;प्रतिनिधि
score;अंक
account;खाता
interesting;दिलचस्प
audience;श्रोता
rich;धनी
dinner;रात का खाना
vote;वोट
western;वेस्टर्न
relate;संबद्ध करना
travel;यात्रा करना
debate;बहस
prevent;रोकना
citizen;नागरिक
majority;बहुलता
none;कोई भी नहीं
front;सामने
born;पैदा होना
admit;भर्ती होना
senior;वरिष्ठ
assume;मान लेना
wind;हवा
key;चाभी
professional;पेशेवर
mission;मिशन
fast;तेज़
alone;अकेला
customer;ग्राहक
suffer;भुगतना
speech;भाषण
successful;सफल
option;विकल्प
participant;प्रतिभागी
southern;दक्षिण
fresh;ताज़ा
eventually;आखिरकार
forest;वन
video;वीडियो
global;वैश्विक
Senate;प्रबंधकारिणी समिति
reform;सुधार
access;पहुँच
restaurant;रेस्टोरेंट
judge;न्यायाधीश
publish;प्रकाशित करना
relation;संबंध
release;रिहाई
bird;चिड़िया
opinion;राय
credit;श्रेय
critical;नाजुक
corner;कोना
concerned;सम्बंधित
recall;याद करना
version;संस्करण
stare;एकटक देखना
safety;सुरक्षा
effective;प्रभावी
neighborhood;अड़ोस-पड़ोस
original;मूल
troop;सेना
income;आय
directly;सीधे
hurt;आहत
species;प्रजातियाँ
immediately;तुरंत
track;संकरा रास्ता
basic;बुनियादी
strike;धरना
sky;आकाश
freedom;स्वतंत्रता
absolutely;बिल्कुल
plane;विमान
nobody;कोई नहीं
achieve;प्राप्त करना
object;वस्तु
attitude;रवैया
labor;श्रम
refer;उद्घृत करना
concept;संकल्पना
client;ग्राहक
powerful;ताकतवर
perfect;उत्तम
nine;नौ
therefore;इसलिए
conduct;आचरण
announce;की घोषणा
conversation;बातचीत
examine;की जांच
touch;स्पर्श
please;कृपया
attend;शामिल होना
completely;पूरी तरह
variety;विविधता
sleep;सोना
involved;शामिल
investigation;जाँच पड़ताल
nuclear;नाभिकीय
researcher;शोधकर्ता
press;दबाएँ
conflict;टकराव
spirit;आत्मा
replace;बदलने के
British;अंग्रेजों
encourage;प्रोत्साहित करना
argument;बहस
camp;शिविर
brain;दिमाग
feature;विशेषता
afternoon;दोपहर बाद
AM;पूर्वाह्न
weekend;सप्ताहांत
dozen;दर्जन
possibility;संभावना
insurance;बीमा
department;विभाग
battle;युद्ध
beginning;शुरुआत
date;दिनांक
generally;आम तौर पर
African;अफ़्रीकी
sorry;माफ़ करना
crisis;संकट
complete;पूरा
fan;प्रशंसक
stick;छड़ी
define;परिभाषित करना
easily;सरलता
hole;छेद
element;तत्व
vision;नज़र
status;दर्जा
normal;सामान्य
Chinese;चीनी
ship;समुंद्री जहाज
solution;समाधान
stone;पथरी
slowly;धीरे से
scale;पैमाना
university;विश्वविद्यालय
introduce;परिचय देना
driver;चालक
attempt;कोशिश करना
park;पार्क
spot;स्थान
lack;कमी
ice;बर्फ
boat;नाव
drink;पीना
sun;रवि
distance;दूरी
wood;लकड़ी
handle;सँभालना
truck;ट्रक
mountain;पहाड़
survey;सर्वेक्षण
supposed;कल्पित
tradition;परंपरा
winter;सर्दी
village;गाँव rajnagar
Soviet;सोवियत
refuse;इनकार
sales;बिक्री
roll;घूमना
communication;संचार
screen;स्क्रीन
gain;बढ़त
resident;निवासी
hide;छिपाना
gold;सोना
club;क्लब
farm;खेत
potential;संभावना
European;यूरोपीय
presence;उपस्थिति
independent;स्वतंत्र
district;जिला Seoni
shape;आकार
reader;रीडर
Ms;एमएस
contract;अनुबंध
crowd;जन सैलाब
Christian;ईसाई
express;अभिव्यक्त करना
apartment;अपार्टमेंट
willing;इच्छुक
strength;ताकत
previous;पिछला
band;बैंड
obviously;स्पष्टतः
horse;घोड़ा
interested;दिलचस्पी लेने वाला
target;लक्ष्य
prison;कारागार
ride;सवारी
guard;रक्षक
terms;शर्तें
demand;मांग
reporter;रिपोर्टर
deliver;बाँटना
text;मूलपाठ
tool;औजार
wild;जंगली
vehicle;वाहन
observe;निरीक्षण करना
flight;उड़ान
facility;सुविधा
understanding;समझ
average;औसत
emerge;उभरना
advantage;फायदा
quick;झटपट
leadership;नेतृत्व
earn;कमाना
pound;पाउंड
basis;आधार
bright;चमकदार
operate;संचालित
guest;अतिथि
sample;नमूना
contribute;योगदान देना
tiny;बहुत छोटा
block;खंड मैथा
protection;संरक्षण
settle;निपटारा करना
feed;चारा
collect;इकट्ठा करना
additional;अतिरिक्त
highly;अत्यधिक
identity;पहचान
title;शीर्षक
mostly;अधिकतर
lesson;पाठ
faith;आस्था
river;नदी
promote;को बढ़ावा देना
living;जीविका
count;गिनती करना
unless;जब तक
marry;शादी कर
tomorrow;कल
technique;तकनीक
path;रास्ता
ear;कान
shop;दुकान
folk;लोक
principle;सिद्धांत
survive;जीवित बचना
lift;उठाना
border;सीमा
competition;मुकाबला
jump;कूदना
gather;इकट्ठा करना
limit;सीमा
fit;उपयुक्त
cry;रोना
equipment;उपकरण
worth;कीमत
associate;संबंद्ध करना
critic;समीक्षक
warm;गरम
aspect;पहलू
insist;ज़ोर देना
failure;असफलता
annual;सालाना
French;फ्रेंच
Christmas;क्रिसमस
comment;टिप्पणी
responsible;उत्तरदायी
affair;चक्कर
procedure;प्रक्रिया
regular;नियमित
spread;फैला हुआ
chairman;अध्यक्ष
baseball;बेसबॉल
soft;मुलायम
ignore;नज़रअंदाज़ करना
egg;अंडा
belief;विश्वास
demonstrate;दिखाना
anybody;कोई
murder;हत्या
gift;उपहार
religion;धर्म
review;समीक्षा
editor;संपादक
engage;व्यस्त रखना
coffee;कॉफ़ी
document;दस्तावेज़
speed;रफ़्तार
cross;पार
influence;प्रभाव
anyway;वैसे भी
threaten;धमकी देना
commit;वादा करना
female;महिला
youth;युवा
wave;हिलाना
afraid;डरना
quarter;त्रिमास
background;पार्श्वभूमि
native;देशी
broad;चौड़ा
wonderful;प्रशंसनीय
deny;अस्वीकार करना
apparently;जाहिरा तौर पर
slightly;थोड़ा
reaction;प्रतिक्रिया
twice;दो बार
suit;सुविधाजनक होना
perspective;परिप्रेक्ष्य
growing;बढ़ रही है
blow;फुंक मारा
construction;निर्माण
intelligence;बुद्धि
destroy;नष्ट करना
cook;रसोइया
connection;संबंध
burn;जलाना
shoe;जूता
grade;श्रेणी
context;संदर्भ
committee;समिति
hey;अरे
mistake;गलती
location;स्थान
clothes;कपड़े
Indian;भारतीय
quiet;चुप
dress;पोशाक
promise;पक्का वादा
aware;अवगत
neighbor;पड़ोसी
function;समारोह
bone;हड्डी
active;सक्रिय
extend;बढ़ाना
chief;मुखिया
combine;जोड़ना
wine;शराब
below;नीचे
cool;ठंडा
voter;मतदाता
learning;सीख रहा हूँ
bus;बस
hell;नरक
dangerous;खतरनाक
remind;याद दिलाना
moral;नैतिक
United;यूनाइटेड
category;श्रेणी
relatively;अपेक्षाकृत
victory;विजय
academic;शैक्षिक
Internet;इंटरनेट
healthy;स्वस्थ
negative;नकारात्मक
following;निम्नलिखित
historical;ऐतिहासिक
medicine;दवा
tour;यात्रा
depend;निर्भर करना
photo;तस्वीर
finding;खोज
grab;लपकना
direct;प्रत्यक्ष
classroom;कक्षा
contact;संपर्क Ajay करें
justice;न्याय
participate;भाग लेना
daily;रोज
fair;निष्पक्ष
pair;जोड़ा
famous;प्रसिद्ध
exercise;व्यायाम
knee;घुटना
flower;फूल
tape;फीता
hire;किराये पर लेना
familiar;परिचित
appropriate;उचित
supply;आपूर्ति
fully;पूरी तरह से
actor;अभिनेता
birth;जन्म
search;तलाशी
tie;बाँधना
democracy;लोकतंत्र
eastern;पूर्व का
primary;मुख्य
yesterday;कल
circle;घेरा
device;उपकरण
progress;प्रगति
bottom;नीचे
island;द्वीप
exchange;लेन देन
clean;स्वच्छ
studio;स्टूडियो
train;रेल गाडी
lady;महिला
colleague;साथ काम करने वाला
application;आवेदन पत्र
neck;गरदन
lean;दुबला
damage;क्षति
plastic;प्लास्टिक
tall;लंबा
plate;तश्तरी
hate;नफ़रत करना
otherwise;अन्यथा
writing;लिख रहे हैं
male;नर
alive;जीवित
expression;अभिव्यक्ति
football;फ़ुटबॉल
intend;इरादा रखना
chicken;मुर्गा
army;सेना
abuse;गाली देना
theater;थिएटर
shut;बंद करना
map;नक्शा
extra;अतिरिक्त
session;सत्र
danger;खतरा
welcome;स्वागत हे
domestic;घरेलू
lots;बहुत सारे
literature;साहित्य
rain;वर्षा
desire;इच्छा
assessment;मूल्यांकन
injury;चोट
respect;आदर
northern;उत्तरी
nod;सिर हिलाकर सहमति देना
paint;रंग
fuel;ईंधन
leaf;पत्ती
dry;सूखा
Russian;रूसी
instruction;अनुदेश
pool;पोखर
climb;चढना
sweet;मीठा
engine;यन्त्र
fourth;चौथी
salt;नमक
expand;विस्तार
importance;महत्त्व
metal;धातु
fat;मोटा
ticket;टिकट
software;सॉफ़्टवेयर
disappear;गायब होना
corporate;निगमित
strange;अनोखा
lip;ओंठ
reading;पढ़ना
urban;शहरी
mental;मानसिक
increasingly;तेजी से
lunch;दोपहर का भोजन
educational;शिक्षात्मक
somewhere;कहीं
farmer;किसान
sugar;चीनी
planet;ग्रह
favorite;पसंदीदा
explore;अन्वेषण करना
obtain;प्राप्त
enemy;शत्रु
greatest;महानतम
complex;जटिल
surround;चारों ओर से घेरना
athlete;धावक
invite;आमंत्रित करना
repeat;दोहराना
carefully;सावधानी से
soul;आत्मा
scientific;वैज्ञानिक
impossible;असंभव
panel;पैनल
meaning;अर्थ
mom;मां
married;विवाहित
instrument;वाद्य यंत्र
predict;भविष्यवाणी करना
weather;मौसम
presidential;अध्यक्षीय
emotional;भावनात्मक
commitment;प्रतिबद्धता
Supreme;सुप्रीम
bear;सहना
pocket;जेब
thin;पतला
temperature;तापमान
surprise;आश्चर्य
poll;मतदान
proposal;प्रस्ताव
consequence;परिणाम
breath;सांस
sight;दृश्य
balance;संतुलन
adopt;गोद लेना
minority;अल्पसंख्यक
straight;सीधा
connect;जुडिये
works;काम करता है
teaching;शिक्षण
belong;संबंधित होना
aid;सहायता
advice;सलाह
okay;ठीक है
photograph;फोटो
empty;खाली
regional;क्षेत्रीय
trail;पगडंडी
novel;उपन्यास
code;कोड
somehow;किसी न किसी तरह
organize;व्यवस्थित
jury;पंचायत
breast;स्तन
Iraqi;इराक
acknowledge;स्वीकार करना
theme;थीम
storm;आंधी
union;संघ
desk;मेज़
thanks;धन्यवाद
fruit;फल
expensive;महंगा
yellow;पीला
conclusion;निष्कर्ष
prime;प्रधान
shadow;साया
struggle;लड़ाई
conclude;निष्कर्ष निकालना
analyst;विश्लेषक
dance;नृत्य
regulation;विनियमन
being;प्राणी
ring;अंगूठी
largely;काफी हद तक
shift;खिसक जाना
revenue;आय
mark;निशान
locate;का पता लगाने
county;काउंटी
appearance;दिखावट
package;पैकेट
difficulty;कठिनाई
bridge;पुल
recommend;अनुशंसा करना
obvious;ज़ाहिर
basically;मूल रूप से
e-mail;ईमेल
generate;बनाना
anymore;इसके बाद
propose;प्रस्ताव
thinking;विचार
possibly;संभवत:
trend;रुझान
visitor;आगंतुक
loan;ऋृण
currently;वर्तमान में
comfortable;आरामदेह
investor;इन्वेस्टर
profit;फायदा
angry;नाराज़
crew;कर्मी दल
accident;दुर्घटना
meal;भोजन
hearing;सुनवाई
traffic;ट्रैफ़िक
muscle;मांसपेशी
notion;धारणा
capture;कब्जा
prefer;वरीयता देना
truly;सही मायने में
earth;धरती
Japanese;जापानी
chest;छाती
thick;मोटा
cash;नकद
museum;संग्रहालय
beauty;सुंदरता
emergency;आपातकालीन
unique;अद्वितीय
internal;आंतरिक
ethnic;संजाति विषयक
link;संपर्क
stress;तनाव
content;विषय
select;चुनते हैं
root;जड़
nose;नाक
declare;घोषित
appreciate;सराहना
actual;वास्तविक
bottle;बोतल
hardly;मुश्किल से
setting;स्थापना
launch;प्रक्षेपण
file;फ़ाइल
sick;बीमार
outcome;नतीजा
ad;विज्ञापन
defend;रक्षा करना
duty;कर्तव्य
sheet;चादर
ought;चाहिए
ensure;सुनिश्चित करना
Catholic;कैथोलिक
extremely;बहुत ज़्यादा
extent;क्षेत्र
component;अवयव
mix;मिक्स
long-term;दीर्घकालिक
slow;धीमा
contrast;अंतर
zone;क्षेत्र
wake;जागना
airport;हवाई अड्डा
brown;भूरा
shirt;शर्ट
pilot;पायलट
warn;चेतावनी देना
ultimately;अंत में
cat;बिल्ली
contribution;योगदान
capacity;क्षमता
ourselves;हम स्वयं
estate;जागीर
guide;मार्गदर्शक
circumstance;परिस्थिति
snow;बर्फ
English;अंग्रेज़ी
politician;राजनीतिज्ञ
steal;चुराना
pursue;पाने की कोशिश करना
slip;पर्ची
percentage;प्रतिशत
meat;मांस
funny;मज़ेदार
neither;न
soil;धरती
surgery;शल्य चिकित्सा
correct;सही
Jewish;यहूदी
blame;आरोप
estimate;आकलन
due;बकाया
basketball;बास्केटबाल
golf;गोल्फ़
investigate;छान - बीन करना
crazy;पागल
significantly;काफी
chain;जंजीर
branch;शाखा
combination;संयोजन
frequently;बार-बार
governor;राज्यपाल
relief;राहत
user;उपयोगकर्ता
dad;पापा
kick;लात
manner;तौर-तरीका
ancient;प्राचीन
silence;शांति
rating;रेटिंग
golden;स्वर्ण
motion;गति
German;जर्मन
gender;लिंग
solve;हल करना
fee;शुल्क
landscape;परिदृश्य
used;उपयोग किया गया
bowl;कटोरा
equal;बराबर
forth;आगे
frame;चौखटा
typical;ठेठ
except;के अलावा
conservative;अपरिवर्तनवादी
eliminate;हटाना
host;मेज़बान
hall;बड़ा कमरा
trust;विश्वास
ocean;सागर
row;पंक्ति
producer;निर्माता
afford;खर्च वहन करना
meanwhile;इस दौरान
regime;प्रशासन
division;विभाजन
confirm;पुष्टि करें
fix;हल करना
appeal;अपील करना
mirror;दर्पण
tooth;दाँत
smart;होशियार
length;लंबाई
entirely;पूरी तरह से
rely;भरोसा करना
topic;विषय
complain;शिकायत करना
variable;चर
telephone;टेलीफ़ोन
perception;अनुभूति
attract;आकर्षित
confidence;आत्मविश्वास
bedroom;शयनकक्ष
secret;गुप्त
debt;का कर्ज
rare;दुर्लभ
tank;टैंक
nurse;देखभाल करना
coverage;कवरेज
opposition;विरोध
aside;अलग
anywhere;कहीं भी
bond;गहरा संबंध
pleasure;आनंद
master;मालिक
era;युग
requirement;मांग
fun;मज़ा
expectation;अपेक्षा
wing;विंग
separate;अलग
somewhat;कुछ हद तक
pour;के लिये
stir;हलचल
judgment;प्रलय
beer;बीयर
reference;संदर्भ
tear;आँसू
doubt;शक
grant;देना
seriously;गंभीरता से
minister;मंत्री
totally;पूरी तरह से
hero;नायक
industrial;औद्योगिक
cloud;बादल
stretch;फैलाव
winner;विजेता
volume;मात्रा
seed;बीज
surprised;आश्चर्य चकित
fashion;फ़ैशन
pepper;मिर्च
busy;व्यस्त
intervention;हस्तक्षेप
copy;प्रतिलिपि
tip;बख्शीश
cheap;सस्ता
aim;उद्देश्य
cite;अदालत में तलब करना
welfare;कल्याण
vegetable;सबजी
gray;स्लेटी
dish;व्यंजन
beach;सागरतट
improvement;सुधार
everywhere;हर जगह
opening;प्रारंभिक
overall;कुल मिलाकर
divide;विभाजित करना
initial;शुरुआती
terrible;भयानक
oppose;का विरोध
contemporary;समकालीन
route;रास्ता
multiple;विभिन्न
essential;ज़रूरी
league;संघ
criminal;आपराधिक
careful;सावधान
core;सार
upper;अपर
rush;जल्दबाज़ी करना
necessarily;आवश्यक रूप से
specifically;विशेष रूप से
tired;थका हुआ
employ;काम
holiday;छुट्टी का दिन
vast;बहुत बड़ा
resolution;संकल्प
household;परिवार
fewer;से कम
abortion;गर्भपात
apart;अलग
witness;गवाह
match;मिलान
barely;मुश्किल से
sector;क्षेत्र
representative;प्रतिनिधि
beneath;नीचे
beside;पास
incident;घटना
limited;सीमित
proud;गर्व
flow;बहे
faculty;संकाय
increased;बढ़ी हुई
waste;बरबाद करना
merely;सिर्फ़
mass;द्रव्यमान
emphasize;ज़ोर देना
experiment;प्रयोग
definitely;निश्चित रूप से
bomb;बम
enormous;विशाल
tone;सुर
liberal;उदारवादी
massive;बड़ा
engineer;इंजीनियर
wheel;चक्र
decline;पतन
invest;निवेश करना
cable;केबल
towards;की ओर
expose;खुलासा
rural;ग्रामीण
AIDS;एड्स
Jew;या
narrow;संकीर्ण
cream;मलाई
secretary;सचिव
gate;दरवाज़ा
solid;ठोस
hill;पहाड़ी
typically;आम तौर पर
noise;शोर
grass;घास
unfortunately;दुर्भाग्य से
hat;है
legislation;विधान
succeed;सफल होना
celebrate;जश्न
achievement;उपलब्धि
fishing;मछली पकड़ने
accuse;आरोप
useful;उपयोगी
reject;अस्वीकार
talent;प्रतिभा
taste;स्वाद
characteristic;विशेषता
milk;दूध
escape;बच निकलना
cast;फेंकना
sentence;वाक्य
unusual;असामान्य
closely;निकट से
convince;मनवाना
height;कद
physician;चिकित्सक
assess;आकलन
plenty;खूब
virtually;आभासी रूप से
addition;योग
sharp;तीखा
creative;रचनात्मक
lower;निचला
approve;मंजूर
explanation;व्याख्या
gay;समलैंगिक
campus;कैंपस
proper;उचित
guilty;अपराधी
acquire;अधिग्रहण करना
compete;पूरा
technical;तकनीकी
plus;प्लस
immigrant;आप्रवासी
weak;कमज़ोर
illegal;गैरकानूनी
hi;नमस्ते
alternative;विकल्प
interaction;परस्पर क्रिया
column;कॉलम
personality;व्यक्तित्व
signal;संकेत
curriculum;पाठ्यक्रम
honor;सम्मान
passenger;यात्री
assistance;सहायता
forever;उम्र भर
regard;संबद्ध
Israeli;इजरायल
association;संगठन
twenty;बीस
knock;दस्तक
wrap;लपेटना
lab;प्रयोगशाला
display;दिखाना
criticism;आलोचना
asset;संपत्ति
depression;डिप्रेशन
spiritual;आध्यात्मिक
musical;संगीत
journalist;पत्रकार
prayer;प्रार्थना
suspect;संदिग्ध व्यक्ति
scholar;पंडित
warning;चेतावनी
climate;जलवायु
cheese;पनीर
observation;अवलोकन
childhood;बचपन
payment;भुगतान
sir;महोदय
permit;आज्ञा देना
cigarette;सिगरेट
definition;परिभाषा
priority;वरीयता
bread;रोटी
creation;निर्माण
graduate;स्नातक
request;अनुरोध
emotion;भावना
scream;चीख
dramatic;नाटकीय
universe;ब्रम्हांड
gap;अंतर
excellent;अति उत्कृष्ट
deeply;गहरा
prosecutor;अभियोक्ता
lucky;भाग्यशाली
drag;खींचें
airline;एयरलाइन
library;पुस्तकालय
agenda;कार्यसूची
recover;वापस पाना
factory;कारखाना
selection;चयन
primarily;प्रमुख रूप से
roof;छत
unable;असमर्थ
expense;व्यय
initiative;पहल
diet;आहार
arrest;गिरफ़्तार करना
funding;वित्त पोषण
therapy;चिकित्सा
wash;धोना
schedule;अनुसूची
sad;उदास
brief;संक्षिप्त
housing;आवास
post;पद
purchase;खरीद फरोख्त
existing;मौजूदा
steel;इस्पात
regarding;संबंधित
shout;चिल्लाना
remaining;बचा हुआ
visual;तस्वीर
fairly;अच्छी तरह से
chip;टुकड़ा
violent;हिंसक
silent;चुपचाप
suppose;मान लीजिए
self;खुद
bike;साइकिल
tea;चाय
perceive;समझना
comparison;तुलना
settlement;समझौता
layer;परत
planning;योजना
description;विवरण
slide;फिसल पट्टी
widely;व्यापक रूप से
wedding;शादी
inform;बताना
portion;हिस्से
territory;क्षेत्र
immediate;तुरंत
opponent;प्रतिद्वंद्वी
abandon;छोड़ देना
lake;झील
transform;परिवर्तन
tension;तनाव
leading;प्रमुख
bother;परेशान करना
consist;निहित होना
alcohol;शराब
enable;सक्षम करना
bend;झुकना
saving;सहेजा जा रहा है
desert;रेगिस्तान
shall;करेगा
error;गलती
cop;पुलिस
Arab;अरब
double;दोहरा
sand;रेत
Spanish;स्पैनिश
print;प्रिंट
preserve;रक्षित
passage;रास्ता
formal;औपचारिक
transition;संक्रमण
existence;अस्तित्व
album;एल्बम
participation;भाग लेना
arrange;व्यवस्थित करना
atmosphere;वायुमंडल
joint;संयुक्त
reply;जवाब दे दो
cycle;चक्र
opposite;विलोम
lock;ताला
deserve;योग्य होना
consistent;लगातार
resistance;प्रतिरोध
discovery;खोज
exposure;संसर्ग
pose;खड़ा करना
stream;धारा
sale;बिक्री
pot;मटका
grand;बड़ा
mine;मेरा
hello;नमस्ते
coalition;गठबंधन
tale;कहानी
knife;चाकू
resolve;हल करना
racial;जातीय
phase;अवस्था
joke;मज़ाक
coat;परत
Mexican;मैक्सिकन
symptom;लक्षण
manufacturer;उत्पादक
philosophy;दर्शन
potato;आलू
foundation;नींव
quote;उद्धरण
online;ऑनलाइन
negotiation;बातचीत
urge;विनती करना
occasion;अवसर
dust;धूल
breathe;साँस लेना
elect;इलेक्ट्रोनिक
investigator;अन्वेषक
jacket;जैकेट
glad;प्रसन्न
ordinary;साधारण
reduction;कमी
rarely;कभी-कभार
pack;सामान बाँधना
suicide;आत्मघाती
numerous;बहुत
substance;पदार्थ
discipline;अनुशासन
elsewhere;कहीं
iron;लोहा
practical;व्यावहारिक
moreover;इसके अतिरिक्त
passion;जोश
volunteer;स्वयंसेवी
implement;अमल में लाना
essentially;अनिवार्य रूप से
gene;जीन
enforcement;प्रवर्तन
vs;बनाम
sauce;चटनी
independence;आजादी
marketing;विपणन
priest;पुजारी
amazing;अद्भुत
intense;गहन
advance;अग्रिम
employer;नियोक्ता
shock;झटका
inspire;प्रेरित करना
adjust;समायोजित करना
retire;रिटायर
visible;दृश्यमान
kiss;चुम्मा
illness;बीमारी
cap;टोपी
habit;आदत
competitive;प्रतिस्पर्द्धी
juice;रस
congressional;कांग्रेस
involvement;भागीदारी
dominate;हावी होना
previously;इससे पहले
whenever;जब भी
transfer;स्थानांतरण करना
analyze;विश्लेषण
attach;संलग्न करना
disaster;आपदा
parking;पार्किंग
prospect;आशा
boss;रोब जमाना
complaint;शिकायत
championship;चैंपियनशिप
fundamental;मौलिक
severe;गंभीर
enhance;बढ़ाना
mystery;रहस्य
impose;थोपना
poverty;गरीबी
entry;प्रवेश
spending;खर्च
king;राजा
evaluate;मूल्यांकन करना
symbol;चिन्ह, प्रतीक
maker;निर्माता
mood;मनोदशा
accomplish;पूरा करना
emphasis;ज़ोर
illustrate;उदाहरण देकर स्पष्ट करना
boot;गाड़ी की डिक्की
monitor;निगरानी करना
Asian;एशियाई
entertainment;मनोरंजन
bean;सेम
evaluation;मूल्यांकन
creature;जंतु
commander;कमांडर
digital;डिजिटल
arrangement;व्यवस्था
concentrate;ध्यान केंद्रित करना
usual;सामान्य
anger;क्रोध
psychological;मनोवैज्ञानिक
heavily;भारी
peak;शिखर
approximately;लगभग
increasing;की बढ़ती
disorder;विकार
missile;मिसाइल
equally;समान रूप से
vary;अलग होना
wire;तार
round;गोल
distribution;वितरण
transportation;परिवहन
holy;पवित्र
twin;जुड़वां
command;आज्ञा
commission;आयोग
interpretation;व्याख्या
breakfast;सुबह का नाश्ता
strongly;दृढ़ता से
engineering;अभियांत्रिकी
luck;भाग्य
so-called;तथाकथित
constant;लगातार
clinic;क्लिनिक
veteran;अनुभवी व्यक्ति
smell;महक
tablespoon;बड़ा चमचा
capable;योग्य
nervous;बे चै न
tourist;पर्यटक
toss;टॉस
crucial;महत्वपूर्ण
bury;दफ़नाना
pray;प्रार्थना करना
tomato;टमाटर
exception;अपवाद
butter;मक्खन
deficit;घाटा
bathroom;स्नानघर
objective;उद्देश्य
electronic;इलेक्ट्रोनिक
ally;मित्र
journey;सफ़र
reputation;प्रतिष्ठा
mixture;मिश्रण
surely;निश्चित रूप से
tower;मीनार
smoke;धुआँ
confront;सामना होना
pure;शुद्ध
glance;नज़र
dimension;आयाम
toy;खिलौने
prisoner;बंदी
fellow;साथी
smooth;चिकना
nearby;आस-पास
peer;समकक्ष
designer;डिजाइनर
personnel;कार्मिक
educator;शिक्षक
relative;रिश्तेदार
immigration;अप्रवासन
belt;बेल्ट
teaspoon;छोटी चम्मच
birthday;जन्मदिन
implication;निहितार्थ
perfectly;पूरी तरह से
coast;तट
supporter;समर्थक
accompany;साथ
silver;चांदी
teenager;किशोर
recognition;मान्यता
retirement;निवृत्ति
flag;झंडा
recovery;स्वास्थ्य लाभ
whisper;फुसफुसाना
gentleman;सज्जन
corn;मक्का
moon;चांद
inner;भीतरी
junior;कनिष्ठ
throat;गला
salary;वेतन
swing;झूला
observer;देखने वाला
publication;प्रकाशन
crop;काटना
dig;तुम
permanent;स्थायी
phenomenon;तथ्य
anxiety;चिंता
unlike;भिन्न
wet;गीला
literally;वस्तुत:
resist;विरोध
convention;सम्मेलन
embrace;अपनाना
assist;सहायता देना
exhibition;प्रदर्शनी
construct;निर्माण
viewer;दर्शक
pan;बरतन
consultant;सलाहकार
administrator;प्रशासक
occasionally;कभी-कभी
mayor;महापौर
consideration;सोच-विचार
CEO;सीईओ
secure;सुरक्षित
pink;गुलाबी
buck;बक
historic;ऐतिहासिक
poem;कविता
grandmother;दादी मा
bind;बाँधना
fifth;पांचवां
constantly;लगातार
enterprise;उद्यम
favor;पक्ष
testing;परिक्षण
stomach;पेट
apparent;प्रकट
weigh;तौलना
install;इंस्टॉल
sensitive;संवेदनशील
suggestion;सुझाव
mail;मेल
recipe;विधि
reasonable;तर्कसंगत
preparation;तैयारी
wooden;लकड़ी का
elementary;प्राथमिक
concert;संगीत समारोह
aggressive;आक्रामक
FALSE;असत्य
intention;इरादा
channel;चैनल
extreme;चरम
tube;ट्यूब
drawing;चित्रकारी
protein;प्रोटीन
quit;छोड़ना
absence;अनुपस्थिति
Latin;लैटिन
rapidly;तेज़ी से
jail;जेल
diversity;विविधता
honest;ईमानदार
Palestinian;फ़िलिस्तीनी
pace;गति
employment;रोज़गार
speaker;वक्ता
impression;प्रभाव जमाना
essay;निबंध
respondent;प्रतिवादी
giant;बहुत बड़ा
cake;केक
historian;इतिहासकार
negotiate;मोल-भाव करना
restore;पुनर्स्थापित करना
substantial;संतोषजनक
pop;पॉप
specialist;SPECIALIST
origin;मूल
approval;अनुमोदन
quietly;चुपचाप
advise;सलाह देना
conventional;पारंपरिक
depth;गहराई
wealth;संपत्ति
disability;विकलांगता
shell;सीप
criticize;आलोचना करना
effectively;प्रभावी रूप से
biological;जैविक
onion;प्याज़
deputy;डिप्टी
flat;समतल
brand;ब्रैंड
assure;आश्वासन
mad;पागल
award;पुरस्कार
criteria;मानदंड
dealer;विक्रेता
via;के जरिए
utility;उपयोगिता
precisely;यकीनन
arise;उठना
armed;हथियारबंद
nevertheless;फिर भी
highway;हाइवे
clinical;क्लीनिकल
routine;रूटीन
wage;वेतन
normally;सामान्य रूप से
phrase;मुहावरा
ingredient;घटक
stake;दांव लगाना
Muslim;मुसलमान
fiber;रेशा
activist;कार्यकर्ता
Islamic;इस्लामी
snap;चटकाना
terrorism;आतंक
refugee;शरणार्थी
incorporate;शामिल
hip;कूल्हा
ultimate;परम
switch;बदलना
corporation;निगम
valuable;कीमती
assumption;कल्पना
gear;गियर
barrier;रुकावट
minor;नाबालिग
provision;प्रावधान
killer;हत्यारा
assign;सौंपना
gang;गिरोह
developing;विकसित होना
classic;क्लासिक
chemical;रासायनिक
label;लेबल
teen;किशोर
index;अनुक्रमणिका
vacation;छुट्टी
advocate;वकील
draft;प्रारूप
extraordinary;असाधारण
heaven;स्वर्ग
rough;खुरदुरा
yell;चीखना
pregnant;गर्भवती
distant;दूरस्थ
drama;नाटक
satellite;उपग्रह
personally;व्यक्तिगत रूप से
clock;घड़ी
chocolate;चॉकलेट
Italian;इतालवी
Canadian;कैनेडियन
ceiling;छत
sweep;झाड़ू लगा दो
advertising;विज्ञापन देना
universal;सार्वभौमिक
spin;घुमाना
button;बटन
bell;घंटी
rank;पद
darkness;अंधेरा
clothing;कपड़े
super;उत्तम
yield;पैदावार
fence;बाड़
portrait;चित्र
survival;जीवित रहना
roughly;अंदाज़न
lawsuit;मुकदमा
testimony;गवाही
bunch;गुच्छा
found;मिल गया
burden;बोझ
react;प्रतिक्रिया
chamber;कक्ष
furniture;फर्नीचर
cooperation;सहयोग
string;डोरी
ceremony;समारोह
communicate;बातचीत करना
cheek;गाल
lost;गुम हो गया
profile;प्रोफ़ाइल
mechanism;तंत्र
disagree;असहमत
penalty;दंड
ie;अर्थात
resort;सहारा लेना
destruction;विनाश
unlikely;संभावना नहीं
tissue;ऊतक
constitutional;संवैधानिक
pant;पंत
stranger;अजनबी
infection;संक्रमण
cabinet;अलमारी
broken;टूटी हुई
apple;सेब
electric;बिजली
proceed;आगे बढ़ना
bet;लेकिन
literary;साहित्यिक
virus;वाइरस
stupid;बेवकूफ
dispute;विवाद
fortune;सौभाग्य
strategic;सामरिक
assistant;सहायक
overcome;काबू पाना
remarkable;उत्कृष्ट
occupy;पर कब्जा
statistics;आंकड़े
shopping;खरीदारी
cousin;चचेरा भाई
encounter;मुठभेड़
wipe;पोंछना
initially;शुरू में
blind;अंधा
port;बंदरगाह
electricity;बिजली
genetic;जेनेटिक
adviser;सलाहकार
spokesman;प्रवक्ता
retain;बनाए रखना
latter;बाद वाला
incentive;प्रोत्साहन
slave;दास
translate;अनुवाद करना
accurate;सटीक
whereas;जबकि
terror;आतंक
expansion;विस्तार
elite;अभिजात वर्ग
Olympic;ओलिंपिक
dirt;गंध
odd;अजीब
rice;चावल
bullet;गोली
tight;तंग
Bible;बाइबिल
chart;चार्ट
solar;सौर
square;वर्ग
concentration;एकाग्रता
complicated;उलझा हुआ
gently;धीरे
champion;चैंपियन
scenario;परिदृश्य
telescope;दूरबीन
reflection;प्रतिबिंब
revolution;क्रांति
strip;पट्टी
interpret;व्याख्या करना
friendly;दोस्ताना
tournament;टूर्नामेंट
fiction;उपन्यास
detect;पता लगाना
tremendous;अद्भुत
lifetime;जीवन काल
recommendation;सिफ़ारिश करना
senator;सीनेटर
hunting;शिकार करना
salad;सलाद
guarantee;गारंटी
innocent;मासूम
boundary;सीमा
pause;रोकना
remote;दूर
satisfaction;संतुष्टि
journal;पत्रिका
bench;बेंच
lover;प्रेम करनेवाला
raw;कच्चा
awareness;जागरूकता
surprising;चौंका देने वाला
withdraw;वापस लेना
deck;जहाज़ की छत
similarly;उसी प्रकार
newly;नए नए
pole;वहाँ नहीं है
testify;गवाही देना
mode;तरीका
dialogue;वार्ता
imply;मतलब
naturally;सहज रूप में
mutual;परस्पर
founder;संस्थापक
advanced;विकसित
pride;गौरव
dismiss;नकार देना
aircraft;हवाई जहाज
delivery;वितरण
mainly;में मुख्य
bake;सेंकना
freeze;जमाना
platform;प्लैटफ़ॉर्म
finance;वित्त
sink;डूबना
attractive;आकर्षक
diverse;विविध
relevant;से मिलता जुलता
ideal;आदर्श
joy;हर्ष
regularly;नियमित तौर पर
working;कार्यरत
singer;गायक
evolve;विकसित होना
shooting;शूटिंग
partly;आंशिक रूप में
unknown;अनजान
offense;अपराध
counter;विरोध करना
DNA;डीएनए
potentially;संभावित
thirty;तीस
justify;न्यायोचित ठहराना
protest;विरोध
crash;टकरा जाना
craft;शिल्प
treaty;संधि
terrorist;आतंकवादी
insight;अंतर्दृष्टि
possess;धारण करना
politically;राजनीतिक
tap;नल
extensive;बहुत बड़ा
episode;प्रकरण
swim;तैरना
tire;थका देना
fault;दोष
loose;ढीला
shortly;कुछ ही देर में
originally;मौलिक रूप से
considerable;विचारणीय
prior;पूर्व
intellectual;बौद्धिक
assault;हमला
relax;आराम करना
stair;सीढ़ी
adventure;साहसिक काम
external;बाहरी
proof;सबूत
confident;आत्मविश्वासी
headquarters;मुख्यालय
sudden;अचानक
dirty;गंदा
violation;उल्लंघन
tongue;जुबान
license;लाइसेंस
shelter;आश्रय
rub;रगड़ना
controversy;विवाद
entrance;प्रवेश
properly;अच्छी तरह से
fade;हल्का होना
defensive;बचाव
tragedy;त्रासदी
net;जाल
characterize;विशेषताएँ
funeral;मैयत
profession;पेशा
alter;बदलने
constitute;गठित करना
establishment;स्थापना
squeeze;निचोड़ना
imagination;कल्पना
mask;मुखौटा
convert;बदलना
comprehensive;विस्तृत
prominent;प्रमुख
presentation;प्रस्तुतीकरण
regardless;ध्यान दिए बिना
load;भार
stable;स्थिर
introduction;परिचय
pretend;दिखावा करना
elderly;बुज़ुर्ग
representation;प्रतिनिधित्व
deer;हिरन
split;विभाजित करना
violate;का उल्लंघन
partnership;साझेदारी
pollution;प्रदूषण
emission;उत्सर्जन
steady;नियमित
vital;महत्वपूर्ण
fate;भाग्य
earnings;आय
oven;तंदूर
distinction;भेद
segment;खंड
nowhere;कहीं भी नहीं
poet;कवि
mere;अधिक
exciting;रोमांचक
variation;उतार-चढ़ाव
comfort;आराम
radical;मौलिक
adapt;अनुकूल बनाना
Irish;आयरिश
honey;शहद
correspondent;संवाददाता
pale;फीका
musician;संगीतकार
significance;महत्व
vessel;पतीला
storage;भंडारण
flee;भागना
mm-hmm;मिमी-हम्म
leather;चमड़ा
distribute;बांटो
evolution;क्रमागत उन्नति
ill;बीमार
tribe;जनजाति
shelf;दराज
grandfather;दादा
lawn;घास का मैदान
buyer;क्रेता
dining;भोजन
wisdom;बुद्धि
council;परिषद
vulnerable;चपेट में
instance;उदाहरण
garlic;लहसुन
capability;क्षमता
poetry;शायरी
celebrity;सेलिब्रिटी
gradually;धीरे-धीरे
stability;स्थिरता
fantasy;कल्पना
scared;डरा हुआ
plot;भूखंड
framework;रूपरेखा
gesture;हाव-भाव
depending;निर्भर करता है
ongoing;चल रहे
psychology;मनोविज्ञान
counselor;काउंसलर
chapter;अध्याय
divorce;तलाक
owe;देनदार होना
pipe;पाइप
athletic;पुष्ट
slight;थोड़ा
math;गणित
shade;छाया
tail;पूंछ
sustain;बनाए रखना
mount;पर्वत
obligation;बाध्यता
angle;कोण
palm;हथेली
differ;अलग होना
custom;रीति
economist;अर्थशास्त्री
fifteen;पंद्रह
soup;शोरबा
celebration;उत्सव
efficient;दक्ष
composition;संयोजन
satisfy;संतुष्ट करना
pile;बवासीर
briefly;संक्षिप्त
carbon;कार्बन
closer;करीब
consume;उपभोग करना
scheme;योजना
crack;दरार
frequency;आवृत्ति
tobacco;तंबाकू
survivor;उत्तरजीवी
besides;के अतिरिक्त
psychologist;मनोविज्ञानी
wealthy;धनवान
galaxy;आकाशगंगा
given;दिया गया
ski;स्की
limitation;परिसीमन
trace;पता लगाना
appointment;नियुक्ति
preference;पसंद
meter;मीटर
explosion;विस्फोट
publicly;सार्वजनिक रूप
incredible;अविश्वसनीय
fighter;योद्धा
rapid;तेज़
admission;प्रवेश
hunter;शिकारी
educate;शिक्षित
painful;दर्दनाक
friendship;मित्रता
aide;सहयोगी
infant;बच्चा
calculate;calculate
fifty;पचास
rid;छुटकारा पाना
porch;बरामदा
tendency;प्रवृत्ति
uniform;वर्दी
formation;गठन
scholarship;छात्रवृत्ति
reservation;आरक्षण
efficiency;क्षमता
qualify;अर्हता
mall;मॉल
derive;निकाले जाते हैं
scandal;कांड
PC;पीसी
helpful;मददगार
impress;प्रभावित करना
heel;सब
resemble;समान होना
privacy;गोपनीयता
fabric;कपड़ा
contest;प्रतियोगिता
proportion;अनुपात
guideline;दिशानिर्देश
rifle;राइफल
maintenance;भरण पोषण
conviction;दोषसिद्धि
trick;छल
organic;कार्बनिक
tent;तंबू
examination;इंतिहान
publisher;प्रकाशक
strengthen;को मजबूत
proposed;प्रस्तावित
myth;कल्पित कथा
sophisticated;परिष्कृत
cow;गाय
etc;आदि
standing;खड़ा है
asleep;सोना
tennis;टेनिस
nerve;नस
barrel;बैरल
bombing;बम विस्फोट
membership;सदस्यता
ratio;अनुपात
menu;मेन्यू
controversial;विवादित
desperate;बेकरार
lifestyle;जीवन शैली
humor;हास्य
loud;ऊँचा स्वर
glove;दस्ताना
sufficient;पर्याप्त
narrative;कथा
photographer;फोटोग्राफर
helicopter;हेलीकॉप्टर
modest;मामूली
provider;प्रदाता
delay;देरी
agricultural;कृषि
explode;विस्फोट
stroke;आघात
scope;दायरा
punishment;सज़ा
handful;मुट्ठी
badly;बुरी तरह
horizon;क्षितिज
curious;जिज्ञासु
downtown;शहर
girlfriend;दोस्त
prompt;तत्पर
cholesterol;कोलेस्ट्रॉल
absorb;सोख लेना
adjustment;समायोजन
taxpayer;करदाता
eager;आतुर
principal;प्रधानाचार्य
detailed;विस्तृत
motivation;प्रेरणा
assignment;कार्यभार
restriction;बंधन
laboratory;प्रयोगशाला
workshop;कार्यशाला
differently;अलग ढंग से
auto;ऑटो
romantic;प्रेम प्रसंगयुक्त
cotton;कपास
motor;मोटर
sue;मुक़दमा चलाना
flavor;स्वाद
overlook;ओवरलुक
float;पानी पर तैरना
undergo;गुज़रना
sequence;क्रम
demonstration;प्रदर्शन
jet;जेट
orange;संतरा
consumption;उपभोग
assert;ज़ोर
blade;ब्लेड
temporary;अस्थायी
medication;दवाई
cabin;केबिन
bite;दांत से काटना
edition;संपादन
valley;घाटी
yours;आपका अपना
pitch;पिच
pine;देवदार
brilliant;बहुत खूब
versus;बनाम
manufacturing;उत्पादन
absolute;शुद्ध
chef;बावर्ची
discrimination;भेदभाव
offensive;आक्रामक
boom;बूम
register;रजिस्टर करें
appoint;नियुक्त करना
heritage;विरासत
God;भगवान
dominant;प्रभुत्व वाला
successfully;सफलतापूर्वक
shit;मल
lemon;नींबू
hungry;भूखा
wander;घूमना
submit;प्रस्तुत
economics;अर्थशास्त्र
naked;नंगा
anticipate;पूर्वानुमान करना
nut;कड़े छिलके वाला फल
legacy;विरासत
extension;विस्तार
shrug;कंधे उचकाने की क्रिया
battery;बैटरी
arrival;आगमन
legitimate;वैध
orientation;अभिविन्यास
inflation;मुद्रा स्फ़ीति
cope;सामना करना
flame;ज्योति
cluster;झुंड
wound;घाव
dependent;आश्रित
shower;बौछार
institutional;संस्थागत
depict;चित्रित
operating;ऑपरेटिंग
flesh;माँस
garage;गराज
operator;ऑपरेटर
instructor;प्रशिक्षक
collapse;गिर जाना
borrow;उधार
furthermore;आगे
comedy;कॉमेडी
mortgage;गिरवी रखना
sanction;प्रतिबंध
civilian;असैनिक
twelve;बारह
weekly;साप्ताहिक
habitat;प्राकृतिक वास
grain;अनाज
brush;ब्रश
consciousness;चेतना
devote;समर्पित
measurement;माप
province;प्रांत
ease;आराम
seize;को जब्त
ethics;आचार विचार
nomination;नामांकन
permission;अनुमति
wise;ढंग
actress;अभिनेत्री
summit;बैठक
acid;अम्ल
odds;कठिनाइयाँ
gifted;प्रतिभाशाली
frustration;निराशा
medium;मध्यम
physically;शारीरिक रूप से
distinguish;अंतर करना
shore;किनारा
repeatedly;बार बार
lung;फेफड़ा
running;दौड़ना
distinct;अलग
artistic;कलात्मक
discourse;प्रवचन
basket;टोकरी
ah;एएच
fighting;लड़ाई करना
impressive;प्रभावशाली
competitor;प्रतियोगी
ugly;कुरूप
worried;चिंतित
portray;चित्रकला
powder;पाउडर
ghost;भूत
persuade;राज़ी करना
moderate;संतुलित
subsequent;बाद का
continued;निरंतर
cookie;कुकी
carrier;वाहक
cooking;खाना बनाना
frequent;अक्सर
ban;प्रतिबंध
awful;भयंकर
admire;प्रशंसा करना
pet;पालतू
miracle;चमत्कार
exceed;सीमा पार करना
rhythm;ताल
widespread;बड़े पैमाने पर
killing;मारना
lovely;प्यारा
sin;पाप
charity;दान पुण्य
script;लिखी हुई कहानी
tactic;रणनीति
identification;पहचान
transformation;परिवर्तन
everyday;हर दिन
headline;शीर्षक
venture;जोखिम उठाना
invasion;आक्रमण
nonetheless;बहरहाल
adequate;पर्याप्त
piano;पियानो
grocery;किराना
intensity;तीव्रता
exhibit;दिखाना
blanket;कंबल
margin;अंतर
quarterback;क्वार्टरबैक
mouse;चूहा
rope;रस्सी
concrete;ठोस
prescription;नुस्खा
African-American;अफ्रीकी अमेरिकी
chase;पीछा करना
brick;ईंट
recruit;रंगरूट
patch;पैबंद
consensus;आम सहमति
horror;डरावना
recording;रिकॉर्डिंग
changing;बदलना
painter;चित्रकार
colonial;औपनिवेशिक
pie;पर
sake;खातिर
gaze;निगाहें
courage;साहस
pregnancy;गर्भावस्था
swear;कसम खाता
defeat;हार
clue;संकेत
reinforce;सुदृढ़
confusion;उलझन
slice;टुकड़ा
occupation;व्यवसाय
dear;प्रिय
coal;कोयला
sacred;पवित्र
formula;सूत्र
cognitive;संज्ञानात्मक
collective;सामूहिक
exact;सटीक
uncle;चाचा
captain;कप्तान
sigh;साँस
attribute;विशेषता
dare;हिम्मत
homeless;बेघर
gallery;गेलरी
soccer;फ़ुटबॉल
defendant;प्रतिवादी
tunnel;सुरंग
fitness;स्वास्थ्य
lap;गोद
grave;गंभीर
toe;फिर
container;पात्र
virtue;गुण
abroad;विदेश
architect;आर्किटेक्ट
dramatically;नाटकीय रूप से
makeup;पूरा करना
inquiry;जाँच करना
rose;गुलाब
surprisingly;हैरानी की बात है
highlight;प्रमुखता से दिखाना
decrease;कमी
indication;संकेत
rail;रेल
anniversary;सालगिरह
couch;सोफ़ा
alliance;संधि
hypothesis;परिकल्पना
boyfriend;दोस्त
compose;लिखें
mess;गड़बड़
legend;दंतकथा
regulate;विनियमित
adolescent;किशोर
shine;चमक
norm;आदर्श
upset;परेशान
remark;टिप्पणी
resign;इस्तीफ़ा देना
reward;इनाम
gentle;सज्जन
related;सम्बंधित
organ;अंग
lightly;हलकी हलकी
concerning;विषय में
invent;आविष्कार करना
laughter;हँसी
northwest;उत्तर पश्चिम
counseling;काउंसिलिंग
receiver;रिसीवर
ritual;धार्मिक संस्कार
insect;कीड़ा
interrupt;रुकावट डालना
salmon;सैल्मन
trading;व्यापार
magic;जादू
superior;बेहतर
combat;लड़ाई
stem;तना
surgeon;शल्य चिकित्सक
acceptable;स्वीकार्य
physics;भौतिक विज्ञान
rape;बलात्कार
counsel;सलाह
jeans;जीन्स
hunt;शिकार करना
continuous;निरंतर
log;लकड़ी का लट्ठा
echo;गूंज
pill;गोली
excited;उत्तेजित
sculpture;मूर्ति
compound;मिश्रण
integrate;एकीकृत
flour;आटा
bitter;कसैला
bare;अभी-अभी
slope;ढलान
rent;किराया
presidency;राष्ट्रपति पद
serving;की सेवा
subtle;सूक्ष्म
greatly;बहुत
bishop;बिशप
drinking;पीने
acceptance;स्वीकार
pump;पंप
candy;कैंडी
evil;बुराई
pleased;प्रसन्न
medal;पदक
beg;निवेदन करना
sponsor;प्रायोजक
ethical;नैतिक
secondary;माध्यमिक
slam;स्लैम
export;निर्यात करना
experimental;प्रयोगात्मक
melt;पिघलना
midnight;मध्यरात्रि
curve;वक्र
integrity;अखंडता
entitle;टाइटिल
evident;प्रत्यक्ष
logic;तर्क
essence;सार
exclude;निकालना
harsh;रुखा
closet;अलमारी
suburban;उपनगरीय
greet;नमस्कार
interior;आंतरिक भाग
corridor;गलियारे
retail;खुदरा
pitcher;मटकी
march;मार्च
snake;साँप
excuse;बहाना
weakness;कमज़ोरी
pig;सुअर
classical;क्लासिक
estimated;अनुमानित
T-shirt;टीशर्ट
unemployment;बेरोजगारी
civilization;सभ्यता
fold;तह
reverse;उल्टा
missing;गुम
correlation;सह - संबंध
humanity;इंसानियत
flash;चमक
developer;डेवलपर
reliable;भरोसेमंद
excitement;उत्साह
beef;गौमांस
Islam;इसलाम
Roman;रोमन
architecture;वास्तुकला
occasional;प्रासंगिक
administrative;प्रशासनिक
elbow;कोहनी
deadly;घातक
Hispanic;हिस्पैनिक
allegation;आरोप
confuse;भ्रमित
airplane;विमान
monthly;महीने के
duck;बत्तख
dose;खुराक
Korean;कोरियाई
plead;निवेदन करना
initiate;आरंभ करना
lecture;भाषण
van;से
sixth;छठा
bay;खाड़ी
mainstream;मुख्य धारा
suburb;उपनगर
sandwich;सैंडविच
trunk;सूँ ढ
rumor;अफवाह
implementation;कार्यान्वयन
swallow;निगलना
motivate;उत्साह करना
render;प्रदान करना
longtime;लंबे समय तक
trap;जाल
restrict;प्रतिबंध लगाना
cloth;कपड़ा
seemingly;मालूम होता है
legislative;विधायी
effectiveness;प्रभावशीलता
enforce;लागू करना
lens;लेंस
inspector;निरीक्षक
lend;उधार देना
plain;मैदान
fraud;धोखा
companion;साथी
contend;संघर्ष करना
nail;नाखून
array;सरणी
strict;कठोर
assemble;इकट्ठा
frankly;सच कहूं
rat;चूहा
hay;अच्छा
hallway;दालान
cave;गुफ़ा
inevitable;अपरिहार्य
southwest;दक्षिण पश्चिम
monster;राक्षस
unexpected;अप्रत्याशित
obstacle;व्यवधान
facilitate;सुविधा देना
rip;फाड़ना
herb;जड़ी बूटी
overwhelming;ज़बर्दस्त
integration;एकीकरण
crystal;क्रिस्टल
recession;मंदी
written;लिखा हुआ
motive;प्रेरणा
flood;बाढ़
pen;कलम
ownership;स्वामित्व
nightmare;बुरा सपना
inspection;निरीक्षण
supervisor;पर्यवेक्षक
consult;परामर्श
arena;अखाड़ा
diagnosis;निदान
possession;स्वामित्व
forgive;माफ़ करना
consistently;लगातार
basement;बेसमेंट
drift;अभिप्राय
drain;नाली
prosecution;अभियोग पक्ष
maximum;ज्यादा से ज्यादा
announcement;घोषणा
warrior;योद्धा
prediction;भविष्यवाणी
bacteria;जीवाणु
questionnaire;प्रश्नावली
mud;कीचड़
infrastructure;आधारभूत संरचना
hurry;जल्दी कीजिये
privilege;विशेषाधिकार
temple;मंदिर
outdoor;घर के बाहर
suck;चूसना
and/or;और/या
broadcast;प्रसारण
re;पुनः
leap;छलांग
random;random
wrist;कलाई
curtain;परदा
pond;तालाब
domain;कार्यक्षेत्र
guilt;अपराध
cattle;पशु
walking;टहलना
playoff;भिड़ा देना
minimum;न्यूनतम
fiscal;राजकोषीय
skirt;स्कर्ट
dump;गंदी जगह
hence;इसलिये
database;डेटाबेस
uncomfortable;असुविधाजनक
execute;निष्पादित
limb;अवयव
ideology;विचारधारा
tune;तराना
continuing;जारी
harm;नुकसान पहुँचाना
railroad;रेल
endure;सहना
radiation;विकिरण
horn;सींग
chronic;दीर्घकालिक
peaceful;शांतिपूर्ण
innovation;नवाचार
strain;तनाव
guitar;गिटार
replacement;प्रतिस्थापन
behave;ठीक से व्यवहार करना
administer;प्रशासन
simultaneously;साथ-साथ
dancer;नर्तकी
amendment;संशोधन
pad;तकती
transmission;हस्तांतरण
await;इंतजार
retired;सेवानिवृत्त
trigger;चालू कर देना
spill;शलाका
grateful;आभारी
grace;कृपा
virtual;आभासी
colony;कालोनी
adoption;दत्तक ग्रहण
indigenous;देशज
closed;बंद किया हुआ
convict;मिद्धदोष अपराधी
towel;तौलिया
modify;संशोधित
particle;कण
prize;इनाम
landing;अवतरण
boost;बढ़ावा
bat;एक
alarm;खतरे की घंटी
festival;त्योहार
grip;पकड़
weird;अजीब
undermine;कमजोर
freshman;नए
sweat;पसीना
outer;आउटर
drunk;पिया हुआ
separation;पृथक्करण
traditionally;पारंपरिक रूप से
govern;को नियंत्रित करने वाले
southeast;दक्षिण-पूर्व
intelligent;बुद्धिमान
wherever;जहां कहीं भी
ballot;मतदान
rhetoric;वक्रपटुता
convinced;राज़ी
driving;ड्राइविंग
vitamin;विटामिन
enthusiasm;जोश
accommodate;समायोजित करना
praise;प्रशंसा
injure;घायल
wilderness;जंगल
endless;अनंत
mandate;शासनादेश
respectively;क्रमश:
uncertainty;अनिश्चितता
chaos;अव्यवस्था
mechanical;यांत्रिक
canvas;कैनवास
forty;चालीस
lobby;लॉबी
profound;प्रगाढ़
format;प्रारूप
trait;प्रवृत्ति
currency;मुद्रा
turkey;तुर्की
reserve;संरक्षित
beam;खुशी से उछलना
astronomer;खगोल विज्ञानी
corruption;भ्रष्टाचार
contractor;ठेकेदार
apologize;क्षमा मांगना
doctrine;सिद्धांत
genuine;ईमानदार
thumb;अँगूठा
unity;एकता
compromise;समझौता
horrible;भयंकर
behavioral;व्यवहार
exclusive;विशिष्ट
scatter;बिखराव
commonly;आमतौर पर
convey;बताना
twist;मोड़
complexity;जटिलता
fork;काँटा
disk;डिस्क
relieve;राहत देना
suspicion;संदेह
health-care;स्वास्थ्य सेवा
residence;निवास स्थान
shame;शर्म
meaningful;सार्थक
sidewalk;फ़ुटपाथ
Olympics;ओलंपिक
technological;प्रौद्योगिकीय
signature;हस्ताक्षर
pleasant;सुखद
wow;बहुत खूब
suspend;निलंबित
rebel;बागी
frozen;जमा हुआ
spouse;पति या पत्नी
fluid;द्रव
pension;पेंशन
resume;फिर शुरू करना
theoretical;सैद्धांतिक
sodium;सोडियम
promotion;पदोन्नति
delicate;नाज़ुक
forehead;माथा
rebuild;फिर से बनाना
bounce;उछलना
electrical;विद्युतीय
hook;अंकुश
detective;जासूसी
traveler;यात्री
click;क्लिक
compensation;नुकसान भरपाई
exit;बाहर निकलना
attraction;आकर्षण
dedicate;समर्पित करना
altogether;कुल मिलाकर
pickup;उठाना
carve;उत्कीर्ण
needle;सुई
belly;पेट
scare;डराना
portfolio;पोर्टफोलियो
shuttle;शटल
invisible;अदृश्य
timing;समय
engagement;सगाई
ankle;टखना
transaction;लेन-देन
rescue;बचाव
counterpart;समकक्ष
historically;ऐतिहासिक दृष्टि से
firmly;दृढ़ता से
mild;सौम्य
rider;सवार
doll;गुड़िया
noon;दोपहर
amid;के बीच
identical;सदृश
precise;एकदम सही
anxious;चिंतित
structural;संरचनात्मक
residential;आवासीय
diagnose;का निदान
carbohydrate;कार्बोहाइड्रेट
liberty;स्वतंत्रता
poster;पोस्टर
theology;धर्मशास्र
nonprofit;ग़ैर-लाभकारी
crawl;घुटनों के बल चलना
oxygen;ऑक्सीजन
handsome;आकर्षक
sum;जोड़
provided;बशर्ते
businessman;व्यवसायी
promising;का वादा
conscious;सचेत
determination;दृढ़ निश्चय
donor;दाता
hers;उसकी
pastor;पादरी
jazz;जाज
opera;ओपेरा
acquisition;अधिग्रहण
pit;गड्ढा
hug;गले लगाना
wildlife;वन्यजीव
punish;सज़ा देना
equity;हिस्सेदारी
doorway;द्वार
departure;प्रस्थान
elevator;लिफ़्ट
teenage;किशोर का
guidance;सलाह
happiness;ख़ुशी
statue;मूर्ति
pursuit;तलाश
repair;मरम्मत
decent;शालीन
gym;जिम
oral;मौखिक
clerk;क्लर्क
envelope;लिफ़ाफ़ा
reporting;रिपोर्टिंग
destination;गंतव्य
fist;मुट्ठी
endorse;समर्थन
exploration;अन्वेषण
generous;उदार
bath;स्नान
thereby;जिसके चलते
indicator;सूचक
sunlight;सूरज की रोशनी
feedback;प्रतिक्रिया
spectrum;स्पेक्ट्रम
purple;बैंगनी
laser;लेज़र
bold;साहसिक
reluctant;वे हिचकिचाते हैं
starting;शुरुआत
expertise;विशेषज्ञता
practically;वास्तव में
eating;खाना
hint;संकेत देना
sharply;तेज़ी से
parade;परेड
realm;क्षेत्र
cancel;रद्द करना
blend;मिलाना
therapist;चिकित्सक
peel;छाल
pizza;पिज़्ज़ा
recipient;प्राप्तकर्ता
hesitate;संकोच करना
flip;पलटना
accounting;लेखांकन
bias;पक्षपात
huh;हुह
metaphor;रूपक
candle;मोमबत्ती
judicial;अदालती
entity;कंपनी
suffering;कष्ट
full-time;पूरा समय
lamp;दीपक
garbage;कचरा
servant;नौकर
regulatory;नियामक
diplomatic;कूटनीतिक
elegant;सुरुचिपूर्ण
reception;स्वागत समारोह
vanish;गायब होना
automatically;खुद ब खुद
chin;ठोड़ी
necessity;ज़रूरत
confess;अपराध स्वीकार करना
racism;जातिवाद
starter;स्टार्टर
banking;बैंकिंग
casual;लापरवाह
gravity;गुरुत्वाकर्षण
enroll;नामांकन
diminish;घटाना
prevention;निवारण
minimize;छोटा करना
chop;काटना
performer;अभिनेता
intent;इरादा
isolate;अलग
inventory;भंडार
productive;उत्पादक
assembly;सभा
civic;नागरिक
silk;रेशम
magnitude;आकार
steep;सीधी चढ़ाई
hostage;बंधक
collector;एकत्र करनेवाला
popularity;लोकप्रियता
alien;विदेशी
dynamic;गतिशील
scary;डरावना
equation;समीकरण
angel;देवदूत
offering;प्रस्ताव
rage;तेज़ी
photography;फोटोग्राफी
toilet;शौचालय
disappointed;निराश
precious;कीमती
prohibit;निषेध
realistic;वास्तविक
hidden;छुपे हुए
tender;निविदा
gathering;सभा
outstanding;असाधारण
stumble;ठोकर
lonely;अकेला
automobile;ऑटोमोबाइल
artificial;कृत्रिम
dawn;भोर
abstract;सार
descend;उतरना
silly;नासमझ
tide;ज्वार-भाटा
shared;साझा
hopefully;उम्मीद है
readily;आसानी से
cooperate;सहयोग
revolutionary;क्रांतिकारी
romance;रोमांस
hardware;हार्डवेयर
pillow;तकिया
kit;किट
continent;महाद्वीप
seal;नाकाबंदी करना
circuit;सर्किट
ruling;सत्तारूढ़
shortage;कमी
annually;प्रतिवर्ष
lately;हाल तक
scan;स्कैन
fool;बुद्धू
deadline;समयसीमा
rear;पिछला
processing;प्रसंस्करण
ranch;खेत
coastal;तटीय
undertake;आरंभ करना
softly;नरमी से
burning;जलता हुआ
verbal;मौखिक
tribal;जनजातीय
ridiculous;हास्यास्पद
automatic;स्वचालित
diamond;हीरा
credibility;साख
import;आयात
sexually;यौन
divine;दिव्य
sentiment;भाव
cart;कार्ट
oversee;देखरेख
o'clock;बजे
elder;बड़े
pro;समर्थक
inspiration;प्रेरणा
Dutch;डच
quantity;मात्रा
trailer;ट्रेलर
mate;मौत
Greek;यूनानी
genius;प्रतिभावान
monument;स्मारक
bid;बोली
quest;खोज
sacrifice;बलिदान
invitation;आमंत्रण
accuracy;शुद्धता
juror;जूरियों में एक व्यक्रित
officially;आधिकारिक तौर पर
broker;दलाल
treasure;खजाना
loyalty;निष्ठा
talented;प्रतिभावान
gasoline;पेट्रोल
stiff;अकड़न
output;उत्पादन
nominee;नामांकित
extended;विस्तारित
diabetes;मधुमेह
slap;थप्पड़
toxic;विषाक्त
alleged;कथित
jaw;जबड़ा
grief;शोक
mysterious;रहस्यमय
rocket;राकेट
donate;दान करना
inmate;कैदी
tackle;जूझना
dynamics;गतिकी
bow;सिर झुकाना
ours;हमारा
dignity;गौरव
carpet;कालीन
parental;पैतृक
bubble;बुलबुला
buddy;साथी
barn;खलिहान है
sword;तलवार
seventh;सातवीं
glory;वैभव
tightly;मज़बूती से
protective;रक्षात्मक
tuck;टक
drum;ड्रम
faint;बेहोश
queen;रानी
dilemma;दुविधा
input;इनपुट
specialize;विशेषज्ञ
northeast;ईशान कोण
shallow;उथला
liability;देयता
sail;नाव चलाना
merchant;सोदागर
stadium;स्टेडियम
improved;उन्नत
bloody;रक्तरंजित
associated;संबद्ध
withdrawal;निकासी
refrigerator;फ्रिज
nest;घोंसला
thoroughly;अच्छी तरह से
lane;गली
ancestor;पूर्वज
condemn;निंदा करना
steam;भाप
accent;लहजा
optimistic;आशावादी
unite;यूनाईटेड
cage;पिंजरा
equip;लैस
shrimp;झींगा
homeland;मातृभूमि
rack;रैक
costume;पोशाक
wolf;भेड़िया
courtroom;अदालत
statute;क़ानून
cartoon;कार्टून
productivity;उत्पादकता
grin;मुसकान
symbolic;प्रतीकात्मक
bug;कीड़ा
bless;आशीर्वाद देना
aunt;चाची
agriculture;कृषि
hostile;विरोधी
conceive;गर्भ धारण
combined;संयुक्त
instantly;हाथों हाथ
bankruptcy;दिवालियापन
vaccine;टीका
bonus;बक्शीश
collaboration;सहयोग
mixed;मिला हुआ
opposed;विरोध
orbit;की परिक्रमा
grasp;पकड़
patience;धैर्य
spite;विरोध
tropical;उष्णकटिबंधीय
voting;मतदान
patrol;पहरा
willingness;इच्छा
revelation;रहस्योद्घाटन
calm;शांत
jewelry;जेवर
Cuban;क्यूबा
haul;प्राप्त वस्तु
concede;स्वीकार करना
wagon;गाड़ी
afterward;इसके बाद
spectacular;दर्शनीय
ruin;बर्बाद
sheer;निरा
immune;प्रतिरक्षा
reliability;विश्वसनीयता
ass;है
alongside;साथ - साथ
bush;झाड़ी
exotic;विदेशी
fascinating;चित्ताकर्षक
clip;क्लिप
thigh;जाँघ
bull;सांड
drawer;दराज
sheep;भेड़
discourage;हतोत्साहित करना
coordinator;समन्वयक
ideological;विचारधारा
runner;हरकारा
secular;धर्मनिरपेक्ष
intimate;अन्तरंग
empire;साम्राज्य
cab;कैब
exam;परीक्षा
documentary;दस्तावेज़ी
neutral;तटस्थ
biology;जीवविज्ञान
flexible;लचीला
progressive;प्रगतिशील
web;वेब
conspiracy;षड़यंत्र
casualty;दुर्घटना
republic;गणतंत्र
execution;कार्यान्वयन
terrific;कमाल का
whale;व्हेल
functional;कार्यात्मक
instinct;स्वाभाविक प्रवृत्ति
teammate;टीममाइट
aluminum;अल्युमीनियम
whoever;कोई भी हो
ministry;मंत्रालय
verdict;निर्णय
instruct;हिदायत
skull;खोपड़ी
self-esteem;आत्म सम्मान
cooperative;सहयोगी
manipulate;हेरफेर करना
bee;मधुमक्खी
practitioner;व्यवसायी
loop;फंदा
edit;संपादन करना
whip;कोड़ा
puzzle;पहेली
mushroom;मशरूम
subsidy;सब्सिडी
boil;उबलना
tragic;दुखद
mathematics;अंक शास्त्र
mechanic;मैकेनिक
jar;जार
earthquake;भूकंप
pork;सुअर का मांस
creativity;रचनात्मकता
safely;सुरक्षित रूप से
underlying;आधारभूत
dessert;मीठा व्यंजन
sympathy;सहानुभूति
fisherman;मछुआ
incredibly;अविश्वसनीय रूप से
isolation;एकांत
sock;मौज़ा
eleven;ग्यारह
sexy;कामुक
entrepreneur;उद्यमी
syndrome;सिंड्रोम
bureau;ब्यूरो
workplace;कार्यस्थल
ambition;महत्वाकांक्षा
touchdown;टचडाउन
utilize;उपयोग
breeze;समीर
costly;महंगा
ambitious;महत्वाकांक्षी
Christianity;ईसाई धर्म
presumably;शायद
influential;प्रभावशाली
translation;अनुवाद
uncertain;ढुलमुल
dissolve;भंग करना
statistical;सांख्यिकीय
gut;आंत
metropolitan;महानगर
rolling;रोलिंग
aesthetic;सौंदर्य संबंधी
spell;बोलना
insert;डालना
booth;बूथ
helmet;हेलमेट
waist;कमर
expected;अपेक्षित होना
lion;सिंह
accomplishment;उपलब्धि
royal;शाही
panic;घबराहट
crush;चूर-चूर करना
actively;सक्रिय
cliff;टीला
minimal;कम से कम
cord;रस्सी
fortunately;सौभाग्य से
cocaine;कोकीन
illusion;मोह माया
anonymous;अनाम
tolerate;सहन
appreciation;प्रशंसा
commissioner;आयुक्त
flexibility;FLEXIBILITY
instructional;अनुदेशात्मक
scramble;संघर्ष
casino;कैसीनो
tumor;फोडा
decorate;को सजाये
pulse;धड़कन
equivalent;बराबर
fixed;हल किया गया
experienced;अनुभव
donation;दान
diary;डायरी
sibling;भाई
irony;विडंबना
spoon;चम्मच
midst;बीच
alley;गली
interact;इंटरैक्ट करना
soap;साबुन
cute;प्यारा
rival;प्रतिद्वंद्वी
short-term;लघु अवधि
punch;पंच
pin;नत्थी करना
hockey;हॉकी
passing;मृत्यु
persist;दृढ़ रहना
supplier;प्रदायक
known;ज्ञात
momentum;गति
purse;बटुआ
shed;छप्पर
liquid;तरल
icon;आइकन
elephant;हाथी
consequently;फलस्वरूप
legislature;विधान मंडल
franchise;मताधिकार
correctly;सही ढंग से
mentally;मानसिक रूप से
foster;पोषक
bicycle;साइकिल
encouraging;उत्साहजनक
cheat;धोखा
heal;ठीक होना
fever;बुखार
filter;फिल्टर
rabbit;खरगोश
coin;सिक्का
exploit;शोषण करना
accessible;पहुंच योग्य
organism;जीव
sensation;सनसनी
partially;आंशिक रूप से
upstairs;ऊपर
dried;सूखा
conservation;संरक्षण
shove;धक्का
backyard;पिछवाड़े
charter;चार्टर
stove;चूल्हा
consent;अनुमति
comprise;समावेश
reminder;अनुस्मारक
alike;एक जैसे
placement;प्लेसमेंट
dough;गूंथा हुआ आटा
grandchild;पोता
dam;बाँध
reportedly;कथित तौर पर
well-known;जाने-माने
surrounding;आस-पास का
ecological;पारिस्थितिक
outfit;पोशाक
unprecedented;अभूतपूर्व
columnist;स्तंभकार
workout;कसरत करना
preliminary;प्रारंभिक
patent;पेटेंट
shy;संकोची
trash;कचरा
disabled;अक्षम
gross;कुल
damn;लानत है
hormone;हार्मोन
texture;बनावट
pencil;पेंसिल
frontier;सीमांत
spray;फुहार
disclose;खुलासा
custody;हिरासत
banker;बैंकर
beast;जानवर
interfere;हस्तक्षेप करना
oak;बलूत
eighth;आठवाँ
notebook;स्मरण पुस्तक
outline;खाका
attendance;उपस्थिति
speculation;अनुमान
uncover;उजागर
behalf;ओर से
innovative;अभिनव
shark;शार्क
mill;चक्की
installation;इंस्टालेशन
stimulate;उकसाना
tag;उपनाम
vertical;खड़ा
swimming;तैराकी
fleet;बेड़ा
catalog;सूची
outsider;पराया
desperately;सख्त
stance;मुद्रा
compel;मजबूर
sensitivity;संवेदनशीलता
someday;किसी दिन
instant;तुरंत
debut;प्रथम प्रवेश
proclaim;प्रोक्लेम
worldwide;दुनिया भर
hike;बढ़ोतरी
required;आवश्यक
confrontation;आमना-सामना
colorful;रंगीन
constitution;संविधान
trainer;ट्रेनर
Thanksgiving;धन्यवाद
scent;खुशबू
stack;ढेर
eyebrow;भौं
sack;थैला
cease;बंद करना
inherit;तुम्हें विरासत मिली
tray;ट्रे
pioneer;प्रथम अन्वेषक
organizational;संगठनात्मक
textbook;पाठयपुस्तक
uh;उह
nasty;बहुत खराब
shrink;सिकुड़ना
emerging;उभरते
dot;दूरसंचार विभाग
wheat;गेहूँ
fierce;भयंकर
envision;कल्पना करना
rational;तर्कसंगत
kingdom;साम्राज्य
aisle;गलियारा
weaken;कमजोर
protocol;मसविदा बनाना
exclusively;केवल
vocal;स्वर
marketplace;बाजार
openly;खुले तौर पर
unfair;अनुचित
terrain;इलाके
deploy;तैनात करना
risky;जोखिम भरा
pasta;पास्ता
genre;शैली
distract;विचलित
merit;योग्यता
planner;योजनाकर्ता
depressed;अवसादग्रस्त
chunk;टुकड़ा
closest;निकटतम
discount;छूट
ladder;सीढ़ी
jungle;जंगल
migration;प्रवास
breathing;सांस लेना
invade;पर आक्रमण
hurricane;चक्रवात
retailer;फुटकर विक्रेता
classify;वर्गीकृत
coup;तख्तापलट
ambassador;दूत
density;घनत्व
supportive;सहायक
curiosity;जिज्ञासा
skip;छोड़ें
aggression;आक्रमण
stimulus;प्रोत्साहन
journalism;पत्रकारिता
robot;रोबोट
dip;डुबोना
likewise;वैसे ही
informal;अनौपचारिक
Persian;फ़ारसी
feather;पंख
sphere;वृत्त
tighten;कस
boast;डींग
pat;वही
perceived;महसूस किया
sole;एकमात्र
publicity;प्रचार
unfold;उधेड़ना
well-being;हाल चाल
validity;वैधता
ecosystem;पारिस्थितिकी तंत्र
strictly;सख्ती से
partial;आंशिक
collar;गले का पट्टा
weed;खर-पतवार
compliance;अनुपालन
streak;धारी
supposedly;माना जाता है कि
added;जोड़ा
builder;निर्माता
glimpse;झलक
premise;आधार
specialty;स्पेशलिटी
deem;समझना
artifact;विरूपण साक्ष्य
sneak;उचक्का
monkey;बंदर
mentor;पथप्रदर्शक
two-thirds;दो तिहाई
listener;श्रोता
lightning;आकाशीय बिजली
legally;कानूनी तौर पर
sleeve;आस्तीन
disappointment;निराशा
disturb;व्यवधान डालना
rib;पसली
excessive;अत्यधिक
high-tech;हाई टेक
debris;मलबा
rod;छड़
logical;तार्किक
ash;राख
socially;सामाजिक रूप से
parish;पल्ली
slavery;गुलामी
blank;खाली
commodity;वस्तु
cure;इलाज
mineral;खनिज
hunger;भूख
dying;मरना
developmental;विकास संबंधी
faster;और तेज
spare;अतिरिक्त
halfway;आधे रास्ते
equality;समानता
cemetery;कब्रिस्तान
harassment;उत्पीड़न
deliberately;जान - बूझकर
fame;प्रसिद्धि
regret;खेद
striking;प्रहार
likelihood;संभावना
carrot;गाजर
atop;ऊपर
toll;टोल
rim;किनारा
embarrassed;शर्मिंदा
fucking;कमबख्त
cling;चिपकी
isolated;पृथक
blink;झपकी
suspicious;संदेहजनक
wheelchair;व्हीलचेयर
squad;दस्ता
eligible;योग्य
processor;प्रोसेसर
plunge;डुबकी
demographic;जनसांख्यिकीय
chill;सर्द
refuge;शरण
steer;स्टीयर
legislator;विधायक
rally;रैली
programming;प्रोग्रामिंग
cheer;खुश करना
outlet;दुकान
intact;जुड़ा रहना
vendor;वेंडर
thrive;फलना-फूलना
peanut;मूंगफली
chew;चबाना
elaborate;विस्तार में बताना
conception;धारणा
auction;नीलामी
steak;स्टेक
comply;पालन करना
triumph;विजयोल्लास
shareholder;शेयरहोल्डर
comparable;तुलनीय
transport;यातायात
conscience;अंतरात्मा की आवाज
calculation;गणना
considerably;काफी
interval;मध्यान्तर
scratch;खरोंचना
awake;जाग
jurisdiction;क्षेत्राधिकार
inevitably;अनिवार्य रूप से
feminist;नारीवादी
constraint;बाधा
emotionally;भावनात्मक रूप से
expedition;अभियान
allegedly;कथित तौर पर
similarity;समानता
butt;बट
lid;ढक्कन
dumb;बेवकूफ़
bulk;थोक
sprinkle;छींटे डालना
mortality;नश्वरता
philosophical;दार्शनिक
conversion;परिवर्तन
patron;संरक्षक
municipal;म्युनिसिपल
liver;यकृत
harmony;समन्वय
solely;अकेले
tolerance;सहनशीलता
goat;बकरी
blessing;दुआ
banana;केला
palace;महल
formerly;पूर्व
peasant;किसान
neat;साफ़
grandparent;दादा-दादी
lawmaker;व्यवस्थापक
supermarket;सुपरमार्केट
cruise;समुद्र में यात्रा करना
mobile;गतिमान
calendar;पंचांग
widow;विधवा
deposit;जमा
beard;दाढ़ी
brake;ब्रेक
screening;स्क्रीनिंग
impulse;आवेग
forbid;रोकना
fur;छाल
brutal;क्रूर
predator;दरिंदा
poke;झांकना
opt;चुनना
voluntary;स्वैच्छिक
valid;वैध
forum;मंच
dancing;नृत्य
happily;आनंद से
soar;ऊंची उड़ान भरना
removal;निष्कासन
autonomy;स्वायत्तता
enact;अभिनय करना
thread;धागा
landmark;सीमाचिह्न
unhappy;अप्रसन्न
offender;अपराधी
coming;आ रहा
privately;निजी तौर पर
fraction;अंश
distinctive;विशेष
tourism;पर्यटन
threshold;सीमा
routinely;नियमित रूप से
suite;सुइट
regulator;रेगुलेटर
straw;स्ट्रॉ
theological;धार्मिक
exhaust;थका देना
globe;ग्लोब
fragile;भंगुर
objection;आपत्ति
chemistry;रसायन विज्ञान
old-fashioned;पुराने ज़माने का
crowded;भीड़-भाड़ वाला
blast;विस्फोट
prevail;प्रचलित होना
overnight;रातों रात
denial;इनकार
rental;किराये पर लेना
fantastic;ज़बरदस्त
fragment;टुकड़ा
screw;पेंच
warmth;गरमाहट
undergraduate;अवर
headache;सरदर्द
policeman;पोलिस वाला
projection;प्रक्षेपण
suitable;उपयुक्त
graduation;स्नातक स्तर की पढ़ाई
drill;छेद करना
cruel;निर्दयी
mansion;हवेली
grape;अंगूर
authorize;अधिकृत
cottage;झोपड़ी
driveway;सड़क
charm;आकर्षण
sexuality;लैंगिकता
loyal;निष्ठावान
clay;चिकनी मिट्टी
balloon;गुब्बारा
invention;आविष्कार
ego;अहंकार
fare;करना
homework;गृहकार्य
disc;डिस्क
sofa;सोफ़ा
availability;उपलब्धता
radar;राडार
frown;घुड़की
regain;हासिल
sweater;स्वेटर
rehabilitation;पुनर्वास
rubber;रबड़
retreat;वापसी
molecule;अणु
freely;आज़ादी से
favorable;अनुकूल
steadily;तेजी से
integrated;एकीकृत
ha;उसके पास
youngster;नौजवान
premium;बीमा किस्त
accountability;जवाबदेही
overwhelm;डूब
one-third;एक तिहाई
contemplate;मनन
update;अपडेट करें
spark;स्पार्क
ironically;विडम्बना से
fatigue;थकान
speculate;कल्पना करना
marker;निशान
preach;धर्म का उपदेश देना
bucket;बाल्टी
blond;गोरा
confession;स्वीकारोक्ति
provoke;उकसाना
marble;संगमरमर
substantially;काफी हद तक
defender;रक्षक
explicit;मुखर
disturbing;परेशान
surveillance;निगरानी करना
magnetic;चुंबकीय
technician;तकनीशियन
mutter;मां
devastating;भयानक
depart;रवाना होना
arrow;तीर
trauma;सदमा
neighboring;पड़ोसी
soak;डुबाना
ribbon;फीता
meantime;इसी बीच
transmit;संचारित
harvest;फसल काटना
consecutive;लगातार
coordinate;समन्वय
spy;जासूस
slot;छेद
riot;दंगा
nutrient;पुष्टिकर
citizenship;सिटिज़नशिप
severely;कठोरता से
sovereignty;संप्रभुता
ridge;चोटी
brave;बहादुर
lighting;प्रकाश
specify;उल्लिखित करना
contributor;योगदान देने वाला
frustrate;हताश
articulate;स्पष्ट, गाँठदार
importantly;महत्वपूर्ण बात
transit;पारगमन
dense;सघन
seminar;सेमिनार
electronics;इलेक्ट्रानिक्स
sunny;धूप
shorts;निकर
swell;सूजना
accusation;आरोप
soften;नरमी के
straighten;सीधा
terribly;बहुत
cue;संकेत
bride;दुल्हन
biography;जीवनी
hazard;जोखिम
compelling;सम्मोहक
seldom;कभी-कभी
tile;टाइल
economically;आर्थिक
honestly;ईमानदारी से
troubled;तंग किया
twentieth;ट्वेंटिएथ
balanced;संतुलित
foreigner;परदेशी
convenience;सुविधा
delight;आनंद
weave;बुनना
timber;लकड़ी
till;प्रति
accurately;सही रूप में
plea;दलील
bulb;बल्ब
flying;फ्लाइंग
sustainable;टिकाऊ
devil;शैतान
bolt;पेंच
cargo;माल
spine;रीढ़ की हड्डी
seller;विक्रेता
skilled;कुशल
managing;प्रबंध
marine;समुद्री
dock;गोदी
organized;का आयोजन किया
fog;कोहरा
diplomat;राजनयिक
boring;उबाऊ
sometime;कुछ समय
summary;सारांश
missionary;मिशनरी
epidemic;महामारी
fatal;घातक
trim;काट-छांट करना
warehouse;गोदाम
accelerate;में तेजी लाने के
butterfly;तितली
bronze;पीतल
drown;डुबकर मरना
inherent;अंतर्निहित
nationwide;राष्ट्रव्यापी
spit;थूकना
kneel;घुटना टेकना
vacuum;खालीपन
selected;चयनित
dictate;हुक्म
