the;il
and;e
have;avere
that;Quello
for;per
you;voi
with;insieme a
say;dire
this;questo
they;essi
but;ma
his;il suo
from;da
not;non
she;lei
as;come
what;che cosa
their;i loro
can;Potere
who;chi
get;ottenere
would;voluto
her;suo
all;tutto
make;rendere
about;di
know;sapere
will;volere
one;uno
time;volta
there;là
year;anno
think;pensare
when;quando
which;quale
them;loro
some;alcuni
people;le persone
take;prendere
out;fuori
into;in
just;Appena
see;vedere
him;lui
your;tuo
come;venire
could;Potevo
now;adesso
than;di
like;piace
other;Altro
how;come
then;poi
its;suo
our;i nostri
two;Due
more;Di più
these;queste
want;volere
way;modo
look;Guarda
first;primo
also;anche
new;nuovo
because;perché
day;giorno
use;uso
man;uomo
find;trova
here;qui
thing;cosa
give;dare
many;molti
well;bene
only;solo
those;quelli
tell;raccontare
very;molto
even;anche
back;Indietro
any;qualunque
good;Buona
woman;donna
through;attraverso
life;vita
child;bambino
work;opera
down;fuori uso
may;Maggio
after;dopo
should;dovrebbe
call;chiamata
world;mondo
over;Sopra
school;scuola
still;ancora
try;Tentativo
last;Ultimo
ask;Chiedi
need;bisogno
too;anche
feel;tatto
three;tre
state;stato
never;mai
become;diventare
between;fra
high;alto
really;veramente
something;qualche cosa
most;più
another;altro
much;tanto
family;famiglia
own;possedere
leave;partire
put;mettere
old;vecchio
while;mentre
mean;significare
keep;mantenere
student;alunno
why;perché
let;permettere
great;grande
same;stesso
big;grande
group;gruppo
begin;inizio
seem;sembrare
country;nazione
help;aiuto
talk;parlare
where;dove
turn;giro
problem;problema
every;ogni
start;inizio
hand;mano
might;potrebbe
American;americano
show;mostrare
part;parte
against;contro
place;posto
such;tale
again;ancora
few;pochi
case;Astuccio
week;settimana
company;azienda
system;sistema
each;a testa
right;Giusto
program;programma
hear;ascoltare
question;domanda
during;in occasione
play;giocare a
government;governo
run;correre
small;piccolo
number;numero
off;spento
always;sempre
move;muoversi
night;notte
live;abitare
Mr;Sig
point;punto
believe;ritenere
hold;presa
today;oggi
bring;portare
happen;accadere
next;prossimo
without;senza
before;prima
large;di grandi dimensioni
million;milioni
must;dovere
home;casa
under;sotto
water;acqua
room;camera
write;scrivere
mother;madre
area;la zona
national;nazionale
money;i soldi
story;storia
young;giovane
fact;fatto
month;mese
different;diverso
lot;quantità
study;studia
book;prenotare
eye;occhio
job;lavoro
word;parola
though;anche se
business;attività commerciale
issue;problema
side;lato
kind;tipo
four;quattro
head;testa
far;lontano
black;Nero
long;lungo
both;Entrambi
little;piccolo
house;Casa
yes;sì
since;da
provide;fornire
service;servizio
around;intorno a
friend;amico
important;importante
father;padre
sit;sedersi
away;lontano
until;Fino a
power;potenza
hour;ora
game;gioco
often;Spesso
yet;ancora
line;linea
political;politico
end;fine
among;fra
ever;mai
stand;In piedi
bad;cattivo
lose;perdere
however;però
member;membro
pay;pagare
law;legge
meet;incontrare
car;macchina
city;città
almost;quasi
include;includere
continue;Continua
set;impostare
later;dopo
community;Comunità
name;nome
five;cinque
once;una volta
white;bianca
least;meno
president;Presidente
learn;imparare
real;vero
change;modificare
team;squadra
minute;minuto
best;migliore
several;parecchi
idea;idea
kid;ragazzo
body;corpo
information;informazione
nothing;niente
ago;fa
lead;piombo
social;sociale
understand;comprendere
whether;se
watch;guarda
together;insieme
follow;Seguire
parent;genitore
stop;fermare
face;viso
anything;qualsiasi cosa
create;creare
public;pubblico
already;già
speak;parlare
others;altri
read;leggere
level;livello
allow;permettere
add;Inserisci
office;ufficio
spend;Spendere
door;porta
health;Salute
person;persona
art;arte
sure;sicuro
war;guerra
history;storia
party;festa
within;entro
grow;crescere
result;risultato
open;aprire
morning;mattina
walk;camminare
reason;Motivo
low;basso
win;vincita
research;ricerca
girl;ragazza
guy;tipo
early;presto
food;cibo
moment;momento
himself;lui stesso
air;aria
teacher;insegnante
force;forza
offer;offerta
enough;abbastanza
education;formazione scolastica
across;attraverso
although;Sebbene
remember;ricordare
foot;piede
second;secondo
boy;ragazzo
maybe;può essere
toward;verso
able;capace
age;età
policy;politica
everything;Tutto quanto
love;amore
process;processi
music;musica
including;Compreso
consider;ritenere
appear;apparire
actually;in realtà
buy;acquistare
probably;probabilmente
human;umano
wait;aspettare
serve;servire
market;mercato
die;il
send;inviare
expect;aspettare
sense;senso
build;costruire
stay;restare
fall;autunno
oh;oh
nation;nazione
plan;Piano
cut;tagliare
college;Università
interest;interesse
death;Morte
course;corso
someone;qualcuno
experience;Esperienza
behind;dietro
reach;portata
local;Locale
kill;uccisione
six;sei
remain;rimanere
effect;effetto
yeah;si
suggest;suggerire
class;classe
control;controllo
raise;aumentare
care;cura
perhaps;forse
late;tardi
hard;difficile
field;campo
else;altro
pass;passaggio
former;ex
sell;vendere
major;principale
sometimes;a volte
require;richiedere
along;lungo
development;sviluppo
themselves;loro stessi
report;rapporto
role;ruolo
better;meglio
economic;economico
effort;sforzo
decide;decidere
rate;Vota
strong;forte
possible;possibile
heart;cuore
drug;droga
leader;capo
light;luce
voice;voce
wife;moglie
whole;totale
police;Polizia Stradale
mind;mente
finally;finalmente
pull;tiro
return;Restituzione
free;gratuito
military;militare
price;prezzo
less;meno
according;secondo
decision;decisione
explain;spiegare
son;figlio
hope;speranza
develop;sviluppare
view;Visualizza
relationship;relazione
carry;trasportare
town;cittadina
road;strada
drive;viaggio
arm;braccio
TRUE;VERO
federal;federale
break;rompere
difference;differenza
thank;Grazie
receive;ricevere
value;valore
international;internazionale
building;costruzione
action;azione
full;completo
model;modello
join;giuntura
season;stagione
society;società
tax;imposta
director;direttore
position;posizione
player;giocatore
agree;essere d&#39;accordo
especially;specialmente
record;disco
pick;scegliere
wear;indossare
paper;carta
special;speciale
space;spazio
ground;terra
form;modulo
support;sostegno
event;evento
official;ufficiale
whose;il cui, di chi
matter;importa
everyone;tutti
center;centro
couple;coppia
site;luogo
project;progetto
hit;colpo
base;base
activity;attività
star;stella
table;tavolo
court;Tribunale
produce;produrre
eat;mangiare
teach;insegnare
oil;olio
half;metà
situation;situazione
easy;facile
cost;costo
industry;industria
figure;figura
street;strada
image;Immagine
itself;si
phone;Telefono
either;o
data;dati
cover;coperchio
quite;piuttosto
picture;immagine
clear;chiaro
practice;la pratica
piece;pezzo
land;terra
recent;recente
describe;descrivere
product;Prodotto
doctor;medico
wall;parete
patient;paziente
worker;lavoratore
news;notizia
test;test
movie;film
certain;certo
north;nord
personal;personale
simply;semplicemente
third;Terzo
technology;tecnologia
catch;presa
step;fare un passo
baby;bambino
computer;computer
type;genere
attention;Attenzione
draw;disegno
film;film
Republican;Repubblicano
tree;albero
source;fonte
red;rosso
nearly;quasi
organization;organizzazione
choose;scegliere
cause;causa
hair;capelli
century;secolo
evidence;evidenza
window;finestra
difficult;difficile
listen;ascoltare
soon;presto
culture;cultura
billion;miliardi
chance;opportunità
brother;fratello
energy;energia
period;periodo
summer;estate
realize;rendersi conto
hundred;centinaio
available;a disposizione
plant;pianta
likely;probabile
opportunity;opportunità
term;termine
short;breve
letter;lettera
condition;condizione
choice;scelta
single;separare
rule;regola
daughter;figlia
administration;amministrazione
south;Sud
husband;marito
Congress;Congresso
floor;pavimento
campaign;campagna
material;Materiale
population;popolazione
economy;economia
medical;medico
hospital;Ospedale
church;Chiesa
close;chiudere
thousand;mille
risk;rischio
current;attuale
fire;fuoco
future;futuro
wrong;sbagliato
involve;coinvolgere
defense;difesa
anyone;chiunque
increase;aumento
security;sicurezza
bank;banca
myself;me stesso
certainly;di certo
west;ovest
sport;sport
board;asse
seek;cercare
per;per
subject;materia
officer;ufficiale
private;privato
rest;riposo
behavior;comportamento
deal;affare
performance;prestazione
fight;combattere
throw;gettare
top;superiore
quickly;velocemente
past;passato
goal;obiettivo
bed;letto
order;ordine
author;autore
fill;riempire
represent;rappresentare
focus;messa a fuoco
foreign;straniera
drop;far cadere
blood;sangue
upon;su
agency;agenzia
push;spingere
nature;natura
color;colore
recently;recentemente
store;negozio
reduce;ridurre
sound;suono
note;Nota
fine;bene
near;vicino
movement;movimento
page;pagina
enter;accedere
share;Condividere
common;Comune
poor;povero
natural;naturale
race;gara
concern;preoccupazione
series;serie
significant;significativo
similar;simile
hot;piccante
language;linguaggio
usually;Generalmente
response;risposta
dead;morto
rise;salita
animal;animale
factor;fattore
decade;decennio
article;articolo
shoot;sparare
east;est
save;Salva
seven;Sette
artist;artista
scene;scena
stock;scorta
career;carriera
despite;nonostante
central;centrale
eight;otto
thus;così
treatment;trattamento
beyond;al di là
happy;felice
exactly;Esattamente
protect;proteggere
approach;approccio
lie;menzogna
size;taglia
dog;cane
fund;finanziare
serious;serio
occur;verificarsi
media;media
ready;pronto
sign;cartello
thought;pensiero
list;elenco
individual;individuale
simple;semplice
quality;qualità
pressure;pressione
accept;accettare
answer;Rispondere
resource;risorsa
identify;identificare
left;sinistra
meeting;incontro
determine;determinare
prepare;preparare
disease;patologia
whatever;qualunque cosa
success;successo
argue;litigare
cup;tazza
particularly;in particolar modo
amount;Quantità
ability;capacità
staff;personale
recognize;riconoscere
indicate;indicare
character;carattere
growth;crescita
loss;perdita
degree;livello
wonder;meraviglia
attack;attacco
herself;se stessa
region;regione
television;televisione
box;scatola
TV;tv
training;addestramento
pretty;bello
trade;commercio
election;elezione
everybody;tutti
physical;fisico
lay;posizione
general;generale
feeling;sensazione
standard;standard
bill;fattura
message;Messaggio
fail;fallire
outside;fuori
arrive;arrivare
analysis;analisi
benefit;beneficio
sex;sesso
forward;inoltrare
lawyer;avvocato
present;regalo
section;sezione
environmental;ambientale
glass;bicchiere
skill;abilità
sister;sorella
PM;PM
professor;professoressa
operation;operazione
financial;finanziario
crime;crimine
stage;palcoscenico
ok;ok
compare;confrontare
authority;autorità
miss;Perdere
design;disegno
sort;ordinare
act;atto
ten;dieci
knowledge;conoscenza
gun;pistola
station;stazione
blue;blu
strategy;strategia
clearly;chiaramente
discuss;discutere
indeed;infatti
truth;verità
song;canzone
example;esempio
democratic;democratico
check;dai un&#39;occhiata
environment;ambiente
leg;gamba
dark;scuro
various;vari
rather;piuttosto
laugh;ridere
guess;indovinare
executive;esecutivo
prove;dimostrare
hang;appendere
entire;intero
rock;roccia
forget;dimenticare
claim;reclamo
remove;rimuovere
manager;gestore
enjoy;divertiti
network;Rete
legal;legale
religious;religioso
cold;freddo
final;finale
main;principale
science;scienza
green;verde
memory;memoria
card;carta
above;sopra
seat;posto a sedere
cell;cellula
establish;stabilire
nice;simpatico
trial;prova
expert;esperto
spring;molla
firm;ditta
Democrat;Democratico
radio;Radio
visit;visitare
management;gestione
avoid;evitare
imagine;immaginare
tonight;stasera
huge;enorme
ball;sfera
finish;finire
yourself;te stesso
theory;teoria
impact;impatto
respond;rispondere
statement;dichiarazione
maintain;mantenere
charge;carica
popular;popolare
traditional;tradizionale
onto;su
reveal;svelare
direction;direzione
weapon;arma
employee;dipendente
cultural;culturale
contain;contenere
peace;pace
pain;dolore
apply;applicare
measure;misurare
wide;largo
shake;scuotere
fly;volare
interview;colloquio
manage;gestire
chair;sedia
fish;pesce
particular;particolare
camera;telecamera
structure;struttura
politics;politica
perform;eseguire
bit;morso
weight;il peso
suddenly;all&#39;improvviso
discover;scoprire
candidate;candidato
production;produzione
treat;trattare
trip;viaggio
evening;sera
affect;influenzare
inside;dentro
conference;conferenza
unit;unità
style;stile
adult;adulto
worry;preoccupazione
range;gamma
mention;citare
deep;profondo
edge;bordo
specific;specifico
writer;scrittore
trouble;problemi
necessary;necessario
throughout;per tutto
challenge;sfida
fear;paura
shoulder;spalla
institution;istituzione
middle;mezzo
sea;mare
dream;sognare
bar;sbarra
beautiful;Bellissima
property;proprietà
instead;invece
improve;Ottimizzare
stuff;roba
detail;dettaglio
method;metodo
somebody;qualcuno
magazine;rivista
hotel;Hotel
soldier;soldato
reflect;riflettere
heavy;pesante
sexual;sessuale
bag;Borsa
heat;calore
marriage;matrimonio
tough;difficile
sing;cantare
surface;superficie
purpose;scopo
exist;esistere
pattern;modello
whom;chi
skin;pelle
agent;agente
owner;proprietario
machine;macchina
gas;gas
ahead;avanti
generation;generazione
commercial;commerciale
address;indirizzo
cancer;cancro
item;elemento
reality;realtà
coach;allenatore
Mrs;Sig.ra
yard;cortile
beat;colpo
violence;violenza
total;totale
tend;tendere
investment;investimento
discussion;discussione
finger;dito
garden;giardino
notice;Avviso
collection;collezione
modern;moderno
task;compito
partner;compagno
positive;positivo
civil;civile
kitchen;cucina
consumer;consumatore
shot;sparo
budget;bilancio
wish;desiderio
painting;la pittura
scientist;scienziato
safe;sicuro
agreement;accordo
capital;capitale
mouth;bocca
nor;né
victim;vittima
newspaper;giornale
threat;minaccia
responsibility;responsabilità
smile;Sorridi
attorney;avvocato
score;punto
account;account
interesting;interessante
audience;pubblico
rich;ricco
dinner;cena
vote;votazione
western;occidentale
relate;relazionare
travel;viaggiare
debate;discussione
prevent;impedire
citizen;cittadino
majority;maggioranza
none;nessuno
front;davanti
born;Nato
admit;ammettere
senior;anziano
assume;assumere
wind;vento
key;chiave
professional;professionale
mission;missione
fast;veloce
alone;solo
customer;cliente
suffer;soffrire
speech;discorso
successful;riuscito
option;opzione
participant;partecipante
southern;meridionale
fresh;fresco
eventually;infine
forest;foresta
video;video
global;globale
Senate;Senato
reform;riforma
access;accesso
restaurant;ristorante
judge;giudice
publish;pubblicare
relation;relazione
release;pubblicazione
bird;uccello
opinion;opinione
credit;credito
critical;critico
corner;angolo
concerned;ha riguardato
recall;richiamare
version;versione
stare;fissare
safety;sicurezza
effective;efficace
neighborhood;quartiere
original;originale
troop;truppe
income;reddito
directly;direttamente
hurt;male
species;specie
immediately;subito
track;traccia
basic;di base
strike;colpire
sky;cielo
freedom;libertà
absolutely;assolutamente
plane;aereo
nobody;nessuno
achieve;raggiungere
object;oggetto
attitude;atteggiamento
labor;lavoro duro e faticoso
refer;fare riferimento
concept;concetto
client;cliente
powerful;potente
perfect;Perfetto
nine;nove
therefore;dunque
conduct;condotta
announce;annunciare
conversation;conversazione
examine;esaminare
touch;tocco
please;per favore
attend;frequentare
completely;completamente
variety;varietà
sleep;dormire
involved;coinvolti
investigation;indagine
nuclear;nucleare
researcher;ricercatore
press;stampa
conflict;conflitto
spirit;spirito
replace;sostituire
British;Britannico
encourage;incoraggiare
argument;discussione
camp;campo
brain;cervello
feature;caratteristica
afternoon;pomeriggio
AM;SONO
weekend;fine settimana
dozen;dozzina
possibility;possibilità
insurance;assicurazione
department;Dipartimento
battle;battaglia
beginning;inizio
date;Data
generally;in genere
African;africano
sorry;spiacente
crisis;crisi
complete;completare
fan;fan
stick;bastone
define;definire
easily;facilmente
hole;buco
element;elemento
vision;visione
status;stato
normal;normale
Chinese;Cinese
ship;nave
solution;soluzione
stone;calcolo
slowly;lentamente
scale;scala
university;Università
introduce;introdurre
driver;autista
attempt;tentativo
park;parco
spot;macchiare
lack;la mancanza
ice;Ghiaccio
boat;barca
drink;bere
sun;sole
distance;distanza
wood;Di legno
handle;maneggiare
truck;camion
mountain;montagna
survey;indagine
supposed;ipotetico
tradition;tradizione
winter;inverno
village;villaggio
Soviet;sovietico
refuse;rifiutare
sales;i saldi
roll;rotolo
communication;comunicazione
screen;schermo
gain;guadagno
resident;residente
hide;nascondere
gold;oro
club;club
farm;azienda agricola
potential;potenziale
European;europeo
presence;presenza
independent;indipendente
district;quartiere
shape;forma
reader;lettore
Ms;SM
contract;contrarre
crowd;folla
Christian;cristiano
express;esprimere
apartment;appartamento
willing;disposto
strength;forza
previous;precedente
band;gruppo musicale
obviously;ovviamente
horse;cavallo
interested;interessato
target;obbiettivo
prison;prigione
ride;giro
guard;guardia
terms;termini
demand;domanda
reporter;reporter
deliver;consegnare
text;testo
tool;attrezzo
wild;selvaggio
vehicle;veicolo
observe;osservare
flight;volo
facility;facilità
understanding;comprensione
average;media
emerge;emergere
advantage;vantaggio
quick;Presto
leadership;comando
earn;guadagnare
pound;libbra
basis;base
bright;luminosa
operate;operare
guest;ospite
sample;campione
contribute;contribuire
tiny;minuscolo
block;bloccare
protection;protezione
settle;fissare
feed;alimentazione
collect;raccogliere
additional;aggiuntivo
highly;altamente
identity;identità
title;titolo
mostly;per lo più
lesson;lezione
faith;fede
river;fiume
promote;promuovere
living;vita
count;contare
unless;salvo che
marry;sposare
tomorrow;Domani
technique;tecnica
path;sentiero
ear;orecchio
shop;negozio
folk;popolare
principle;principio
survive;sopravvivere
lift;sollevare
border;confine
competition;concorrenza
jump;salto
gather;mettere insieme
limit;limite
fit;in forma
cry;piangere
equipment;attrezzatura
worth;di valore
associate;socio
critic;critico
warm;caldo
aspect;aspetto
insist;insistere
failure;fallimento
annual;annuale
French;francese
Christmas;Natale
comment;commento
responsible;responsabile
affair;affare
procedure;procedura
regular;regolare
spread;differenza
chairman;presidente
baseball;baseball
soft;morbido
ignore;ignorare
egg;uovo
belief;credenza
demonstrate;dimostrare
anybody;nessuno
murder;omicidio
gift;regalo
religion;religione
review;revisione
editor;editore
engage;ingaggiare
coffee;caffè
document;documento
speed;velocità
cross;attraverso
influence;influenza
anyway;comunque
threaten;minacciare
commit;commettere
female;femmina
youth;gioventù
wave;onda
afraid;paura
quarter;trimestre
background;sfondo
native;nativo
broad;ampio
wonderful;meraviglioso
deny;negare
apparently;apparentemente
slightly;leggermente
reaction;reazione
twice;due volte
suit;completo da uomo
perspective;prospettiva
growing;in crescita
blow;soffio, soffiare
construction;costruzione
intelligence;intelligenza
destroy;distruggere
cook;cucinare
connection;connessione
burn;bruciare
shoe;scarpa
grade;grado
context;contesto
committee;Comitato
hey;Hey
mistake;errore
location;Posizione
clothes;Abiti
Indian;indiano
quiet;silenzioso
dress;vestire
promise;promettere
aware;consapevole
neighbor;vicino di casa
function;funzione
bone;osso
active;attivo
extend;estendere
chief;capo
combine;combinare
wine;vino
below;sotto
cool;freddo
voter;elettore
learning;apprendimento
bus;autobus
hell;inferno
dangerous;pericoloso
remind;ricordare
moral;morale
United;Unito
category;categoria
relatively;relativamente
victory;vittoria
academic;accademico
Internet;Internet
healthy;sano
negative;negativo
following;seguente
historical;storico
medicine;medicinale
tour;tour
depend;dipendere
photo;foto
finding;trovare
grab;preda
direct;diretto
classroom;aula
contact;contatto
justice;giustizia
participate;partecipare
daily;quotidiano
fair;giusto
pair;coppia
famous;famoso
exercise;esercizio
knee;ginocchio
flower;fiore
tape;nastro
hire;assumere
familiar;familiare
appropriate;adeguata
supply;la fornitura
fully;completamente
actor;attore
birth;nascita
search;ricerca
tie;legare
democracy;democrazia
eastern;orientale
primary;primario
yesterday;ieri
circle;cerchio
device;dispositivo
progress;progresso
bottom;parte inferiore
island;isola
exchange;scambio
clean;pulire
studio;studio
train;treno
lady;signora
colleague;collega
application;applicazione
neck;collo
lean;pendere
damage;danno
plastic;plastica
tall;alto
plate;piatto
hate;odiare
otherwise;altrimenti
writing;scrivere
male;maschio
alive;vivo
expression;espressione
football;calcio
intend;avere intenzione
chicken;pollo
army;esercito
abuse;abuso
theater;Teatro
shut;chiuso
map;carta geografica
extra;extra
session;sessione
danger;Pericolo
welcome;Benvenuto
domestic;domestico
lots;molti
literature;letteratura
rain;piovere
desire;desiderio
assessment;valutazione
injury;lesione
respect;rispetto
northern;settentrionale
nod;cenno
paint;dipingere
fuel;carburante
leaf;foglia
dry;asciutto
Russian;russo
instruction;istruzione
pool;piscina
climb;salita
sweet;dolce
engine;motore
fourth;il quarto
salt;sale
expand;espandere
importance;importanza
metal;metallo
fat;Grasso
ticket;biglietto
software;Software
disappear;scomparire
corporate;aziendale
strange;strano
lip;labbro
reading;lettura
urban;urbano
mental;mentale
increasingly;sempre più
lunch;il pranzo
educational;educativo
somewhere;in qualche luogo
farmer;contadino
sugar;zucchero
planet;pianeta
favorite;preferito
explore;Esplorare
obtain;ottenere
enemy;nemico
greatest;più grande
complex;complesso
surround;circondare
athlete;atleta
invite;invitare
repeat;ripetere
carefully;con attenzione
soul;anima
scientific;scientifico
impossible;impossibile
panel;pannello
meaning;significato
mom;mamma
married;sposato
instrument;strumento
predict;prevedere
weather;tempo atmosferico
presidential;presidenziale
emotional;emotivo
commitment;impegno
Supreme;Supremo
bear;orso
pocket;tasca
thin;sottile
temperature;temperatura
surprise;sorpresa
poll;sondaggio
proposal;proposta
consequence;conseguenza
breath;respiro
sight;vista
balance;equilibrio
adopt;adottare
minority;minoranza
straight;dritto
connect;Collegare
works;lavori
teaching;insegnamento
belong;appartenere
aid;aiuto
advice;consiglio
okay;bene
photograph;fotografia
empty;vuoto
regional;regionale
trail;sentiero
novel;romanzo
code;codice
somehow;in qualche modo
organize;organizzare
jury;giuria
breast;Seno
Iraqi;iracheno
acknowledge;riconoscere
theme;tema
storm;tempesta
union;unione
desk;scrivania
thanks;Grazie
fruit;frutta
expensive;caro
yellow;giallo
conclusion;conclusione
prime;primo
shadow;ombra
struggle;lotta
conclude;concludere
analyst;analista
dance;danza
regulation;regolamento
being;essendo
ring;squillo
largely;in gran parte
shift;spostare
revenue;reddito
mark;marchio
locate;individuare
county;contea
appearance;aspetto esteriore
package;pacchetto
difficulty;difficoltà
bridge;ponte
recommend;consiglia
obvious;ovvio
basically;fondamentalmente
e-mail;e-mail
generate;creare
anymore;più
propose;proporre
thinking;pensiero
possibly;possibilmente
trend;tendenza
visitor;visitatore
loan;prestito
currently;attualmente
comfortable;comodo
investor;investitore
profit;profitto
angry;arrabbiato
crew;equipaggio
accident;incidente
meal;pasto
hearing;udito
traffic;traffico
muscle;muscolo
notion;nozione
capture;catturare
prefer;preferire
truly;veramente
earth;terra
Japanese;giapponese
chest;il petto
thick;spesso
cash;Contanti
museum;Museo
beauty;bellezza
emergency;emergenza
unique;unico
internal;interno
ethnic;etnico
link;collegamento
stress;fatica
content;contenuto
select;Selezionare
root;radice
nose;naso
declare;dichiarare
appreciate;apprezzare
actual;effettivo
bottle;bottiglia
hardly;difficilmente
setting;ambientazione
launch;lancio
file;file
sick;malato
outcome;risultato
ad;anno Domini
defend;difendere
duty;dovere
sheet;foglio
ought;dovrebbe
ensure;garantire
Catholic;cattolico
extremely;estremamente
extent;estensione
component;componente
mix;mescolare
long-term;lungo termine
slow;Lento
contrast;contrasto
zone;zona
wake;veglia
airport;aeroporto
brown;Marrone
shirt;camicia
pilot;pilota
warn;avvisare
ultimately;in definitiva
cat;gatto
contribution;contributo
capacity;capacità
ourselves;noi stessi
estate;proprietà
guide;guida
circumstance;circostanza
snow;neve
English;inglese
politician;politico
steal;rubare
pursue;perseguire
slip;scontrino
percentage;percentuale
meat;la carne
funny;divertente
neither;né
soil;suolo
surgery;chirurgia
correct;corretta
Jewish;Ebreo
blame;colpa
estimate;stima
due;dovuto
basketball;pallacanestro
golf;golf
investigate;indagare
crazy;pazzo
significantly;in modo significativo
chain;catena
branch;ramo
combination;combinazione
frequently;frequentemente
governor;governatore
relief;sollievo
user;utente
dad;papà
kick;calcio
manner;maniera
ancient;antico
silence;silenzio
rating;valutazione
golden;d&#39;oro
motion;movimento
German;Tedesco
gender;Genere
solve;risolvere
fee;tassa
landscape;paesaggio
used;Usato
bowl;ciotola
equal;pari
forth;via
frame;telaio
typical;tipico
except;tranne
conservative;conservatore
eliminate;eliminare
host;ospite
hall;sala
trust;fiducia
ocean;oceano
row;riga
producer;produttore
afford;permettersi
meanwhile;nel frattempo
regime;regime
division;divisione
confirm;Confermare
fix;aggiustare
appeal;appello
mirror;specchio
tooth;dente
smart;inteligente
length;lunghezza
entirely;interamente
rely;fare affidamento
topic;argomento
complain;reclamo
variable;variabile
telephone;telefono
perception;percezione
attract;attirare
confidence;fiducia
bedroom;Camera da letto
secret;segreto
debt;debito
rare;raro
tank;cisterna
nurse;infermiera
coverage;copertura
opposition;opposizione
aside;a parte
anywhere;ovunque
bond;legame
pleasure;piacere
master;maestro
era;era
requirement;Requisiti
fun;divertimento
expectation;aspettativa
wing;ala
separate;separato
somewhat;un po&#39;
pour;per
stir;agitare
judgment;giudizio
beer;birra
reference;riferimento
tear;lacrima
doubt;dubbio
grant;concedere
seriously;sul serio
minister;ministro
totally;totalmente
hero;eroe
industrial;industriale
cloud;nube
stretch;stirata
winner;vincitore
volume;volume
seed;seme
surprised;sorpreso
fashion;moda
pepper;Pepe
busy;occupato
intervention;intervento
copy;copia
tip;mancia
cheap;a buon mercato
aim;scopo
cite;citare
welfare;benessere
vegetable;verdura
gray;grigio
dish;piatto
beach;spiaggia
improvement;miglioramento
everywhere;ovunque
opening;apertura
overall;complessivamente
divide;dividere
initial;iniziale
terrible;terribile
oppose;opporsi
contemporary;contemporaneo
route;percorso
multiple;multiplo
essential;essenziale
league;lega
criminal;penale
careful;attento
core;nucleo
upper;superiore
rush;fretta
necessarily;necessariamente
specifically;nello specifico
tired;stanco
employ;impiegare
holiday;vacanza
vast;vasto
resolution;risoluzione
household;domestico
fewer;meno
abortion;aborto
apart;a parte
witness;testimonianza
match;incontro
barely;appena
sector;settore
representative;rappresentante
beneath;sotto
beside;accanto
incident;incidente
limited;limitato
proud;orgoglioso
flow;fluire
faculty;facoltà
increased;è aumentato
waste;sciupare
merely;semplicemente
mass;messa
emphasize;enfatizzare
experiment;sperimentare
definitely;decisamente
bomb;bomba
enormous;enorme
tone;tono
liberal;liberale
massive;massiccio
engineer;ingegnere
wheel;ruota
decline;declino
invest;investire
cable;cavo
towards;verso qualcosa
expose;esporre
rural;rurale
AIDS;AIDS
Jew;O
narrow;stretto
cream;crema
secretary;segretario
gate;cancello
solid;solido
hill;collina
typically;tipicamente
noise;rumore
grass;erba
unfortunately;Sfortunatamente
hat;Ha
legislation;legislazione
succeed;avere successo
celebrate;celebrare
achievement;risultato
fishing;pesca
accuse;accusare
useful;utile
reject;rifiutare
talent;talento
taste;gusto
characteristic;caratteristica
milk;latte
escape;fuga
cast;lancio
sentence;frase
unusual;insolito
closely;da vicino
convince;convincere
height;altezza
physician;medico
assess;valutare
plenty;abbondanza
virtually;virtualmente
addition;aggiunta
sharp;affilato
creative;creativo
lower;minore
approve;approvare
explanation;spiegazione
gay;gay
campus;città universitaria
proper;corretto
guilty;colpevole
acquire;acquisire
compete;competere
technical;tecnico
plus;più
immigrant;immigrato
weak;debole
illegal;illegale
hi;Ciao
alternative;alternativa
interaction;interazione
column;colonna
personality;personalità
signal;segnale
curriculum;curriculum
honor;onore
passenger;passeggeri
assistance;assistenza
forever;per sempre
regard;considerare
Israeli;israeliano
association;associazione
twenty;venti
knock;bussare
wrap;avvolgere
lab;laboratorio
display;Schermo
criticism;critica
asset;bene
depression;depressione
spiritual;spirituale
musical;musicale
journalist;giornalista
prayer;preghiera
suspect;sospettare
scholar;studioso
warning;avvertimento
climate;clima
cheese;formaggio
observation;osservazione
childhood;infanzia
payment;pagamento
sir;signore
permit;permesso
cigarette;sigaretta
definition;definizione
priority;priorità
bread;pane
creation;creazione
graduate;laureato
request;richiesta
emotion;emozione
scream;grido
dramatic;drammatico
universe;universo
gap;spacco
excellent;eccellente
deeply;profondamente
prosecutor;pubblico ministero
lucky;fortunato
drag;lagna
airline;compagnia aerea
library;biblioteca
agenda;ordine del giorno
recover;recuperare
factory;fabbrica
selection;selezione
primarily;in primis
roof;tetto
unable;incapace
expense;spese
initiative;iniziativa
diet;dieta
arrest;arresto
funding;finanziamento
therapy;terapia
wash;lavare
schedule;orario
sad;triste
brief;breve
housing;alloggi
post;inviare
purchase;Acquista
existing;esistente
steel;acciaio
regarding;per quanto riguarda
shout;gridare o urlare
remaining;residuo
visual;visivo
fairly;abbastanza
chip;patata fritta
violent;violento
silent;silenzioso
suppose;supponiamo
self;se stesso
bike;bicicletta
tea;Tè
perceive;percepire
comparison;confronto
settlement;insediamento
layer;strato
planning;pianificazione
description;descrizione
slide;diapositiva
widely;ampiamente
wedding;nozze
inform;far sapere
portion;porzione
territory;territorio
immediate;immediato
opponent;avversario
abandon;abbandono
lake;lago
transform;trasformare
tension;tensione
leading;primo
bother;fastidio
consist;consistere
alcohol;alcol
enable;abilitare
bend;piegare
saving;Salvataggio
desert;deserto
shall;deve
error;errore
cop;poliziotto
Arab;arabo
double;Doppio
sand;sabbia
Spanish;spagnolo
print;Stampa
preserve;conserva
passage;passaggio
formal;formale
transition;transizione
existence;esistenza
album;album
participation;partecipazione
arrange;organizzare
atmosphere;atmosfera
joint;giunto
reply;rispondere
cycle;ciclo
opposite;di fronte
lock;serratura
deserve;meritare
consistent;coerente
resistance;resistenza
discovery;scoperta
exposure;esposizione
pose;posa
stream;flusso
sale;saldi
pot;pentola
grand;mille dollari
mine;il mio
hello;ciao
coalition;coalizione
tale;racconto
knife;coltello
resolve;risolvere
racial;razziale
phase;fase
joke;scherzo
coat;cappotto
Mexican;messicano
symptom;sintomo
manufacturer;produttore
philosophy;filosofia
potato;Patata
foundation;fondazione
quote;Citazione
online;in linea
negotiation;trattativa
urge;sollecitare
occasion;occasione
dust;polvere
breathe;respirare
elect;eleggere
investigator;investigatore
jacket;giacca
glad;lieto
ordinary;ordinario
reduction;riduzione
rarely;raramente
pack;pacchetto
suicide;suicidio
numerous;numerose
substance;sostanza
discipline;disciplina
elsewhere;altrove
iron;ferro da stiro
practical;pratico
moreover;inoltre
passion;passione
volunteer;volontario
implement;strumento
essentially;essenzialmente
gene;gene
enforcement;rinforzo
vs;contro
sauce;salsa
independence;indipendenza
marketing;marketing
priest;sacerdote
amazing;Stupefacente
intense;intenso
advance;avanzare
employer;datore di lavoro
shock;shock
inspire;ispirare
adjust;regolare
retire;andare in pensione
visible;visibile
kiss;bacio
illness;malattia
cap;cap
habit;abitudine
competitive;competitivo
juice;succo
congressional;congressuale
involvement;coinvolgimento
dominate;dominare
previously;in precedenza
whenever;Ogni volta che
transfer;trasferimento
analyze;analizzare
attach;allegare
disaster;disastro
parking;parcheggio
prospect;prospettiva
boss;capo
complaint;rimostranza
championship;campionato
fundamental;fondamentale
severe;acuto
enhance;migliorare
mystery;mistero
impose;imporre
poverty;povertà
entry;iscrizione
spending;spesa
king;re
evaluate;valutare
symbol;simbolo
maker;creatore
mood;umore
accomplish;compiere
emphasis;enfasi
illustrate;illustrare
boot;avvio
monitor;tenere sotto controllo
Asian;asiatico
entertainment;intrattenimento
bean;fagiolo
evaluation;valutazione
creature;creatura
commander;comandante
digital;digitale
arrangement;disposizione
concentrate;concentrato
usual;solito
anger;la rabbia
psychological;psicologico
heavily;pesantemente
peak;picco
approximately;circa
increasing;crescente
disorder;disturbo
missile;missile
equally;ugualmente
vary;variare
wire;filo
round;il giro
distribution;distribuzione
transportation;trasporto
holy;santo
twin;gemello
command;comando
commission;commissione
interpretation;interpretazione
breakfast;colazione
strongly;fortemente
engineering;ingegneria
luck;fortuna
so-called;cosiddetto
constant;costante
clinic;clinica
veteran;veterano
smell;odore
tablespoon;cucchiaio
capable;capace
nervous;nervoso
tourist;turista
toss;lanciare
crucial;cruciale
bury;seppellire
pray;pregare
tomato;pomodoro
exception;eccezione
butter;Burro
deficit;disavanzo
bathroom;bagno
objective;obbiettivo
electronic;elettronico
ally;alleato
journey;viaggio
reputation;reputazione
mixture;miscela
surely;certamente
tower;Torre
smoke;Fumo
confront;confrontarsi
pure;puro
glance;occhiata
dimension;dimensione
toy;giocattolo
prisoner;prigioniero
fellow;compagno
smooth;liscio
nearby;qui vicino
peer;pari
designer;progettista
personnel;personale
educator;educatore
relative;parente
immigration;immigrazione
belt;cintura
teaspoon;cucchiaino
birthday;compleanno
implication;coinvolgimento
perfectly;perfettamente
coast;costa
supporter;sostenitore
accompany;accompagnare
silver;d&#39;argento
teenager;adolescente
recognition;riconoscimento
retirement;la pensione
flag;bandiera
recovery;recupero
whisper;sotto voce
gentleman;signore
corn;Mais
moon;Luna
inner;interno
junior;junior
throat;gola
salary;stipendio
swing;oscillazione
observer;osservatore
publication;pubblicazione
crop;Ritaglia
dig;voi
permanent;permanente
phenomenon;fenomeno
anxiety;ansia
unlike;a differenza di
wet;bagnato
literally;letteralmente
resist;resistere
convention;convenzione
embrace;abbraccio
assist;assistere
exhibition;esposizione
construct;costruire
viewer;spettatore
pan;padella
consultant;consulente
administrator;amministratore
occasionally;di tanto in tanto
mayor;Sindaco
consideration;considerazione
CEO;Amministratore delegato
secure;sicuro
pink;rosa
buck;secchio
historic;storico
poem;poesia
grandmother;nonna
bind;legamento
fifth;quinto
constantly;costantemente
enterprise;impresa
favor;favore
testing;test
stomach;stomaco
apparent;apparente
weigh;pesare
install;installare
sensitive;sensibile
suggestion;suggerimento
mail;posta
recipe;ricetta
reasonable;ragionevole
preparation;preparazione
wooden;di legno
elementary;elementare
concert;concerto
aggressive;aggressivo
FALSE;FALSO
intention;Intenzione
channel;canale
extreme;estremo
tube;tubo
drawing;disegno
protein;proteina
quit;uscire
absence;assenza
Latin;latino
rapidly;rapidamente
jail;prigione
diversity;diversità
honest;onesto
Palestinian;palestinese
pace;ritmo
employment;occupazione
speaker;oratore
impression;impressione
essay;tema
respondent;rispondente
giant;gigante
cake;torta
historian;storico
negotiate;negoziare
restore;ristabilire
substantial;sostanziale
pop;pop
specialist;specialista
origin;origine
approval;approvazione
quietly;tranquillamente
advise;consigliare
conventional;convenzionale
depth;profondità
wealth;ricchezza
disability;disabilità
shell;guscio
criticize;criticare
effectively;effettivamente
biological;biologico
onion;cipolla
deputy;vice
flat;piatto
brand;marca
assure;assicurare
mad;pazzo
award;premio
criteria;criteri
dealer;rivenditore
via;attraverso
utility;utilità
precisely;precisamente
arise;presentarsi
armed;armato
nevertheless;tuttavia
highway;autostrada
clinical;clinico
routine;routine
wage;salario
normally;normalmente
phrase;frase
ingredient;ingrediente
stake;palo
Muslim;musulmano
fiber;fibra
activist;attivista
Islamic;islamico
snap;affrettato
terrorism;terrorismo
refugee;profugo
incorporate;incorporare
hip;anca
ultimate;ultimo
switch;interruttore
corporation;società
valuable;prezioso
assumption;assunzione
gear;Ingranaggio
barrier;barriera
minor;minore
provision;disposizione
killer;uccisore
assign;assegnare
gang;banda
developing;sviluppando
classic;classico
chemical;chimico
label;etichetta
teen;adolescente
index;indice
vacation;vacanza
advocate;avvocato
draft;brutta copia
extraordinary;straordinario
heaven;Paradiso
rough;ruvido
yell;urlo
pregnant;incinta
distant;distante
drama;Dramma
satellite;satellitare
personally;personalmente
clock;orologio
chocolate;cioccolato
Italian;Italiano
Canadian;canadese
ceiling;soffitto
sweep;spazzare
advertising;pubblicità
universal;universale
spin;rotazione
button;pulsante
bell;campana
rank;rango
darkness;buio
clothing;vestiario
super;super
yield;prodotto
fence;recinzione
portrait;ritratto
survival;sopravvivenza
roughly;all&#39;incirca
lawsuit;causa
testimony;testimonianza
bunch;grappolo
found;fondare
burden;fardello
react;reagire
chamber;Camera
furniture;arredamento
cooperation;cooperazione
string;corda
ceremony;cerimonia
communicate;comunicare
cheek;guancia
lost;perduto
profile;profilo
mechanism;meccanismo
disagree;disaccordo
penalty;pena
ie;cioè
resort;ricorrere
destruction;distruzione
unlikely;improbabile
tissue;fazzoletto di carta
constitutional;costituzionale
pant;ansimare
stranger;sconosciuto
infection;infezione
cabinet;mobiletto
broken;rotte
apple;mela
electric;elettrico
proceed;procedere
bet;ma
literary;letterario
virus;virus
stupid;stupido
dispute;controversia
fortune;fortuna
strategic;strategico
assistant;assistente
overcome;superare
remarkable;notevole
occupy;occupare
statistics;statistiche
shopping;acquisti
cousin;cugino
encounter;incontrare
wipe;pulire
initially;inizialmente
blind;cieco
port;porta
electricity;elettricità
genetic;genetico
adviser;consigliere
spokesman;portavoce
retain;conservare
latter;quest&#39;ultimo
incentive;incentivo
slave;schiavo
translate;tradurre
accurate;preciso
whereas;invece
terror;terrore
expansion;espansione
elite;elite
Olympic;olimpico
dirt;sporco
odd;strano
rice;Riso
bullet;proiettile
tight;stretto
Bible;Bibbia
chart;grafico
solar;solare
square;quadrato
concentration;concentrazione
complicated;complicato
gently;delicatamente
champion;campione
scenario;scenario
telescope;telescopio
reflection;riflessione
revolution;rivoluzione
strip;striscia
interpret;interpretare
friendly;amichevole
tournament;torneo
fiction;finzione
detect;rilevare
tremendous;tremendo
lifetime;tutta la vita
recommendation;raccomandazione
senator;senatore
hunting;a caccia
salad;insalata
guarantee;garanzia
innocent;innocente
boundary;confine
pause;pausa
remote;a distanza
satisfaction;soddisfazione
journal;rivista
bench;panca
lover;amante
raw;crudo
awareness;consapevolezza
surprising;sorprendente
withdraw;ritirare
deck;ponte
similarly;allo stesso modo
newly;di recente
pole;non c&#39;è
testify;testimoniare
mode;modalità
dialogue;dialogo
imply;implicare
naturally;naturalmente
mutual;reciproco
founder;fondatore
advanced;Avanzate
pride;orgoglio
dismiss;congedare
aircraft;aereo
delivery;consegna
mainly;principalmente
bake;cottura al forno
freeze;congelare
platform;piattaforma
finance;finanza
sink;lavello
attractive;attraente
diverse;diverso
relevant;pertinente
ideal;ideale
joy;la gioia
regularly;regolarmente
working;Lavorando
singer;cantante
evolve;evolvere
shooting;tiro
partly;in parte
unknown;sconosciuto
offense;offesa
counter;contatore
DNA;DNA
potentially;potenzialmente
thirty;trenta
justify;giustificare
protest;protesta
crash;incidente
craft;mestiere
treaty;trattato
terrorist;terrorista
insight;intuizione
possess;possedere
politically;politicamente
tap;rubinetto
extensive;ampio
episode;episodio
swim;nuotare
tire;pneumatico
fault;colpa
loose;sciolto
shortly;in breve
originally;originariamente
considerable;considerevole
prior;precedente
intellectual;intellettuale
assault;assalto
relax;relax
stair;scala
adventure;avventura
external;esterno
proof;prova
confident;fiducioso
headquarters;Sede centrale
sudden;improvviso
dirty;sporco
violation;violazione
tongue;lingua
license;licenza
shelter;riparo
rub;strofinare
controversy;controversia
entrance;Entrata
properly;propriamente
fade;dissolvenza
defensive;difensiva
tragedy;tragedia
net;rete
characterize;caratterizzare
funeral;funerale
profession;professione
alter;alterare
constitute;costituire
establishment;istituzione
squeeze;stretta
imagination;immaginazione
mask;maschera
convert;convertire
comprehensive;completo
prominent;prominente
presentation;presentazione
regardless;indipendentemente
load;carico
stable;stabile
introduction;introduzione
pretend;far finta
elderly;anziano
representation;rappresentazione
deer;cervo
split;diviso
violate;violare
partnership;collaborazione
pollution;inquinamento
emission;emissione
steady;costante
vital;vitale
fate;destino
earnings;guadagni
oven;forno
distinction;distinzione
segment;segmento
nowhere;Da nessuna parte
poet;poeta
mere;Di più
exciting;eccitante
variation;variazione
comfort;comfort
radical;radicale
adapt;adattare
Irish;irlandesi
honey;Miele
correspondent;corrispondente
pale;pallido
musician;musicista
significance;significato
vessel;nave
storage;Conservazione
flee;fuggire
mm-hmm;mm-hmm
leather;pelle
distribute;distribuire
evolution;Evoluzione
ill;malato
tribe;tribù
shelf;ripiano
grandfather;nonno
lawn;prato
buyer;acquirente
dining;cenare
wisdom;saggezza
council;consiglio
vulnerable;vulnerabile
instance;esempio
garlic;aglio
capability;capacità
poetry;poesia
celebrity;celebrità
gradually;gradualmente
stability;stabilità
fantasy;fantasia
scared;impaurito
plot;complotto
framework;struttura
gesture;gesto
depending;dipendente
ongoing;in corso
psychology;psicologia
counselor;consulente
chapter;capitolo
divorce;divorzio
owe;essere debitore
pipe;tubo
athletic;atletico
slight;lieve
math;matematica
shade;ombra
tail;coda
sustain;sostenere
mount;montare
obligation;obbligo
angle;angolo
palm;palma
differ;differire
custom;costume
economist;economista
fifteen;quindici
soup;la minestra
celebration;celebrazione
efficient;efficiente
composition;composizione
satisfy;soddisfare
pile;mucchio
briefly;brevemente
carbon;carbonio
closer;più vicino
consume;consumare
scheme;schema
crack;crepa
frequency;frequenza
tobacco;tabacco
survivor;sopravvissuto
besides;oltretutto
psychologist;psicologo
wealthy;ricco
galaxy;galassia
given;dato
ski;sciare
limitation;limitazione
trace;traccia
appointment;appuntamento
preference;preferenza
meter;metro
explosion;esplosione
publicly;pubblicamente
incredible;incredibile
fighter;combattente
rapid;rapido
admission;ammissione
hunter;cacciatore
educate;educare
painful;doloroso
friendship;amicizia
aide;aiutante
infant;infante
calculate;calcolare
fifty;cinquanta
rid;sbarazzarsi
porch;portico
tendency;tendenza
uniform;uniforme
formation;formazione
scholarship;borsa di studio
reservation;prenotazione
efficiency;efficienza
qualify;qualificarsi
mall;centro commerciale
derive;derivare
scandal;scandalo
PC;PC
helpful;utile
impress;impressionare
heel;tutto
resemble;assomigliare
privacy;privacy
fabric;tessuto
contest;concorso
proportion;proporzione
guideline;orientamento
rifle;fucile
maintenance;Manutenzione
conviction;convinzione
trick;trucco
organic;organico
tent;tenda
examination;visita medica
publisher;editore
strengthen;rafforzare
proposed;proposto
myth;mito
sophisticated;sofisticato
cow;mucca
etc;eccetera
standing;in piedi
asleep;addormentato
tennis;tennis
nerve;nervo
barrel;botte
bombing;bombardamento
membership;appartenenza
ratio;rapporto
menu;menù
controversial;controverso
desperate;disperato
lifestyle;stile di vita
humor;umorismo
loud;ad alta voce
glove;guanto
sufficient;sufficiente
narrative;narrativa
photographer;fotografo
helicopter;elicottero
modest;modesto
provider;fornitore
delay;ritardo
agricultural;agricolo
explode;esplodere
stroke;ictus
scope;scopo
punishment;punizione
handful;manciata
badly;male
horizon;orizzonte
curious;curioso
downtown;centro
girlfriend;fidanzata
prompt;richiesta
cholesterol;colesterolo
absorb;assorbire
adjustment;regolazione
taxpayer;contribuente
eager;desideroso
principal;principale
detailed;dettagliato
motivation;motivazione
assignment;Incarico
restriction;restrizione
laboratory;laboratorio
workshop;officina
differently;diversamente
auto;auto
romantic;romantico
cotton;cotone
motor;il motore
sue;citare in giudizio
flavor;gusto
overlook;trascurare
float;galleggiante
undergo;subire
sequence;sequenza
demonstration;dimostrazione
jet;Jet
orange;arancia
consumption;consumo
assert;asserire
blade;lama
temporary;temporaneo
medication;farmaco
cabin;cabina
bite;mordere
edition;la modifica
valley;valle
yours;il vostro
pitch;intonazione
pine;pino
brilliant;brillante
versus;contro
manufacturing;produzione
absolute;assoluto
chef;chef
discrimination;discriminazione
offensive;offensivo
boom;boom
register;Registrati
appoint;nominare
heritage;eredità
God;Dio
dominant;dominante
successfully;con successo
shit;merda
lemon;Limone
hungry;Affamato
wander;passeggiata
submit;Sottoscrivi
economics;economia
naked;nudo
anticipate;anticipare
nut;noce
legacy;eredità
extension;estensione
shrug;scrollare le spalle
battery;batteria
arrival;arrivo
legitimate;legittimo
orientation;orientamento
inflation;inflazione
cope;far fronte
flame;fiamma
cluster;grappolo
wound;ferita
dependent;dipendente
shower;doccia
institutional;istituzionale
depict;raffigurare
operating;operativo
flesh;carne
garage;box auto
operator;operatore
instructor;istruttore
collapse;crollo
borrow;prestito
furthermore;inoltre
comedy;commedia
mortgage;mutuo
sanction;sanzione
civilian;civile
twelve;dodici
weekly;settimanalmente
habitat;habitat
grain;grano
brush;spazzola
consciousness;coscienza
devote;dedicare
measurement;misurazione
province;Provincia
ease;sollievo
seize;prendere
ethics;etica
nomination;nomina
permission;autorizzazione
wise;saggio
actress;attrice
summit;vertice
acid;acido
odds;probabilità
gifted;dotato
frustration;frustrazione
medium;medio
physically;fisicamente
distinguish;distinguere
shore;costa
repeatedly;ripetutamente
lung;polmone
running;in esecuzione
distinct;distinto
artistic;artistico
discourse;discorso
basket;cestino
ah;ah
fighting;battagliero
impressive;degno di nota
competitor;concorrente
ugly;brutta
worried;preoccupato
portray;ritrarre
powder;polvere
ghost;fantasma
persuade;persuadere
moderate;moderare
subsequent;successivo
continued;continuato
cookie;biscotto
carrier;vettore
cooking;cucinando
frequent;frequente
ban;bandire
awful;terribile
admire;ammirare
pet;animale domestico
miracle;miracolo
exceed;superare
rhythm;ritmo
widespread;molto diffuso
killing;uccidere
lovely;bello
sin;peccato
charity;beneficenza
script;sceneggiatura
tactic;tattica
identification;identificazione
transformation;trasformazione
everyday;ogni giorno
headline;titolo
venture;avventurarsi
invasion;invasione
nonetheless;ciò nonostante
adequate;adeguato
piano;pianoforte
grocery;drogheria
intensity;intensità
exhibit;mostra
blanket;lenzuolo
margin;margine
quarterback;terzino
mouse;topo
rope;corda
concrete;calcestruzzo
prescription;prescrizione
African-American;Afroamericano
chase;caccia
brick;mattone
recruit;reclutare
patch;toppa
consensus;consenso
horror;orrore
recording;registrazione
changing;mutevole
painter;pittore
colonial;coloniale
pie;a
sake;interesse
gaze;sguardo
courage;coraggio
pregnancy;gravidanza
swear;imprecare
defeat;sconfitta
clue;traccia
reinforce;rafforzare
confusion;confusione
slice;fetta
occupation;occupazione
dear;caro
coal;carbone
sacred;sacro
formula;formula
cognitive;cognitivo
collective;collettivo
exact;esatto
uncle;zio
captain;Capitano
sigh;sospiro
attribute;attributo
dare;osa
homeless;senzatetto
gallery;galleria
soccer;calcio
defendant;imputato
tunnel;tunnel
fitness;fitness
lap;giro
grave;grave
toe;poi
container;contenitore
virtue;virtù
abroad;all&#39;estero
architect;architetto
dramatically;drammaticamente
makeup;trucco
inquiry;inchiesta
rose;rosa
surprisingly;sorprendentemente
highlight;evidenziare
decrease;diminuire
indication;indicazione
rail;rotaia
anniversary;anniversario
couch;divano
alliance;alleanza
hypothesis;ipotesi
boyfriend;fidanzato
compose;comporre
mess;disordine
legend;leggenda
regulate;regolare
adolescent;adolescente
shine;splendore
norm;norma
upset;rovesciato
remark;osservazione
resign;dimettersi
reward;ricompensa
gentle;gentile
related;imparentato
organ;organo
lightly;leggermente
concerning;concernente
invent;inventare
laughter;risata
northwest;Nord Ovest
counseling;Consulenza
receiver;ricevitore
ritual;rituale
insect;insetto
interrupt;interrompere
salmon;salmone
trading;commercio
magic;Magia
superior;superiore
combat;combattere
stem;stelo
surgeon;chirurgo
acceptable;accettabile
physics;fisica
rape;stupro
counsel;consiglio
jeans;jeans
hunt;caccia
continuous;continuo
log;tronco d&#39;albero
echo;eco
pill;pillola
excited;emozionato
sculpture;scultura
compound;composto
integrate;integrare
flour;Farina
bitter;amaro
bare;Appena
slope;pendenza
rent;affitto
presidency;presidenza
serving;servendo
subtle;impercettibile
greatly;notevolmente
bishop;vescovo
drinking;potabile
acceptance;accettazione
pump;pompa
candy;caramella
evil;il male
pleased;lieto
medal;medaglia
beg;elemosinare
sponsor;sponsor
ethical;etico
secondary;secondario
slam;sbattere
export;esportare
experimental;sperimentale
melt;sciolto
midnight;mezzanotte
curve;curva
integrity;integrità
entitle;diritto
evident;evidente
logic;logica
essence;essenza
exclude;escludere
harsh;duro
closet;guardaroba
suburban;suburbano
greet;salutare
interior;interno
corridor;corridoio
retail;Al dettaglio
pitcher;brocca
march;marzo
snake;serpente
excuse;scusa
weakness;debolezza
pig;maiale
classical;classico
estimated;stimato
T-shirt;Maglietta
unemployment;disoccupazione
civilization;civiltà
fold;piega
reverse;inversione
missing;mancante
correlation;correlazione
humanity;umanità
flash;veloce
developer;sviluppatore
reliable;affidabile
excitement;eccitazione
beef;manzo
Islam;Islam
Roman;romano
architecture;architettura
occasional;occasionale
administrative;amministrativo
elbow;gomito
deadly;mortale
Hispanic;ispanico
allegation;accusa
confuse;confuso
airplane;aereo
monthly;mensile
duck;anatra
dose;dose
Korean;coreano
plead;supplicare
initiate;iniziato
lecture;conferenza
van;da
sixth;sesto
bay;baia
mainstream;corrente principale
suburb;sobborgo
sandwich;Sandwich
trunk;tronco
rumor;pettegolezzo
implementation;implementazione
swallow;rondine
motivate;motivare
render;rendere
longtime;a lungo
trap;trappola
restrict;limitare
cloth;stoffa
seemingly;apparentemente
legislative;legislativo
effectiveness;efficacia
enforce;imporre
lens;lente
inspector;ispettore
lend;prestare
plain;pianura
fraud;frode
companion;compagno
contend;contendere
nail;chiodo
array;Vettore
strict;severa
assemble;assemblare
frankly;francamente
rat;ratto
hay;simpatico
hallway;corridoio
cave;grotta
inevitable;inevitabile
southwest;sud-ovest
monster;mostro
unexpected;inaspettato
obstacle;ostacolo
facilitate;facilitare
rip;RIP
herb;erba
overwhelming;stragrande
integration;integrazione
crystal;cristallo
recession;recessione
written;scritto
motive;motivo
flood;alluvione
pen;penna
ownership;Proprietà
nightmare;incubo
inspection;ispezione
supervisor;supervisore
consult;consultare
arena;arena
diagnosis;diagnosi
possession;possesso
forgive;perdonare
consistently;costantemente
basement;seminterrato
drift;deriva
drain;drenare
prosecution;accusa
maximum;massimo
announcement;annuncio
warrior;guerriero
prediction;predizione
bacteria;batteri
questionnaire;questionario
mud;fango
infrastructure;infrastruttura
hurry;fretta
privilege;privilegio
temple;tempio
outdoor;all&#39;aperto
suck;succhiare
and/or;e/o
broadcast;trasmissione
re;rif.
leap;salto
random;a caso
wrist;polso
curtain;tenda
pond;stagno
domain;dominio
guilt;colpevolezza
cattle;bestiame
walking;a passeggio
playoff;spareggio
minimum;minimo
fiscal;fiscale
skirt;gonna
dump;scarico
hence;quindi
database;Banca dati
uncomfortable;scomodo
execute;eseguire
limb;arto
ideology;ideologia
tune;sintonizzare
continuing;continuando
harm;danno
railroad;Ferrovia
endure;sopportare
radiation;radiazione
horn;corno
chronic;cronico
peaceful;tranquillo, calmo
innovation;innovazione
strain;sforzo
guitar;chitarra
replacement;sostituzione
behave;comportarsi
administer;amministrare
simultaneously;contemporaneamente
dancer;ballerino
amendment;emendamento
pad;pad
transmission;trasmissione
await;aspettare
retired;pensionato
trigger;grilletto
spill;versare
grateful;grato
grace;adornare
virtual;virtuale
colony;colonia
adoption;adozione
indigenous;indigeno
closed;Chiuso
convict;condannato
towel;asciugamano
modify;modificare
particle;particella
prize;premio
landing;approdo
boost;Incremento
bat;uno
alarm;allarme
festival;Festival
grip;presa
weird;strano
undermine;minare
freshman;matricola
sweat;sudore
outer;esterno
drunk;ubriaco
separation;separazione
traditionally;tradizionalmente
govern;governare
southeast;sud-est
intelligent;intelligente
wherever;dovunque
ballot;votazione
rhetoric;retorica
convinced;convinto
driving;guida
vitamin;vitamina
enthusiasm;entusiasmo
accommodate;ospitare
praise;lode
injure;ferire
wilderness;natura selvaggia
endless;infinito
mandate;mandato
respectively;rispettivamente
uncertainty;incertezza
chaos;caos
mechanical;meccanico
canvas;tela
forty;quaranta
lobby;atrio
profound;profondo
format;formato
trait;tratto
currency;moneta
turkey;tacchino
reserve;Riserva
beam;trave
astronomer;astronomo
corruption;corruzione
contractor;contraente
apologize;scusarsi
doctrine;dottrina
genuine;genuino
thumb;pollice
unity;unità
compromise;compromesso
horrible;orribile
behavioral;comportamentale
exclusive;esclusivo
scatter;dispersione
commonly;comunemente
convey;trasportare
twist;intrecciare
complexity;complessità
fork;forchetta
disk;disco
relieve;alleviare
suspicion;sospetto
health-care;assistenza sanitaria
residence;residenza
shame;vergogna
meaningful;significativo
sidewalk;marciapiede
Olympics;Olimpiadi
technological;tecnologico
signature;firma
pleasant;piacevole
wow;oh!
suspend;sospendere
rebel;ribelle
frozen;congelato
spouse;Sposa
fluid;fluido
pension;pensione
resume;riprendere
theoretical;teorico
sodium;sodio
promotion;promozione
delicate;delicato
forehead;fronte
rebuild;ricostruire
bounce;rimbalzo
electrical;elettrico
hook;gancio
detective;detective
traveler;viaggiatore
click;clic
compensation;compenso
exit;Uscita
attraction;attrazione
dedicate;dedicare
altogether;del tutto
pickup;Raccogliere
carve;intagliare
needle;ago
belly;gonfiarsi
scare;spavento
portfolio;portafoglio
shuttle;navetta
invisible;invisibile
timing;tempismo
engagement;Fidanzamento
ankle;caviglia
transaction;transazione
rescue;salvare
counterpart;controparte
historically;storicamente
firmly;fermamente
mild;blando
rider;cavaliere
doll;Bambola
noon;mezzogiorno
amid;in mezzo
identical;identico
precise;preciso
anxious;ansioso
structural;strutturale
residential;Residenziale
diagnose;diagnosticare
carbohydrate;carboidrato
liberty;libertà
poster;manifesto
theology;teologia
nonprofit;senza scopo di lucro
crawl;strisciare
oxygen;ossigeno
handsome;bello
sum;somma
provided;fornito
businessman;uomo d&#39;affari
promising;promettente
conscious;cosciente
determination;determinazione
donor;donatore
hers;la sua
pastor;pastore
jazz;jazz
opera;musica lirica
acquisition;acquisizione
pit;fossa
hug;abbraccio
wildlife;animali selvatici
punish;punire
equity;equità
doorway;porta
departure;partenza
elevator;ascensore
teenage;adolescente
guidance;guida
happiness;felicità
statue;statua
pursuit;inseguimento
repair;riparazione
decent;decente
gym;palestra
oral;orale
clerk;impiegato
envelope;Busta
reporting;segnalazione
destination;destinazione
fist;cazzotto
endorse;approvare
exploration;esplorazione
generous;generoso
bath;bagno
thereby;in tal modo
indicator;indicatore
sunlight;luce del sole
feedback;feedback
spectrum;spettro
purple;viola
laser;laser
bold;grassetto
reluctant;esitano
starting;di partenza
expertise;competenza
practically;in pratica
eating;mangiare
hint;suggerimento
sharply;nettamente
parade;parata
realm;regno
cancel;Annulla
blend;miscela
therapist;terapista
peel;sbucciare
pizza;Pizza
recipient;destinatario
hesitate;esita
flip;Flip
accounting;contabilità
bias;pregiudizio
huh;eh
metaphor;metafora
candle;candela
judicial;giudiziario
entity;entità
suffering;sofferenza
full-time;tempo pieno
lamp;lampada
garbage;spazzatura
servant;servo
regulatory;regolamentare
diplomatic;diplomatico
elegant;elegante
reception;ricezione
vanish;svanire
automatically;automaticamente
chin;mento
necessity;necessità
confess;confessare
racism;razzismo
starter;antipasto
banking;bancario
casual;casuale
gravity;gravità
enroll;iscriversi
diminish;diminuire
prevention;prevenzione
minimize;minimizzare
chop;taglio
performer;esecutore
intent;intento
isolate;isolato
inventory;inventario
productive;produttivo
assembly;assemblaggio
civic;civico
silk;seta
magnitude;grandezza
steep;ripido
hostage;ostaggio
collector;collettore
popularity;popolarità
alien;alieno
dynamic;dinamico
scary;allarmante
equation;equazione
angel;angelo
offering;offerta
rage;rabbia
photography;fotografia
toilet;gabinetto
disappointed;deluso
precious;prezioso
prohibit;vietare
realistic;realistico
hidden;nascosto
tender;tenero
gathering;raccolta
outstanding;eccezionale
stumble;inciampare
lonely;solitario
automobile;automobile
artificial;artificiale
dawn;alba
abstract;astratto
descend;scendere
silly;sciocco
tide;marea
shared;condivisa
hopefully;auspicabilmente
readily;prontamente
cooperate;cooperare
revolutionary;rivoluzionario
romance;romanza
hardware;hardware
pillow;cuscino
kit;kit
continent;continente
seal;sigillo
circuit;circuito
ruling;dominante
shortage;carenza
annually;annualmente
lately;di recente
scan;scansione
fool;stolto
deadline;Scadenza
rear;parte posteriore
processing;in lavorazione
ranch;ranch
coastal;costiero
undertake;impegnarsi
softly;dolcemente
burning;ardente
verbal;verbale
tribal;tribale
ridiculous;ridicolo
automatic;automatico
diamond;diamante
credibility;credibilità
import;importare
sexually;sessualmente
divine;divine
sentiment;sentimento
cart;carrello
oversee;sorvegliare
o'clock;ore
elder;Sambuco
pro;pro
inspiration;ispirazione
Dutch;Olandese
quantity;quantità
trailer;trailer
mate;Morte
Greek;greco
genius;genio
monument;monumento
bid;offerta
quest;ricerca
sacrifice;sacrificio
invitation;invito
accuracy;precisione
juror;giurato
officially;ufficialmente
broker;broker
treasure;tesoro
loyalty;lealtà
talented;talentuoso
gasoline;benzina
stiff;rigido
output;produzione
nominee;candidato
extended;esteso
diabetes;diabete
slap;schiaffo
toxic;tossico
alleged;presunto
jaw;mascella
grief;dolore
mysterious;misterioso
rocket;razzo
donate;donare
inmate;detenuto
tackle;affrontare
dynamics;dinamica
bow;arco
ours;nostro
dignity;dignità
carpet;tappeto
parental;parentale
bubble;bolla
buddy;compagno
barn;fienile
sword;spada
seventh;settimo
glory;gloria
tightly;strettamente
protective;protettivo
tuck;rimboccare
drum;tamburellare
faint;svenire
queen;Regina
dilemma;dilemma
input;ingresso
specialize;specializzarsi
northeast;nord-est
shallow;poco profondo
liability;responsabilità
sail;navigare
merchant;mercante
stadium;stadio
improved;migliorato
bloody;sanguinante
associated;associato
withdrawal;ritiro
refrigerator;frigorifero
nest;nido
thoroughly;completamente
lane;corsia
ancestor;antenato
condemn;condannare
steam;vapore
accent;accento
optimistic;ottimista
unite;unire
cage;gabbia
equip;attrezzarsi
shrimp;gamberetto
homeland;patria
rack;cremagliera
costume;costume
wolf;lupo
courtroom;aula di tribunale
statute;statuto
cartoon;cartone animato
productivity;produttività
grin;largo sorriso
symbolic;simbolico
bug;insetto
bless;benedire
aunt;zia
agriculture;agricoltura
hostile;ostile
conceive;concepire
combined;combinato
instantly;immediatamente
bankruptcy;fallimento
vaccine;vaccino
bonus;bonus
collaboration;collaborazione
mixed;misto
opposed;contrario
orbit;orbita
grasp;presa
patience;pazienza
spite;dispetto
tropical;tropicale
voting;voto
patrol;pattuglia
willingness;volontà
revelation;rivelazione
calm;calma
jewelry;gioielleria
Cuban;cubano
haul;tiro
concede;concedere
wagon;carro
afterward;dopo
spectacular;spettacolare
ruin;rovina
sheer;puro
immune;immune
reliability;affidabilità
ass;è
alongside;a fianco
bush;cespuglio
exotic;esotico
fascinating;affascinante
clip;clip
thigh;coscia
bull;toro
drawer;cassetto
sheep;pecora
discourage;scoraggiare
coordinator;coordinatore
ideological;ideologico
runner;corridore
secular;secolare
intimate;intimo
empire;impero
cab;taxi
exam;esame
documentary;documentario
neutral;neutro
biology;biologia
flexible;flessibile
progressive;progressivo
web;ragnatela
conspiracy;cospirazione
casualty;vittima
republic;repubblica
execution;esecuzione
terrific;spaventoso
whale;balena
functional;funzionale
instinct;istinto
teammate;compagno di squadra
aluminum;alluminio
whoever;chiunque
ministry;ministero
verdict;verdetto
instruct;istruire
skull;cranio
self-esteem;autostima
cooperative;cooperativa
manipulate;manipolare
bee;ape
practitioner;praticante
loop;ciclo continuo
edit;modificare
whip;frusta
puzzle;puzzle
mushroom;fungo
subsidy;sussidio
boil;Bollire
tragic;tragico
mathematics;matematica
mechanic;meccanico
jar;barattolo
earthquake;terremoto
pork;Maiale
creativity;creatività
safely;in sicurezza
underlying;sottostante
dessert;dolce
sympathy;simpatia
fisherman;pescatore
incredibly;incredibilmente
isolation;isolamento
sock;calzino
eleven;undici
sexy;sexy
entrepreneur;imprenditore
syndrome;sindrome
bureau;ufficio
workplace;posto di lavoro
ambition;ambizione
touchdown;touchdown
utilize;utilizzare
breeze;brezza
costly;costoso
ambitious;ambizioso
Christianity;cristianesimo
presumably;presumibilmente
influential;influente
translation;traduzione
uncertain;incerto
dissolve;sciogliere
statistical;statistico
gut;intestino
metropolitan;metropolitano
rolling;rotolamento
aesthetic;estetico
spell;sillabare
insert;inserire
booth;cabina
helmet;casco
waist;vita
expected;previsto
lion;Leone
accomplishment;realizzazione
royal;reale
panic;panico
crush;schiacciare
actively;attivamente
cliff;scogliera
minimal;minimo
cord;cordone
fortunately;per fortuna
cocaine;cocaina
illusion;illusione
anonymous;anonimo
tolerate;tollerare
appreciation;apprezzamento
commissioner;commissario
flexibility;flessibilità
instructional;istruttivo
scramble;arrampicarsi
casino;casinò
tumor;tumore
decorate;decorare
pulse;polso
equivalent;equivalente
fixed;fisso
experienced;esperto
donation;donazione
diary;diario
sibling;fratello
irony;ironia
spoon;cucchiaio
midst;mezzo
alley;vicolo
interact;interagire
soap;sapone
cute;carino
rival;rivale
short-term;breve termine
punch;punch
pin;spillo
hockey;hockey
passing;passando
persist;persistere
supplier;fornitore
known;conosciuto
momentum;quantità di moto
purse;borsa
shed;capannone
liquid;liquido
icon;icona
elephant;elefante
consequently;di conseguenza
legislature;legislatore
franchise;franchising
correctly;correttamente
mentally;mentalmente
foster;allevare
bicycle;bicicletta
encouraging;incoraggiante
cheat;imbroglione
heal;guarire
fever;febbre
filter;filtro
rabbit;coniglio
coin;moneta
exploit;sfruttare
accessible;accessibile
organism;organismo
sensation;sensazione
partially;parzialmente
upstairs;al piano superiore
dried;essiccato
conservation;conservazione
shove;spingere
backyard;Giardino dietro la casa
charter;carta
stove;fornello
consent;consenso
comprise;comprendere
reminder;promemoria
alike;nello stesso modo
placement;posizionamento
dough;Impasto
grandchild;nipote
dam;diga
reportedly;secondo quanto riferito
well-known;noto
surrounding;circostante
ecological;ecologico
outfit;vestito
unprecedented;senza precedenti
columnist;editorialista
workout;allenamento
preliminary;preliminare
patent;brevetto
shy;timido
trash;spazzatura
disabled;Disabilitato
gross;schifoso
damn;dannazione
hormone;ormone
texture;struttura
pencil;matita
frontier;frontiera
spray;spray
disclose;divulgare
custody;custodia
banker;banchiere
beast;bestia
interfere;interferire
oak;quercia
eighth;ottavo
notebook;taccuino
outline;schema
attendance;presenza
speculation;speculazione
uncover;scoprire
behalf;per conto
innovative;innovativo
shark;squalo
mill;mulino
installation;installazione
stimulate;stimolare
tag;etichetta
vertical;verticale
swimming;nuoto
fleet;flotta
catalog;Catalogare
outsider;fuori dagli schemi
desperately;disperatamente
stance;posizione
compel;costringere
sensitivity;sensibilità
someday;un giorno
instant;immediato
debut;debutto
proclaim;proclamare
worldwide;In tutto il mondo
hike;escursione
required;necessario
confrontation;confronto
colorful;colorato
constitution;costituzione
trainer;allenatore
Thanksgiving;Ringraziamento
scent;profumo
stack;pila
eyebrow;sopracciglio
sack;sacco
cease;cessare
inherit;tu eredi
tray;vassoio
pioneer;pioniere
organizational;organizzativo
textbook;manuale
uh;ehm
nasty;sgradevole
shrink;restringersi
emerging;emergente
dot;punto
wheat;Grano
fierce;feroce
envision;concepire
rational;razionale
kingdom;regno
aisle;corridoio
weaken;indebolire
protocol;protocollo
exclusively;esclusivamente
vocal;vocale
marketplace;mercato
openly;apertamente
unfair;sleale
terrain;terreno
deploy;schierare
risky;rischioso
pasta;pasta
genre;genere
distract;distrarre
merit;merito
planner;pianificatore
depressed;depresso
chunk;pezzo
closest;più vicino
discount;sconto
ladder;scala a pioli
jungle;giungla
migration;migrazione
breathing;respirazione
invade;invadere
hurricane;uragano
retailer;rivenditore
classify;classificare
coup;colpo di stato
ambassador;ambasciatore
density;densità
supportive;supporto
curiosity;curiosità
skip;Salta
aggression;aggressione
stimulus;stimolo
journalism;giornalismo
robot;robot
dip;immersione
likewise;allo stesso modo
informal;informale
Persian;persiano
feather;piuma
sphere;sfera
tighten;stringere
boast;vantarsi
pat;lo stesso
perceived;percepito
sole;suola
publicity;pubblicità
unfold;svelare
well-being;benessere
validity;validità
ecosystem;ecosistema
strictly;rigorosamente
partial;parziale
collar;collare
weed;erba
compliance;conformità
streak;strisciante
supposedly;presumibilmente
added;aggiunto
builder;costruttore
glimpse;occhiata
premise;premessa
specialty;specialità
deem;ritieni
artifact;artefatto
sneak;sgattaiolare
monkey;scimmia
mentor;mentore
two-thirds;due terzi
listener;ascoltatore
lightning;fulmine
legally;legalmente
sleeve;manica
disappointment;delusione
disturb;disturbare
rib;costola
excessive;eccessivo
high-tech;High tech
debris;detriti
rod;asta
logical;logico
ash;cenere
socially;socialmente
parish;parrocchia
slavery;schiavitù
blank;vuoto
commodity;merce
cure;cura
mineral;minerale
hunger;fame
dying;sta morendo
developmental;evolutivo
faster;Più veloce
spare;ricambio
halfway;a metà
equality;uguaglianza
cemetery;cimitero
harassment;molestie
deliberately;deliberatamente
fame;fama
regret;rimpiangere
striking;Impressionante
likelihood;probabilità
carrot;carota
atop;in cima
toll;pedaggio
rim;orlo
embarrassed;imbarazzato
fucking;cazzo
cling;aggrapparsi
isolated;isolato
blink;battito di ciglia
suspicious;sospettoso
wheelchair;sedia a rotelle
squad;squadra
eligible;ammissibile
processor;processore
plunge;tuffo
demographic;demografico
chill;freddo
refuge;rifugio
steer;guidare
legislator;legislatore
rally;rally
programming;programmazione
cheer;allegria
outlet;presa
intact;intatto
vendor;venditore
thrive;prosperare
peanut;arachidi
chew;masticare
elaborate;elaborare
conception;concezione
auction;asta
steak;bistecca
comply;soddisfare
triumph;trionfo
shareholder;azionista
comparable;comparabile
transport;trasporto
conscience;coscienza
calculation;calcolo
considerably;considerevolmente
interval;intervallo
scratch;graffiare
awake;sveglio
jurisdiction;Giurisdizione
inevitably;inevitabilmente
feminist;femminista
constraint;vincolo
emotionally;emotivamente
expedition;spedizione
allegedly;presumibilmente
similarity;somiglianza
butt;culo
lid;coperchio
dumb;attutire
bulk;massa
sprinkle;cospargere
mortality;mortalità
philosophical;filosofico
conversion;conversione
patron;patrono
municipal;comunale
liver;fegato
harmony;armonia
solely;unicamente
tolerance;tolleranza
goat;capra
blessing;benedizione
banana;Banana
palace;palazzo
formerly;precedentemente
peasant;contadino
neat;pulito
grandparent;nonno
lawmaker;legislatore
supermarket;supermercato
cruise;crociera
mobile;mobile
calendar;calendario
widow;vedova
deposit;depositare
beard;barba
brake;freno
screening;selezione
impulse;impulso
forbid;proibire
fur;pelliccia
brutal;brutale
predator;predatore
poke;colpire
opt;optare
voluntary;volontario
valid;valido
forum;Forum
dancing;ballare
happily;felicemente
soar;salire
removal;rimozione
autonomy;autonomia
enact;emanare
thread;filo
landmark;punto di riferimento
unhappy;infelice
offender;delinquente
coming;In arrivo
privately;privatamente
fraction;frazione
distinctive;distintivo
tourism;turismo
threshold;soglia
routinely;di routine
suite;suite
regulator;regolatore
straw;cannuccia
theological;teologico
exhaust;scarico
globe;globo
fragile;fragile
objection;obiezione
chemistry;chimica
old-fashioned;vecchio stile
crowded;affollato
blast;raffica
prevail;prevalere
overnight;durante la notte
denial;rifiuto
rental;noleggio
fantastic;fantastico
fragment;frammento
screw;vite
warmth;calore
undergraduate;laurea
headache;male alla testa
policeman;poliziotto
projection;proiezione
suitable;adatto
graduation;la laurea
drill;trapano
cruel;crudele
mansion;dimora
grape;uva
authorize;autorizzare
cottage;villetta
driveway;vialetto
charm;fascino
sexuality;sessualità
loyal;leale
clay;argilla
balloon;Palloncino
invention;invenzione
ego;ego
fare;fare
homework;compiti a casa
disc;disco
sofa;divano
availability;disponibilità
radar;radar
frown;cipiglio
regain;riguadagnare
sweater;maglione
rehabilitation;riabilitazione
rubber;gomma
retreat;ritiro
molecule;molecola
freely;liberamente
favorable;favorevole
steadily;costantemente
integrated;integrato
ha;lui ha
youngster;giovanotto
premium;premio
accountability;responsabilità
overwhelm;sopraffare
one-third;un terzo
contemplate;contemplare
update;aggiornare
spark;scintilla
ironically;ironicamente
fatigue;fatica
speculate;ipotizzare
marker;marcatore
preach;predicare
bucket;benna
blond;biondo
confession;confessione
provoke;provocare
marble;marmo
substantially;sostanzialmente
defender;difensore
explicit;esplicito
disturbing;inquietante
surveillance;sorveglianza
magnetic;magnetico
technician;tecnico
mutter;madre
devastating;devastante
depart;partire
arrow;freccia
trauma;trauma
neighboring;confinante
soak;bagnare
ribbon;nastro
meantime;nel frattempo
transmit;trasmettere
harvest;raccolto
consecutive;consecutivo
coordinate;coordinata
spy;spiare
slot;fessura
riot;rivolta
nutrient;nutriente
citizenship;cittadinanza
severely;gravemente
sovereignty;sovranità
ridge;cresta
brave;coraggioso
lighting;illuminazione
specify;specificare
contributor;collaboratore
frustrate;frustrare
articulate;articolare
importantly;importante
transit;transito
dense;denso
seminar;seminario
electronics;elettronica
sunny;soleggiato
shorts;corti
swell;rigonfiamento
accusation;accusa
soften;ammorbidire
straighten;raddrizzare
terribly;terribilmente
cue;spunto
bride;sposa
biography;biografia
hazard;rischio
compelling;avvincente
seldom;raramente
tile;piastrella
economically;economicamente
honestly;Onestamente
troubled;turbato
twentieth;ventesimo
balanced;equilibrato
foreigner;straniero
convenience;convenienza
delight;delizia
weave;tessere
timber;rivestire di legno
till;a
accurately;con precisione
plea;implorazione
bulb;lampadina
flying;volare
sustainable;sostenibile
devil;diavolo
bolt;bullone
cargo;carico
spine;colonna vertebrale
seller;venditore
skilled;abile
managing;gestire
marine;marino
dock;molo
organized;organizzato
fog;nebbia
diplomat;diplomatico
boring;noioso
sometime;a volte
summary;riepilogo
missionary;missionario
epidemic;epidemico
fatal;fatale
trim;ordinare
warehouse;magazzino
accelerate;accelerare
butterfly;la farfalla
bronze;bronzo
drown;annegare
inherent;inerente
nationwide;a livello nazionale
spit;sputo
kneel;inginocchiarsi
vacuum;vuoto
selected;selezionato
dictate;dettare
