the;itu
and;dan
have;memiliki
that;itu
for;untuk
you;Anda
with;dengan
say;mengatakan
this;ini
they;mereka
but;tetapi
his;miliknya
from;dari
not;bukan
she;dia
as;sebagai
what;Apa
their;milik mereka
can;bisa
who;siapa
get;Dapatkan
would;akan
her;dia
all;semua
make;membuat
about;tentang
know;tahu
will;akan
one;satu
time;waktu
there;di sana
year;tahun
think;memikirkan
when;Kapan
which;yang
them;mereka
some;beberapa
people;rakyat
take;mengambil
out;keluar
into;ke dalam
just;hanya
see;melihat
him;dia
your;milikmu
come;datang
could;bisa
now;sekarang
than;dibandingkan
like;Suka
other;lainnya
how;bagaimana
then;kemudian
its;-nya
our;kita
two;dua
more;lagi
these;ini
want;ingin
way;cara
look;Lihat
first;pertama
also;juga
new;baru
because;karena
day;hari
use;menggunakan
man;pria
find;Temukan
here;di sini
thing;hal
give;memberi
many;banyak
well;dengan baik
only;hanya
those;itu
tell;memberi tahu
very;sangat
even;bahkan
back;kembali
any;setiap
good;bagus
woman;wanita
through;melalui
life;kehidupan
child;anak
work;kerja
down;turun
may;mungkin
after;setelah
should;Sebaiknya
call;panggilan
world;dunia
over;lebih
school;sekolah
still;tetap
try;mencoba
last;terakhir
ask;bertanya
need;membutuhkan
too;juga
feel;merasa
three;tiga
state;negara
never;tidak pernah
become;menjadi
between;di antara
high;tinggi
really;Betulkah
something;sesuatu
most;paling
another;lain
much;banyak
family;keluarga
own;memiliki
leave;meninggalkan
put;taruh
old;tua
while;ketika
mean;berarti
keep;menyimpan
student;murid
why;mengapa
let;membiarkan
great;Bagus
same;sama
big;besar
group;kelompok
begin;mulai
seem;terlihat
country;negara
help;Tolong
talk;bicara
where;di mana
turn;belok
problem;masalah
every;setiap
start;Mulailah
hand;tangan
might;mungkin
American;Amerika
show;menunjukkan
part;bagian
against;melawan
place;tempat
such;seperti
again;lagi
few;sedikit
case;kasus
week;pekan
company;perusahaan
system;sistem
each;setiap
right;Baik
program;program
hear;mendengar
question;pertanyaan
during;selama
play;bermain
government;pemerintah
run;Lari
small;kecil
number;nomor
off;mati
always;selalu
move;bergerak
night;malam
live;hidup
Mr;Tn
point;titik
believe;meyakini
hold;memegang
today;hari ini
bring;membawa
happen;terjadi
next;Berikutnya
without;tanpa
before;sebelum
large;besar
million;juta
must;harus
home;rumah
under;dibawah
water;air
room;kamar
write;menulis
mother;ibu
area;daerah
national;Nasional
money;uang
story;cerita
young;muda
fact;fakta
month;bulan
different;berbeda
lot;banyak
study;belajar
book;buku
eye;mata
job;pekerjaan
word;kata
though;meskipun
business;bisnis
issue;masalah
side;samping
kind;jenis
four;empat
head;kepala
far;jauh
black;hitam
long;panjang
both;keduanya
little;kecil
house;rumah
yes;Ya
since;sejak
provide;menyediakan
service;melayani
around;sekitar
friend;teman
important;penting
father;ayah
sit;duduk
away;jauh
until;sampai
power;kekuasaan
hour;jam
game;permainan
often;sering
yet;belum
line;garis
political;politik
end;akhir
among;di antara
ever;pernah
stand;berdiri
bad;buruk
lose;kehilangan
however;namun
member;anggota
pay;membayar
law;hukum
meet;bertemu
car;mobil
city;kota
almost;hampir
include;termasuk
continue;melanjutkan
set;mengatur
later;nanti
community;masyarakat
name;nama
five;lima
once;satu kali
white;putih
least;paling sedikit
president;Presiden
learn;mempelajari
real;nyata
change;mengubah
team;tim
minute;menit
best;terbaik
several;beberapa
idea;ide
kid;anak
body;tubuh
information;informasi
nothing;tidak ada
ago;yang lalu
lead;memimpin
social;sosial
understand;memahami
whether;apakah
watch;jam tangan
together;bersama
follow;mengikuti
parent;induk
stop;berhenti
face;wajah
anything;apa pun
create;membuat
public;publik
already;sudah
speak;berbicara
others;yang lain
read;Baca
level;tingkat
allow;mengizinkan
add;menambahkan
office;kantor
spend;membelanjakan
door;pintu
health;kesehatan
person;orang
art;seni
sure;Tentu
war;perang
history;sejarah
party;berpesta
within;di dalam
grow;tumbuh
result;hasil
open;membuka
morning;pagi
walk;berjalan
reason;alasan
low;rendah
win;menang
research;riset
girl;gadis
guy;pria
early;lebih awal
food;makanan
moment;momen
himself;diri
air;udara
teacher;guru
force;memaksa
offer;menawarkan
enough;cukup
education;pendidikan
across;lintas
although;meskipun
remember;ingat
foot;kaki
second;kedua
boy;anak laki-laki
maybe;mungkin
toward;ke arah
able;sanggup
age;usia
policy;aturan
everything;semuanya
love;cinta
process;proses
music;musik
including;termasuk
consider;mempertimbangkan
appear;muncul
actually;sebenarnya
buy;membeli
probably;mungkin
human;manusia
wait;tunggu
serve;melayani
market;pasar
die;itu
send;Kirim
expect;mengharapkan
sense;nalar
build;membangun
stay;tinggal
fall;jatuh
oh;oh
nation;bangsa
plan;rencana
cut;memotong
college;kampus
interest;minat
death;kematian
course;kursus
someone;seseorang
experience;pengalaman
behind;di belakang
reach;mencapai
local;lokal
kill;membunuh
six;enam
remain;tetap
effect;memengaruhi
yeah;ya
suggest;menyarankan
class;kelas
control;kontrol
raise;menaikkan
care;peduli
perhaps;mungkin
late;terlambat
hard;keras
field;bidang
else;kalau tidak
pass;lulus
former;mantan
sell;menjual
major;besar
sometimes;kadang-kadang
require;memerlukan
along;bersama
development;perkembangan
themselves;diri
report;laporan
role;peran
better;lebih baik
economic;ekonomis
effort;upaya
decide;memutuskan
rate;kecepatan
strong;kuat
possible;mungkin
heart;jantung
drug;obat
leader;pemimpin
light;lampu
voice;suara
wife;istri
whole;utuh
police;POLISI
mind;pikiran
finally;akhirnya
pull;menarik
return;kembali
free;Gratis
military;militer
price;harga
less;lebih sedikit
according;menurut
decision;keputusan
explain;menjelaskan
son;putra
hope;harapan
develop;mengembangkan
view;melihat
relationship;hubungan
carry;membawa
town;kota
road;jalan
drive;menyetir
arm;lengan
TRUE;BENAR
federal;federal
break;merusak
difference;perbedaan
thank;terima kasih
receive;menerima
value;nilai
international;internasional
building;bangunan
action;tindakan
full;penuh
model;model
join;Ikuti
season;musim
society;masyarakat
tax;pajak
director;Direktur
position;posisi
player;pemain
agree;setuju
especially;khususnya
record;catatan
pick;memilih
wear;memakai
paper;kertas
special;spesial
space;ruang angkasa
ground;tanah
form;membentuk
support;mendukung
event;peristiwa
official;resmi
whose;yang
matter;urusan
everyone;setiap orang
center;tengah
couple;pasangan
site;lokasi
project;proyek
hit;memukul
base;basis
activity;aktivitas
star;bintang
table;meja
court;pengadilan
produce;menghasilkan
eat;makan
teach;mengajar
oil;minyak
half;setengah
situation;situasi
easy;mudah
cost;biaya
industry;industri
figure;angka
street;jalan
image;gambar
itself;diri
phone;telepon
either;salah satu
data;data
cover;menutupi
quite;lumayan
picture;gambar
clear;jernih
practice;praktek
piece;bagian
land;tanah
recent;terkini
describe;menggambarkan
product;produk
doctor;dokter
wall;dinding
patient;pasien
worker;pekerja
news;berita
test;uji
movie;film
certain;yakin
north;utara
personal;pribadi
simply;secara sederhana
third;ketiga
technology;teknologi
catch;menangkap
step;melangkah
baby;bayi
computer;komputer
type;Tipe
attention;perhatian
draw;seri
film;film
Republican;Republik
tree;pohon
source;sumber
red;merah
nearly;hampir
organization;organisasi
choose;memilih
cause;sebab
hair;rambut
century;abad
evidence;bukti
window;jendela
difficult;sulit
listen;mendengarkan
soon;segera
culture;budaya
billion;miliar
chance;peluang
brother;saudara laki-laki
energy;energi
period;Titik
summer;musim panas
realize;menyadari
hundred;ratus
available;tersedia
plant;tanaman
likely;mungkin
opportunity;peluang
term;ketentuan
short;pendek
letter;surat
condition;kondisi
choice;pilihan
single;lajang
rule;aturan
daughter;anak perempuan
administration;administrasi
south;Selatan
husband;suami
Congress;Kongres
floor;lantai
campaign;kampanye
material;bahan
population;populasi
economy;ekonomi
medical;medis
hospital;RSUD
church;gereja
close;menutup
thousand;ribu
risk;mempertaruhkan
current;saat ini
fire;api
future;masa depan
wrong;salah
involve;melibatkan
defense;pertahanan
anyone;siapa pun
increase;meningkat
security;keamanan
bank;bank
myself;saya sendiri
certainly;tentu
west;Barat
sport;olahraga
board;papan
seek;mencari
per;per
subject;subjek
officer;petugas
private;pribadi
rest;istirahat
behavior;perilaku
deal;Sepakat
performance;pertunjukan
fight;bertarung
throw;melemparkan
top;atas
quickly;dengan cepat
past;masa lalu
goal;sasaran
bed;tempat tidur
order;memesan
author;pengarang
fill;mengisi
represent;mewakili
focus;fokus
foreign;luar negeri
drop;menjatuhkan
blood;darah
upon;pada
agency;agen
push;dorongan
nature;alam
color;warna
recently;baru-baru ini
store;toko
reduce;mengurangi
sound;suara
note;catatan
fine;Bagus
near;di dekat
movement;pergerakan
page;halaman
enter;memasuki
share;Bagikan
common;umum
poor;miskin
natural;alami
race;balapan
concern;kekhawatiran
series;seri
significant;penting
similar;serupa
hot;panas
language;bahasa
usually;biasanya
response;tanggapan
dead;mati
rise;bangkit
animal;satwa
factor;faktor
decade;dasawarsa
article;artikel
shoot;menembak
east;timur
save;menyimpan
seven;tujuh
artist;artis
scene;pemandangan
stock;persediaan
career;karier
despite;meskipun
central;pusat
eight;delapan
thus;dengan demikian
treatment;perlakuan
beyond;di luar
happy;senang
exactly;tepat
protect;melindungi
approach;mendekati
lie;berbohong
size;ukuran
dog;anjing
fund;dana
serious;serius
occur;terjadi
media;media
ready;siap
sign;tanda
thought;pikiran
list;daftar
individual;individu
simple;sederhana
quality;kualitas
pressure;tekanan
accept;menerima
answer;menjawab
resource;sumber
identify;mengenali
left;kiri
meeting;pertemuan
determine;menentukan
prepare;mempersiapkan
disease;penyakit
whatever;apa pun
success;kesuksesan
argue;membantah
cup;cangkir
particularly;khususnya
amount;jumlah
ability;kemampuan
staff;staf
recognize;mengenali
indicate;menunjukkan
character;karakter
growth;pertumbuhan
loss;kehilangan
degree;derajat
wonder;bertanya-tanya
attack;menyerang
herself;diri
region;wilayah
television;televisi
box;kotak
TV;televisi
training;pelatihan
pretty;cantik
trade;berdagang
election;pemilihan
everybody;semua orang
physical;fisik
lay;berbaring
general;umum
feeling;merasa
standard;standar
bill;tagihan
message;pesan
fail;gagal
outside;di luar
arrive;tiba
analysis;analisis
benefit;keuntungan
sex;seks
forward;maju
lawyer;pengacara
present;hadiah
section;bagian
environmental;lingkungan
glass;kaca
skill;keahlian
sister;saudari
PM;PM
professor;profesor
operation;operasi
financial;keuangan
crime;kejahatan
stage;panggung
ok;Oke
compare;membandingkan
authority;otoritas
miss;merindukan
design;rancangan
sort;menyortir
act;bertindak
ten;sepuluh
knowledge;pengetahuan
gun;senjata
station;stasiun
blue;biru
strategy;strategi
clearly;jelas
discuss;Bahas
indeed;memang
truth;kebenaran
song;lagu
example;contoh
democratic;demokratis
check;memeriksa
environment;lingkungan
leg;kaki
dark;gelap
various;berbagai
rather;lebih tepatnya
laugh;tertawa
guess;Tebak
executive;eksekutif
prove;membuktikan
hang;menggantung
entire;seluruh
rock;batu
forget;lupa
claim;mengeklaim
remove;menghapus
manager;Pengelola
enjoy;Nikmati
network;jaringan
legal;hukum
religious;keagamaan
cold;dingin
final;terakhir
main;utama
science;sains
green;hijau
memory;Penyimpanan
card;kartu
above;di atas
seat;kursi
cell;sel
establish;mendirikan
nice;baik
trial;uji coba
expert;ahli
spring;musim semi
firm;tegas
Democrat;Demokrat
radio;radio
visit;mengunjungi
management;pengelolaan
avoid;menghindari
imagine;membayangkan
tonight;malam ini
huge;sangat besar
ball;bola
finish;menyelesaikan
yourself;dirimu sendiri
theory;teori
impact;dampak
respond;menanggapi
statement;penyataan
maintain;menjaga
charge;mengenakan biaya
popular;populer
traditional;tradisional
onto;ke
reveal;mengungkap
direction;arah
weapon;senjata
employee;karyawan
cultural;kultural
contain;berisi
peace;perdamaian
pain;rasa sakit
apply;berlaku
measure;ukuran
wide;lebar
shake;menggoyang
fly;terbang
interview;wawancara
manage;mengelola
chair;kursi
fish;ikan
particular;tertentu
camera;kamera
structure;struktur
politics;politik
perform;melakukan
bit;sedikit
weight;bobot
suddenly;tiba-tiba
discover;menemukan
candidate;calon
production;produksi
treat;merawat
trip;perjalanan
evening;malam
affect;memengaruhi
inside;dalam
conference;konferensi
unit;satuan
style;gaya
adult;dewasa
worry;khawatir
range;jangkauan
mention;menyebutkan
deep;dalam
edge;tepian
specific;spesifik
writer;penulis
trouble;Masalah
necessary;diperlukan
throughout;selama
challenge;tantangan
fear;takut
shoulder;bahu
institution;lembaga
middle;tengah
sea;laut
dream;mimpi
bar;batang
beautiful;Cantik
property;Properti
instead;alih-alih
improve;memperbaiki
stuff;hal-hal
detail;detail
method;metode
somebody;seseorang
magazine;majalah
hotel;hotel
soldier;tentara
reflect;mencerminkan
heavy;berat
sexual;seksual
bag;tas
heat;panas
marriage;pernikahan
tough;keras
sing;menyanyi
surface;permukaan
purpose;tujuan
exist;ada
pattern;pola
whom;yang
skin;kulit
agent;agen
owner;pemilik
machine;mesin
gas;gas
ahead;di depan
generation;generasi
commercial;komersial
address;alamat
cancer;kanker
item;barang
reality;realitas
coach;pelatih
Mrs;Nyonya
yard;halaman
beat;mengalahkan
violence;kekerasan
total;total
tend;cenderung
investment;investasi
discussion;diskusi
finger;jari
garden;kebun
notice;melihat
collection;koleksi
modern;modern
task;tugas
partner;mitra
positive;positif
civil;sipil
kitchen;dapur
consumer;konsumen
shot;tembakan
budget;anggaran
wish;mengharapkan
painting;lukisan
scientist;ilmuwan
safe;aman
agreement;persetujuan
capital;modal
mouth;mulut
nor;juga bukan
victim;korban
newspaper;koran
threat;ancaman
responsibility;tanggung jawab
smile;senyum
attorney;pengacara
score;skor
account;Akun
interesting;menarik
audience;hadirin
rich;kaya
dinner;makan malam
vote;Pilih
western;barat
relate;mengaitkan
travel;bepergian
debate;perdebatan
prevent;mencegah
citizen;warga negara
majority;mayoritas
none;tidak ada
front;depan
born;lahir
admit;mengakui
senior;senior
assume;menganggap
wind;angin
key;kunci
professional;profesional
mission;misi
fast;cepat
alone;sendiri
customer;pelanggan
suffer;menderita
speech;pidato
successful;berhasil
option;pilihan
participant;peserta
southern;selatan
fresh;segar
eventually;pada akhirnya
forest;hutan
video;video
global;global
Senate;Senat
reform;pembaruan
access;mengakses
restaurant;restoran
judge;hakim
publish;menerbitkan
relation;hubungan
release;melepaskan
bird;burung
opinion;pendapat
credit;kredit
critical;kritis
corner;sudut
concerned;khawatir
recall;mengingat
version;Versi: kapan
stare;menatap
safety;keamanan
effective;efektif
neighborhood;lingkungan
original;asli
troop;pasukan
income;penghasilan
directly;secara langsung
hurt;terluka
species;jenis
immediately;langsung
track;melacak
basic;dasar
strike;memukul
sky;langit
freedom;kebebasan
absolutely;sangat
plane;pesawat terbang
nobody;bukan siapa-siapa
achieve;meraih
object;obyek
attitude;sikap
labor;tenaga kerja
refer;merujuk
concept;konsep
client;klien
powerful;kuat
perfect;sempurna
nine;sembilan
therefore;karena itu
conduct;mengadakan
announce;mengumumkan
conversation;percakapan
examine;meneliti
touch;menyentuh
please;Tolong
attend;menghadiri
completely;sama sekali
variety;variasi
sleep;tidur
involved;terlibat
investigation;penyelidikan
nuclear;nuklir
researcher;peneliti
press;tekan
conflict;konflik
spirit;Roh
replace;mengganti
British;Inggris
encourage;mendorong
argument;argumen
camp;kamp
brain;otak
feature;fitur
afternoon;sore
AM;SAYA
weekend;akhir pekan
dozen;lusin
possibility;kemungkinan
insurance;Pertanggungan
department;departemen
battle;pertarungan
beginning;awal
date;tanggal
generally;umumnya
African;Afrika
sorry;maaf
crisis;krisis
complete;menyelesaikan
fan;kipas
stick;tongkat
define;mendefinisikan
easily;dengan mudah
hole;lubang
element;elemen
vision;penglihatan
status;status
normal;normal
Chinese;Cina
ship;mengirimkan
solution;larutan
stone;batu
slowly;perlahan-lahan
scale;skala
university;Universitas
introduce;memperkenalkan
driver;pengemudi
attempt;percobaan
park;taman
spot;titik
lack;kekurangan
ice;Es
boat;kapal
drink;minum
sun;matahari
distance;jarak
wood;kayu
handle;menangani
truck;truk
mountain;gunung
survey;survei
supposed;diperkirakan
tradition;tradisi
winter;musim dingin
village;Desa
Soviet;Soviet
refuse;menolak
sales;penjualan
roll;gulungan
communication;komunikasi
screen;layar
gain;memperoleh
resident;penduduk
hide;bersembunyi
gold;emas
club;klub
farm;tanah pertanian
potential;potensi
European;Eropa
presence;kehadiran
independent;mandiri
district;daerah
shape;membentuk
reader;pembaca
Ms;MS
contract;kontrak
crowd;kerumunan
Christian;Kristen
express;cepat
apartment;Apartemen
willing;bersedia
strength;kekuatan
previous;sebelumnya
band;pita
obviously;jelas sekali
horse;kuda
interested;tertarik
target;target
prison;penjara
ride;mengendarai
guard;penjaga
terms;ketentuan
demand;tuntutan
reporter;reporter
deliver;mengantarkan
text;teks
tool;alat
wild;liar
vehicle;kendaraan
observe;mengamati
flight;penerbangan
facility;fasilitas
understanding;memahami
average;rata-rata
emerge;muncul
advantage;keuntungan
quick;cepat
leadership;kepemimpinan
earn;menghasilkan
pound;pound
basis;dasar
bright;cerah
operate;beroperasi
guest;tamu
sample;Sampel
contribute;menyumbang
tiny;kecil
block;memblokir
protection;perlindungan
settle;menetap
feed;memberi makan
collect;mengumpulkan
additional;tambahan
highly;sangat
identity;identitas
title;judul
mostly;sebagian besar
lesson;pelajaran
faith;keyakinan
river;sungai
promote;memajukan
living;hidup
count;menghitung
unless;kecuali
marry;nikah
tomorrow;besok
technique;teknik
path;jalur
ear;telinga
shop;toko
folk;rakyat
principle;prinsip
survive;bertahan hidup
lift;mengangkat
border;berbatasan
competition;kompetisi
jump;melompat
gather;mengumpulkan
limit;membatasi
fit;bugar
cry;menangis
equipment;peralatan
worth;bernilai
associate;rekan
critic;pengkritik
warm;hangat
aspect;aspek
insist;bersikeras
failure;kegagalan
annual;tahunan
French;Perancis
Christmas;Natal
comment;komentar
responsible;bertanggung jawab
affair;perselingkuhan
procedure;prosedur
regular;reguler
spread;sebaran
chairman;ketua
baseball;baseball
soft;lembut
ignore;mengabaikan
egg;telur
belief;kepercayaan
demonstrate;mendemonstrasikan
anybody;siapa saja
murder;pembunuhan
gift;hadiah
religion;agama
review;tinjauan
editor;editor
engage;mengikutsertakan
coffee;kopi
document;dokumen
speed;kecepatan
cross;menyeberang
influence;pengaruh
anyway;omong-omong
threaten;mengancam
commit;melakukan
female;Perempuan
youth;anak muda
wave;melambai
afraid;takut
quarter;seperempat
background;Latar Belakang
native;warga asli
broad;luas
wonderful;luar biasa
deny;membantah
apparently;tampaknya
slightly;agak
reaction;reaksi
twice;dua kali
suit;setelan
perspective;perspektif
growing;pertumbuhan
blow;meniup
construction;konstruksi
intelligence;intelijen
destroy;menghancurkan
cook;memasak
connection;koneksi
burn;membakar
shoe;sepatu
grade;nilai
context;konteks
committee;komite
hey;hai
mistake;kesalahan
location;lokasi
clothes;pakaian
Indian;Indian
quiet;diam
dress;gaun
promise;janji
aware;menyadari
neighbor;tetangga
function;fungsi
bone;tulang
active;aktif
extend;memperpanjang
chief;ketua
combine;menggabungkan
wine;anggur
below;di bawah
cool;dingin
voter;pemilih
learning;sedang belajar
bus;bis
hell;neraka
dangerous;berbahaya
remind;mengingatkan
moral;moral
United;Serikat
category;kategori
relatively;relatif
victory;kemenangan
academic;akademik
Internet;Internet
healthy;sehat
negative;negatif
following;mengikuti
historical;historis
medicine;obat-obatan
tour;wisata
depend;bergantung
photo;foto
finding;temuan
grab;merebut
direct;langsung
classroom;kelas
contact;kontak
justice;keadilan
participate;ikut
daily;harian
fair;adil
pair;pasangan
famous;terkenal
exercise;latihan
knee;lutut
flower;bunga
tape;tape
hire;mempekerjakan
familiar;akrab
appropriate;sesuai
supply;Pasokan
fully;sepenuhnya
actor;aktor
birth;kelahiran
search;Cari
tie;mengikat
democracy;demokrasi
eastern;Timur
primary;utama
yesterday;kemarin
circle;lingkaran
device;perangkat
progress;kemajuan
bottom;bawah
island;pulau
exchange;menukarkan
clean;membersihkan
studio;studio
train;kereta
lady;wanita
colleague;kolega
application;aplikasi
neck;leher
lean;bersandar
damage;kerusakan
plastic;plastik
tall;tinggi
plate;piring
hate;membenci
otherwise;jika tidak
writing;menulis
male;pria
alive;hidup
expression;ekspresi
football;sepak bola
intend;bermaksud
chicken;ayam
army;tentara
abuse;melecehkan
theater;teater
shut;ditutup
map;peta
extra;tambahan
session;sidang
danger;bahaya
welcome;selamat datang
domestic;lokal
lots;banyak
literature;literatur
rain;hujan
desire;menginginkan
assessment;penilaian
injury;cedera
respect;menghormati
northern;sebelah utara
nod;anggukan
paint;melukis
fuel;bahan bakar
leaf;daun
dry;kering
Russian;Rusia
instruction;petunjuk
pool;kolam
climb;mendaki
sweet;manis
engine;mesin
fourth;keempat
salt;garam
expand;mengembangkan
importance;pentingnya
metal;logam
fat;gemuk
ticket;tiket
software;perangkat lunak
disappear;menghilang
corporate;perusahaan
strange;aneh
lip;bibir
reading;membaca
urban;perkotaan
mental;mental
increasingly;makin
lunch;makan siang
educational;pendidikan
somewhere;di suatu tempat
farmer;petani
sugar;Gula
planet;planet
favorite;favorit
explore;mengeksplorasi
obtain;memperoleh
enemy;musuh
greatest;terbesar
complex;kompleks
surround;mengelilingi
athlete;atlet
invite;mengundang
repeat;ulang
carefully;dengan hati-hati
soul;jiwa
scientific;ilmiah
impossible;mustahil
panel;panel
meaning;arti
mom;mama
married;telah menikah
instrument;instrumen
predict;meramalkan
weather;cuaca
presidential;presidensial
emotional;emosional
commitment;komitmen
Supreme;Tertinggi
bear;beruang
pocket;saku
thin;tipis
temperature;suhu
surprise;kejutan
poll;pemilihan
proposal;usul
consequence;konsekuensi
breath;napas
sight;penglihatan
balance;keseimbangan
adopt;mengambil
minority;minoritas
straight;lurus
connect;Menghubung
works;bekerja
teaching;pengajaran
belong;milik
aid;bantuan
advice;nasihat
okay;baik
photograph;foto
empty;kosong
regional;daerah
trail;jejak
novel;novel
code;kode
somehow;bagaimanapun
organize;mengatur
jury;juri
breast;dada
Iraqi;Irak
acknowledge;mengakui
theme;tema
storm;badai
union;Persatuan
desk;meja
thanks;terima kasih
fruit;buah
expensive;mahal
yellow;kuning
conclusion;kesimpulan
prime;utama
shadow;bayangan
struggle;berjuang
conclude;menyimpulkan
analyst;analis
dance;menari
regulation;peraturan
being;makhluk
ring;cincin
largely;sebagian besar
shift;menggeser
revenue;pendapatan
mark;tanda
locate;menemukan
county;daerah
appearance;penampilan
package;kemasan
difficulty;kesulitan
bridge;menjembatani
recommend;menyarankan
obvious;jelas
basically;pada dasarnya
e-mail;surel
generate;menghasilkan
anymore;lagi
propose;mengusulkan
thinking;pemikiran
possibly;mungkin
trend;kecenderungan
visitor;pengunjung
loan;meminjamkan
currently;saat ini
comfortable;nyaman
investor;investor
profit;laba
angry;marah
crew;awak kapal
accident;kecelakaan
meal;makanan
hearing;pendengaran
traffic;lalu lintas
muscle;otot
notion;gagasan
capture;menangkap
prefer;lebih menyukai
truly;sungguh-sungguh
earth;bumi
Japanese;Jepang
chest;dada
thick;tebal
cash;uang tunai
museum;museum
beauty;Kecantikan
emergency;keadaan darurat
unique;unik
internal;intern
ethnic;etnis
link;tautan
stress;menekankan
content;isi
select;Pilih
root;akar
nose;hidung
declare;menyatakan
appreciate;menghargai
actual;sebenarnya
bottle;botol
hardly;hampir tidak
setting;pengaturan
launch;meluncurkan
file;mengajukan
sick;sakit
outcome;hasil
ad;iklan
defend;membela
duty;kewajiban
sheet;lembaran
ought;sebaiknya
ensure;memastikan
Catholic;Katolik
extremely;sangat
extent;cakupan
component;komponen
mix;mencampur
long-term;jangka panjang
slow;lambat
contrast;kontras
zone;daerah
wake;bangun
airport;Bandara
brown;cokelat
shirt;kemeja
pilot;pilot
warn;memperingatkan
ultimately;akhirnya
cat;kucing
contribution;kontribusi
capacity;kapasitas
ourselves;diri
estate;perkebunan
guide;memandu
circumstance;keadaan
snow;salju
English;Bahasa inggris
politician;politikus
steal;mencuri
pursue;mengejar
slip;tergelincir
percentage;persentase
meat;daging
funny;lucu
neither;juga tidak
soil;tanah
surgery;operasi
correct;benar
Jewish;Yahudi
blame;menyalahkan
estimate;memperkirakan
due;jatuh tempo
basketball;bola basket
golf;golf
investigate;menyelidiki
crazy;gila
significantly;secara signifikan
chain;rantai
branch;cabang
combination;kombinasi
frequently;sering
governor;gubernur
relief;lega
user;pengguna
dad;ayah
kick;tendangan
manner;tata krama
ancient;kuno
silence;kesunyian
rating;peringkat
golden;keemasan
motion;gerakan
German;Jerman
gender;jenis kelamin
solve;menyelesaikan
fee;biaya
landscape;lanskap
used;digunakan
bowl;mangkuk
equal;setara
forth;maju
frame;bingkai
typical;khas
except;kecuali
conservative;konservatif
eliminate;menghapuskan
host;tuan rumah
hall;aula
trust;memercayai
ocean;laut
row;baris
producer;produsen
afford;memberi
meanwhile;sementara itu
regime;rezim
division;divisi
confirm;Konfirmasi
fix;memperbaiki
appeal;menarik
mirror;cermin
tooth;gigi
smart;cerdas
length;panjangnya
entirely;sepenuhnya
rely;mengandalkan
topic;tema
complain;mengeluh
variable;variabel
telephone;telepon
perception;persepsi
attract;menarik
confidence;kepercayaan diri
bedroom;kamar tidur
secret;rahasia
debt;utang
rare;langka
tank;tangki
nurse;perawat
coverage;liputan
opposition;berlawanan
aside;ke samping
anywhere;dimana saja
bond;menjalin kedekatan
pleasure;kesenangan
master;menguasai
era;zaman
requirement;persyaratan
fun;seru
expectation;ekspektasi
wing;sayap
separate;memisahkan
somewhat;agak
pour;untuk
stir;mengaduk
judgment;pertimbangan
beer;Bir
reference;referensi
tear;merobek
doubt;ragu
grant;menganugerahkan
seriously;dengan serius
minister;menteri
totally;sama sekali
hero;pahlawan
industrial;industri
cloud;awan
stretch;menggeliat
winner;pemenang
volume;volume
seed;benih
surprised;terkejut
fashion;mode
pepper;lada
busy;sibuk
intervention;intervensi
copy;salinan
tip;tip
cheap;murah
aim;tujuan
cite;mengutip
welfare;kesejahteraan
vegetable;sayur-mayur
gray;Abu-abu
dish;piring
beach;pantai
improvement;peningkatan
everywhere;di mana pun
opening;pembukaan
overall;keseluruhan
divide;membagi
initial;awal
terrible;mengerikan
oppose;menolak
contemporary;kontemporer
route;rute
multiple;banyak
essential;penting
league;liga
criminal;pidana
careful;hati-hati
core;inti
upper;atas
rush;bergegas
necessarily;perlu
specifically;secara khusus
tired;lelah
employ;mempekerjakan
holiday;hari libur
vast;luas
resolution;resolusi
household;rumah tangga
fewer;lebih sedikit
abortion;abortus
apart;terpisah
witness;saksi
match;cocok
barely;hampir tidak
sector;sektor
representative;perwakilan
beneath;di bawah
beside;di samping
incident;kejadian
limited;terbatas
proud;bangga
flow;mengalir
faculty;fakultas
increased;ditingkatkan
waste;limbah
merely;hanya
mass;massa
emphasize;menekankan
experiment;percobaan
definitely;tentu saja
bomb;bom
enormous;besar sekali
tone;nada
liberal;liberal
massive;besar sekali
engineer;insinyur
wheel;roda
decline;menolak
invest;menginvestasikan
cable;kabel
towards;menuju
expose;membuka
rural;pedesaan
AIDS;AIDS
Jew;Atau
narrow;sempit
cream;krim
secretary;sekretaris
gate;gerbang
solid;padat
hill;bukit
typically;khas
noise;kebisingan
grass;rumput
unfortunately;sayangnya
hat;Memiliki
legislation;peraturan perundang-undangan
succeed;berhasil
celebrate;merayakan
achievement;pencapaian
fishing;penangkapan ikan
accuse;menuduh
useful;berguna
reject;menolak
talent;bakat
taste;rasa
characteristic;ciri
milk;susu
escape;melarikan diri
cast;Pemeran
sentence;kalimat
unusual;tidak biasa
closely;rapat
convince;meyakinkan
height;tinggi
physician;dokter
assess;menilai
plenty;banyak
virtually;sebenarnya
addition;tambahan
sharp;tajam
creative;kreatif
lower;lebih rendah
approve;menyetujui
explanation;penjelasan
gay;gay
campus;kampus
proper;sesuai
guilty;bersalah
acquire;mendapatkan
compete;bersaing
technical;teknis
plus;plus
immigrant;imigran
weak;lemah
illegal;liar
hi;hai
alternative;alternatif
interaction;interaksi
column;kolom
personality;kepribadian
signal;sinyal
curriculum;kurikulum
honor;kehormatan
passenger;penumpang
assistance;pendampingan
forever;selama-lamanya
regard;pandangan
Israeli;Israel
association;asosiasi
twenty;dua puluh
knock;ketukan
wrap;membungkus
lab;laboratorium
display;menampilkan
criticism;kritik
asset;aset
depression;depresi
spiritual;rohani
musical;musikal
journalist;wartawan
prayer;doa
suspect;mengira
scholar;sarjana
warning;peringatan
climate;iklim
cheese;keju
observation;pengamatan
childhood;masa kanak-kanak
payment;pembayaran
sir;pak
permit;izin
cigarette;rokok
definition;definisi
priority;prioritas
bread;roti
creation;penciptaan
graduate;lulus
request;meminta
emotion;emosi
scream;berteriak
dramatic;dramatis
universe;semesta
gap;celah
excellent;bagus sekali
deeply;dalam
prosecutor;jaksa
lucky;beruntung
drag;menyeret
airline;perusahaan penerbangan
library;Perpustakaan
agenda;Jadwal acara
recover;pulih
factory;pabrik
selection;pilihan
primarily;terutama
roof;atap
unable;tidak dapat
expense;biaya
initiative;prakarsa
diet;diet
arrest;menangkap
funding;pendanaan
therapy;terapi
wash;mencuci
schedule;jadwal
sad;sedih
brief;singkat
housing;perumahan
post;pos
purchase;pembelian
existing;yang ada
steel;baja
regarding;tentang
shout;berteriak
remaining;tersisa
visual;visual
fairly;cukup
chip;keping
violent;brutal
silent;diam
suppose;memperkirakan
self;diri sendiri
bike;sepeda
tea;teh
perceive;melihat
comparison;perbandingan
settlement;hunian
layer;lapisan
planning;perencanaan
description;keterangan
slide;menggeser
widely;secara luas
wedding;pernikahan
inform;memberitahukan
portion;bagian
territory;wilayah
immediate;segera
opponent;lawan
abandon;meninggalkan
lake;danau
transform;mengubah
tension;ketegangan
leading;terkemuka
bother;mengganggu
consist;terdiri atas
alcohol;alkohol
enable;memungkinkan
bend;membengkokkan
saving;penghematan
desert;gurun
shall;sebaiknya
error;kesalahan
cop;polisi
Arab;Arab
double;dobel
sand;pasir
Spanish;Orang Spanyol
print;mencetak
preserve;melestarikan
passage;jalan
formal;resmi
transition;transisi
existence;adanya
album;album
participation;partisipasi
arrange;mengatur
atmosphere;suasana
joint;persendian
reply;membalas
cycle;siklus
opposite;di depan
lock;kunci
deserve;layak
consistent;konsisten
resistance;perlawanan
discovery;penemuan
exposure;paparan
pose;pose
stream;sungai kecil
sale;penjualan
pot;pot
grand;agung
mine;Milikku
hello;halo
coalition;koalisi
tale;kisah
knife;pisau
resolve;menyelesaikan
racial;rasial
phase;fase
joke;candaan
coat;mantel
Mexican;Meksiko
symptom;gejala
manufacturer;pabrikan
philosophy;filsafat
potato;kentang
foundation;dasar
quote;mengutip
online;on line
negotiation;perundingan
urge;keinginan
occasion;kesempatan
dust;debu
breathe;bernapas
elect;memilih
investigator;peneliti
jacket;jaket
glad;senang
ordinary;biasa
reduction;pengurangan
rarely;jarang
pack;mengemas
suicide;bunuh diri
numerous;banyak sekali
substance;zat
discipline;disiplin
elsewhere;di tempat lain
iron;besi
practical;praktis
moreover;lebih-lebih lagi
passion;gairah
volunteer;sukarelawan
implement;melaksanakan
essentially;dasarnya
gene;gen
enforcement;pelaksanaan
vs;vs
sauce;saus
independence;kemerdekaan
marketing;pemasaran
priest;pendeta
amazing;luar biasa
intense;intens
advance;maju
employer;pemberi pekerjaan
shock;terkejut
inspire;mengilhami
adjust;menyesuaikan
retire;pensiun
visible;terlihat
kiss;ciuman
illness;penyakit
cap;topi
habit;kebiasaan
competitive;kompetitif
juice;jus
congressional;kongres
involvement;keterlibatan
dominate;mendominasi
previously;sebelumnya
whenever;kapan pun
transfer;transfer
analyze;menganalisa
attach;menempel
disaster;bencana
parking;parkir
prospect;prospek
boss;bos
complaint;keluhan
championship;kejuaraan
fundamental;mendasar
severe;berat
enhance;meningkatkan
mystery;Misteri
impose;memaksakan
poverty;kemiskinan
entry;pintu masuk
spending;pengeluaran
king;raja
evaluate;evaluasi
symbol;simbol
maker;pembuat
mood;suasana hati
accomplish;menyelesaikan
emphasis;tekanan
illustrate;menjelaskan
boot;sepatu bot
monitor;memantau
Asian;Asia
entertainment;hiburan
bean;kacang
evaluation;evaluasi
creature;makhluk
commander;komandan
digital;digital
arrangement;pengaturan
concentrate;konsentrat
usual;biasa
anger;amarah
psychological;psikologis
heavily;berat
peak;puncak
approximately;sekitar
increasing;meningkat
disorder;kekacauan
missile;peluru kendali
equally;sama
vary;bervariasi
wire;kabel
round;bulat
distribution;distribusi
transportation;angkutan
holy;suci
twin;kembar
command;memerintah
commission;Komisi
interpretation;penafsiran
breakfast;sarapan
strongly;dengan kuat
engineering;rekayasa
luck;keberuntungan
so-called;disebut
constant;konstan
clinic;klinik
veteran;veteran
smell;bau
tablespoon;sendok makan
capable;mampu
nervous;grogi
tourist;turis
toss;melemparkan
crucial;penting
bury;mengubur
pray;berdoa
tomato;tomat
exception;pengecualian
butter;mentega
deficit;defisit
bathroom;kamar mandi
objective;objektif
electronic;elektronik
ally;sekutu
journey;perjalanan
reputation;reputasi
mixture;campuran
surely;pasti
tower;menara
smoke;merokok
confront;mengonfrontasi
pure;bersih
glance;lirikan
dimension;dimensi
toy;mainan
prisoner;tawanan
fellow;sesama
smooth;mulus
nearby;di dekat sini
peer;rekan
designer;perancang
personnel;personil
educator;pendidik
relative;relatif
immigration;imigrasi
belt;sabuk
teaspoon;sendok teh
birthday;hari ulang tahun
implication;implikasi
perfectly;sempurna
coast;pesisir
supporter;pendukung
accompany;menemani
silver;perak
teenager;remaja
recognition;pengakuan
retirement;masa pensiun
flag;bendera
recovery;pemulihan
whisper;bisikan
gentleman;pria
corn;Jagung
moon;bulan
inner;batin
junior;muda
throat;tenggorokan
salary;gaji
swing;mengayun
observer;pengamat
publication;publikasi
crop;tanaman
dig;Anda
permanent;permanen
phenomenon;fenomena
anxiety;kecemasan
unlike;tidak seperti
wet;basah
literally;secara harfiah
resist;melawan
convention;Konvensi
embrace;merangkul
assist;membantu
exhibition;pameran
construct;membangun
viewer;penonton
pan;panci
consultant;konsultan
administrator;administrator
occasionally;kadang-kadang
mayor;walikota
consideration;pertimbangan
CEO;CEO
secure;aman
pink;Merah Jambu
buck;uang
historic;bersejarah
poem;puisi
grandmother;nenek
bind;mengikat
fifth;kelima
constantly;selalu
enterprise;perusahaan
favor;kebaikan
testing;pengujian
stomach;perut
apparent;tampak
weigh;Menimbang
install;Install
sensitive;peka
suggestion;saran
mail;surat
recipe;resep
reasonable;wajar
preparation;persiapan
wooden;kayu
elementary;dasar
concert;konser
aggressive;agresif
FALSE;SALAH
intention;maksud
channel;saluran
extreme;ekstrim
tube;tabung
drawing;menggambar
protein;protein
quit;berhenti
absence;ketiadaan
Latin;Latin
rapidly;dengan cepat
jail;penjara
diversity;perbedaan
honest;jujur
Palestinian;Palestina
pace;laju
employment;pekerjaan
speaker;pembicara
impression;kesan
essay;karangan
respondent;responden
giant;raksasa
cake;kue
historian;sejarawan
negotiate;negosiasi
restore;memulihkan
substantial;besar
pop;pop
specialist;spesialis
origin;asal
approval;persetujuan
quietly;diam-diam
advise;menasihati
conventional;konvensional
depth;kedalaman
wealth;kekayaan
disability;disabilitas
shell;kerang
criticize;mengkritik
effectively;efektif
biological;biologis
onion;Bawang
deputy;wakil
flat;datar
brand;merek
assure;memastikan
mad;gila
award;menghadiahkan
criteria;kriteria
dealer;pedagang
via;melalui
utility;kegunaan
precisely;dengan tepat
arise;timbul
armed;bersenjata
nevertheless;namun demikian
highway;jalan raya
clinical;klinis
routine;rutin
wage;gaji
normally;biasanya
phrase;frasa
ingredient;bahan
stake;mempertaruhkan
Muslim;Muslim
fiber;serat
activist;aktivis
Islamic;Islam
snap;jepret
terrorism;terorisme
refugee;pengungsi
incorporate;menggabungkan
hip;panggul
ultimate;terakhir
switch;mengalihkan
corporation;perusahaan
valuable;berharga
assumption;anggapan
gear;gigi
barrier;penghalang
minor;minor
provision;persediaan
killer;pembunuh
assign;menetapkan
gang;gang
developing;mengembangkan
classic;klasik
chemical;bahan kimia
label;label
teen;remaja
index;indeks
vacation;liburan
advocate;menganjurkan
draft;konsep
extraordinary;luar biasa
heaven;surga
rough;kasar
yell;berteriak
pregnant;hamil
distant;jauh
drama;drama
satellite;satelit
personally;sendiri
clock;jam
chocolate;cokelat
Italian;Italia
Canadian;Kanada
ceiling;langit-langit
sweep;menyapu
advertising;iklan
universal;universal
spin;putaran
button;tombol
bell;lonceng
rank;pangkat
darkness;kegelapan
clothing;pakaian
super;super
yield;menghasilkan
fence;pagar
portrait;potret
survival;bertahan hidup
roughly;dengan kasar
lawsuit;gugatan
testimony;kesaksian
bunch;kelompok
found;ditemukan
burden;beban
react;reaksi
chamber;ruang
furniture;mebel
cooperation;kerja sama
string;rangkaian
ceremony;upacara
communicate;menyampaikan
cheek;pipi
lost;hilang
profile;Profil
mechanism;mekanisme
disagree;tidak setuju
penalty;penalti
ie;yaitu
resort;resor
destruction;penghancuran
unlikely;tidak sepertinya
tissue;tisu
constitutional;konstitusional
pant;celana
stranger;orang asing
infection;infeksi
cabinet;kabinet
broken;rusak
apple;apel
electric;listrik
proceed;melanjutkan
bet;tetapi
literary;sastra
virus;virus
stupid;bodoh
dispute;perselisihan
fortune;harta benda
strategic;strategis
assistant;asisten
overcome;mengatasi
remarkable;luar biasa
occupy;menempati
statistics;statistik
shopping;belanja
cousin;sepupu
encounter;bertemu
wipe;menghapus
initially;mulanya
blind;buta
port;Pelabuhan
electricity;listrik
genetic;genetik
adviser;penasihat
spokesman;juru bicara
retain;mempertahankan
latter;yang terakhir
incentive;insentif
slave;budak
translate;menerjemahkan
accurate;tepat
whereas;sedangkan
terror;teror
expansion;ekspansi
elite;elite
Olympic;Olimpiade
dirt;kotoran
odd;aneh
rice;Nasi
bullet;peluru
tight;ketat
Bible;Alkitab
chart;bagan
solar;tenaga surya
square;kotak
concentration;konsentrasi
complicated;rumit
gently;dengan lembut
champion;juara
scenario;skenario
telescope;teleskop
reflection;cerminan
revolution;revolusi
strip;mengupas
interpret;menafsirkan
friendly;ramah
tournament;turnamen
fiction;fiksi
detect;mendeteksi
tremendous;luar biasa besar
lifetime;seumur hidup
recommendation;rekomendasi
senator;senator
hunting;memburu
salad;salad
guarantee;menjamin
innocent;polos
boundary;batas
pause;berhenti sebentar
remote;terpencil
satisfaction;kepuasan
journal;jurnal
bench;bangku
lover;kekasih
raw;mentah
awareness;kesadaran
surprising;mengejutkan
withdraw;menarik
deck;Kartu
similarly;demikian pula
newly;baru saja
pole;tidak ada
testify;bersaksi
mode;mode
dialogue;dialog
imply;menyiratkan
naturally;tentu saja
mutual;saling
founder;pendiri
advanced;canggih
pride;kebanggaan
dismiss;membubarkan
aircraft;pesawat terbang
delivery;pengiriman
mainly;terutama
bake;memanggang
freeze;membekukan
platform;platform
finance;keuangan
sink;tenggelam
attractive;menarik
diverse;beragam
relevant;relevan
ideal;ideal
joy;sukacita
regularly;secara teratur
working;bekerja
singer;penyanyi
evolve;berkembang
shooting;penembakan
partly;sebagian
unknown;tidak dikenal
offense;pelanggaran
counter;menangkal
DNA;DNA
potentially;berpotensi
thirty;tigapuluh
justify;membenarkan
protest;protes
crash;menabrak
craft;keahlian
treaty;perjanjian
terrorist;teroris
insight;wawasan
possess;memiliki
politically;secara politik
tap;mengetuk
extensive;luas
episode;episode
swim;berenang
tire;ban
fault;kesalahan
loose;longgar
shortly;segera
originally;semula
considerable;besar
prior;sebelumnya
intellectual;intelektual
assault;serangan
relax;santai
stair;anak tangga
adventure;petualangan
external;luar
proof;bukti
confident;percaya diri
headquarters;markas besar
sudden;tiba-tiba
dirty;kotor
violation;pelanggaran
tongue;lidah
license;lisensi
shelter;tempat berlindung
rub;menggosok
controversy;kontroversi
entrance;jalan masuk
properly;dengan baik
fade;memudar
defensive;defensif
tragedy;tragedi
net;bersih
characterize;mencirikan
funeral;upacara pemakaman
profession;profesi
alter;mengubah
constitute;merupakan
establishment;pembentukan
squeeze;meremas
imagination;imajinasi
mask;masker
convert;mengubah
comprehensive;luas
prominent;menonjol
presentation;presentasi
regardless;tanpa memedulikan
load;memuat
stable;stabil
introduction;pengantar
pretend;berpura-pura
elderly;tua
representation;perwakilan
deer;rusa
split;membelah
violate;melanggar
partnership;kemitraan
pollution;polusi
emission;emisi
steady;stabil
vital;vital
fate;takdir
earnings;pendapatan
oven;oven
distinction;perbedaan
segment;segmen
nowhere;tidak kemana-mana
poet;penyair
mere;lagi
exciting;seru
variation;variasi
comfort;kenyamanan
radical;radikal
adapt;menyesuaikan
Irish;orang Irlandia
honey;sayang
correspondent;koresponden
pale;pucat
musician;pemusik
significance;makna
vessel;kapal
storage;penyimpanan
flee;kabur
mm-hmm;mm-hmm
leather;kulit
distribute;mendistribusikan
evolution;evolusi
ill;Saya akan
tribe;suku
shelf;rak
grandfather;kakek
lawn;halaman rumput
buyer;pembeli
dining;makan
wisdom;kebijaksanaan
council;Dewan
vulnerable;rentan
instance;contoh
garlic;Bawang putih
capability;kemampuan
poetry;puisi
celebrity;selebriti
gradually;bertahap
stability;stabilitas
fantasy;fantasi
scared;takut
plot;merencanakan
framework;kerangka
gesture;sikap
depending;tergantung
ongoing;sedang berlangsung
psychology;psikologi
counselor;konselor
chapter;bab
divorce;perceraian
owe;utang
pipe;pipa
athletic;atletis
slight;sedikit
math;matematika
shade;naungan
tail;ekor
sustain;mempertahankan
mount;gunung
obligation;kewajiban
angle;sudut
palm;telapak
differ;berbeda
custom;kebiasaan
economist;ekonom
fifteen;limabelas
soup;Sup
celebration;perayaan
efficient;efisien
composition;komposisi
satisfy;memuaskan
pile;tumpukan
briefly;secara singkat
carbon;karbon
closer;lebih dekat
consume;mengkonsumsi
scheme;skema
crack;retakan
frequency;frekuensi
tobacco;tembakau
survivor;penyintas
besides;di samping itu
psychologist;psikolog
wealthy;kaya
galaxy;galaksi
given;diberikan
ski;main ski
limitation;keterbatasan
trace;jejak
appointment;janji temu
preference;Pilihan
meter;meter
explosion;ledakan
publicly;di depan umum
incredible;menakjubkan
fighter;pejuang
rapid;cepat
admission;penerimaan
hunter;pemburu
educate;mendidik
painful;menyakitkan
friendship;persahabatan
aide;pembantu
infant;bayi
calculate;menghitung
fifty;lima puluh
rid;menyingkirkan
porch;beranda
tendency;kecenderungan
uniform;seragam
formation;pembentukan
scholarship;beasiswa
reservation;reservasi
efficiency;efisiensi
qualify;memenuhi syarat
mall;mall
derive;memperoleh
scandal;skandal
PC;PC
helpful;bermanfaat
impress;membuat terkesan
heel;semua
resemble;mirip
privacy;pribadi
fabric;kain
contest;kontes
proportion;proporsi
guideline;pedoman
rifle;senapan
maintenance;pemeliharaan
conviction;pengakuan
trick;menipu
organic;organik
tent;tenda
examination;penyelidikan
publisher;penerbit
strengthen;memperkuat
proposed;diajukan
myth;mitos
sophisticated;rumit
cow;lembu
etc;dll.
standing;kedudukan
asleep;tertidur
tennis;tenis
nerve;saraf
barrel;barel
bombing;pengeboman
membership;keanggotaan
ratio;perbandingan
menu;Tidak bisa
controversial;kontroversial
desperate;putus asa
lifestyle;gaya hidup
humor;humor
loud;keras
glove;sarung tangan
sufficient;memadai
narrative;cerita
photographer;juru potret
helicopter;helikopter
modest;sederhana
provider;pemberi
delay;menunda
agricultural;pertanian
explode;meledak
stroke;pukulan
scope;cakupan
punishment;hukuman
handful;segenggam
badly;dengan buruk
horizon;cakrawala
curious;penasaran
downtown;pusat kota
girlfriend;pacar perempuan
prompt;mengingatkan
cholesterol;kolesterol
absorb;menyerap
adjustment;pengaturan
taxpayer;pembayar pajak
eager;ingin sekali
principal;Kepala Sekolah
detailed;terperinci
motivation;motivasi
assignment;penugasan
restriction;larangan
laboratory;laboratorium
workshop;bengkel
differently;berbeda
auto;mobil
romantic;romantis
cotton;kapas
motor;motor
sue;menuntut
flavor;rasa
overlook;mengabaikan
float;mengambang
undergo;menjalani
sequence;urutan
demonstration;demonstrasi
jet;jet
orange;jeruk
consumption;konsumsi
assert;menegaskan
blade;Pedang
temporary;sementara
medication;pengobatan
cabin;kabin
bite;menggigit
edition;mengedit
valley;lembah
yours;milikmu
pitch;melempar
pine;pinus
brilliant;cemerlang
versus;melawan
manufacturing;manufaktur
absolute;mutlak
chef;koki
discrimination;diskriminasi
offensive;menyinggung
boom;ledakan
register;daftar
appoint;menunjuk
heritage;warisan
God;Tuhan
dominant;dominan
successfully;berhasil
shit;kotoran
lemon;lemon
hungry;lapar
wander;berjalan-jalan
submit;Kirimkan
economics;ekonomi
naked;telanjang
anticipate;mengantisipasi
nut;kacang
legacy;warisan
extension;perpanjangan
shrug;mengangkat bahu
battery;baterai
arrival;kedatangan
legitimate;sah
orientation;orientasi
inflation;inflasi
cope;mengatasi
flame;api
cluster;gugus
wound;luka
dependent;bergantung
shower;mandi
institutional;kelembagaan
depict;menggambarkan
operating;Pengoperasian
flesh;daging
garage;garasi
operator;operator
instructor;pengajar
collapse;jatuh
borrow;meminjam
furthermore;lebih-lebih lagi
comedy;komedi
mortgage;hipotek
sanction;sanksi
civilian;sipil
twelve;dua belas
weekly;mingguan
habitat;habitat
grain;bulir
brush;sikat
consciousness;kesadaran
devote;mendedikasikan
measurement;pengukuran
province;propinsi
ease;meredakan
seize;menangkap
ethics;etika
nomination;pencalonan
permission;izin
wise;bijak
actress;aktris
summit;puncak
acid;asam
odds;kemungkinan
gifted;berbakat
frustration;frustrasi
medium;sedang
physically;secara fisik
distinguish;membedakan
shore;pantai
repeatedly;berkali-kali
lung;paru-paru
running;berlari
distinct;berbeda
artistic;artistik
discourse;ceramah
basket;keranjang
ah;ah
fighting;berkelahi
impressive;menakjubkan
competitor;saingan
ugly;jelek
worried;khawatir
portray;menggambarkan
powder;bubuk
ghost;hantu
persuade;membujuk
moderate;sedang
subsequent;setelah
continued;lanjutan
cookie;Kue kering
carrier;pembawa
cooking;memasak
frequent;sering
ban;melarang
awful;buruk sekali
admire;mengagumi
pet;membelai
miracle;keajaiban
exceed;melebihi
rhythm;irama
widespread;tersebar luas
killing;pembunuhan
lovely;menyenangkan
sin;dosa
charity;amal
script;naskah
tactic;taktik
identification;identifikasi
transformation;transformasi
everyday;setiap hari
headline;tajuk utama
venture;usaha
invasion;invasi
nonetheless;Namun
adequate;memadai
piano;piano
grocery;kebutuhan sehari-hari
intensity;intensitas
exhibit;pameran
blanket;selimut
margin;batas
quarterback;quarterback
mouse;mouse
rope;tali
concrete;konkret
prescription;resep
African-American;Amerika Afrika
chase;mengejar
brick;bata
recruit;rekrut
patch;tambalan
consensus;konsensus
horror;kengerian
recording;rekaman
changing;berubah
painter;pelukis
colonial;kolonial
pie;pada
sake;Demi
gaze;tatapan
courage;keberanian
pregnancy;kehamilan
swear;bersumpah
defeat;mengalahkan
clue;petunjuk
reinforce;memperkuat
confusion;kebingungan
slice;mengiris
occupation;pekerjaan
dear;terhormat
coal;batu bara
sacred;suci
formula;rumus
cognitive;kognitif
collective;kolektif
exact;akurat
uncle;paman
captain;Kapten
sigh;mendesah
attribute;atribut
dare;berani
homeless;tunawisma
gallery;galeri
soccer;sepak bola
defendant;terdakwa
tunnel;terowongan
fitness;kebugaran
lap;pangkuan
grave;kuburan
toe;kemudian
container;wadah
virtue;kebajikan
abroad;luar negeri
architect;arsitek
dramatically;secara dramatis
makeup;dandan
inquiry;pertanyaan
rose;mawar
surprisingly;heran
highlight;menyorot
decrease;mengurangi
indication;indikasi
rail;rel
anniversary;ulang tahun
couch;sofa
alliance;persekutuan
hypothesis;hipotesa
boyfriend;pacar
compose;menyusun
mess;kekacauan
legend;legenda
regulate;mengatur
adolescent;remaja
shine;bersinar
norm;norma
upset;kecewa
remark;komentar
resign;berhenti
reward;Penghargaan
gentle;lembut
related;terkait
organ;organ
lightly;enteng
concerning;tentang
invent;menciptakan
laughter;tawa
northwest;Barat laut
counseling;penyuluhan
receiver;penerima
ritual;upacara
insect;serangga
interrupt;mengganggu
salmon;ikan salmon
trading;jual beli
magic;sihir
superior;unggul
combat;tempur
stem;tangkai
surgeon;ahli bedah
acceptable;dapat diterima
physics;fisika
rape;memperkosa
counsel;nasihat
jeans;jeans
hunt;berburu
continuous;kontinu
log;catatan
echo;gema
pill;pil
excited;bergairah
sculpture;patung
compound;menggabungkan
integrate;mengintegrasikan
flour;tepung
bitter;pahit
bare;hanya
slope;lereng
rent;menyewa
presidency;kepresidenan
serving;porsi
subtle;tak kentara
greatly;sangat
bishop;uskup
drinking;minum
acceptance;penerimaan
pump;pompa
candy;Permen
evil;kejahatan
pleased;senang
medal;medali
beg;mengemis
sponsor;sponsor
ethical;etis
secondary;sekunder
slam;membanting
export;ekspor
experimental;eksperimental
melt;meleleh
midnight;tengah malam
curve;melengkung
integrity;integritas
entitle;hak
evident;jelas
logic;logika
essence;esensi
exclude;mengecualikan
harsh;kasar
closet;lemari
suburban;pinggiran kota
greet;menyapa
interior;pedalaman
corridor;koridor
retail;eceran
pitcher;kendi
march;berbaris
snake;ular
excuse;mengizinkan
weakness;kelemahan
pig;babi
classical;klasik
estimated;diperkirakan
T-shirt;kaos
unemployment;pengangguran
civilization;peradaban
fold;melipat
reverse;membalik
missing;hilang
correlation;korelasi
humanity;kemanusiaan
flash;kilatan
developer;pengembang
reliable;dapat diandalkan
excitement;kegembiraan
beef;daging sapi
Islam;Islam
Roman;Roma
architecture;Arsitektur
occasional;sesekali
administrative;administratif
elbow;siku
deadly;mematikan
Hispanic;Hispanik
allegation;tuduhan
confuse;bingung
airplane;pesawat terbang
monthly;bulanan
duck;bebek
dose;dosis
Korean;Korea
plead;mengaku
initiate;memulai
lecture;kuliah
van;dari
sixth;keenam
bay;teluk
mainstream;arus utama
suburb;pinggiran kota
sandwich;sandwich
trunk;belalai
rumor;isu
implementation;penerapan
swallow;angsa
motivate;motivasi
render;memberikan
longtime;lama
trap;perangkap
restrict;membatasi
cloth;kain
seemingly;tampaknya
legislative;legislatif
effectiveness;efektivitas
enforce;melaksanakan
lens;lensa
inspector;inspektur
lend;meminjamkan
plain;polos
fraud;tipuan
companion;pendamping
contend;bersaing
nail;paku
array;Himpunan
strict;ketat
assemble;berkumpul
frankly;terus terang
rat;tikus
hay;baik
hallway;lorong
cave;gua
inevitable;tidak bisa dihindari
southwest;barat daya
monster;raksasa
unexpected;tidak terduga
obstacle;kendala
facilitate;memudahkan
rip;meninggal dunia
herb;herba
overwhelming;begitu banyak
integration;integrasi
crystal;kristal
recession;resesi
written;tertulis
motive;motif
flood;banjir
pen;pena
ownership;kepemilikan
nightmare;mimpi buruk
inspection;inspeksi
supervisor;pengawas
consult;berkonsultasi
arena;arena
diagnosis;diagnosa
possession;milik
forgive;memaafkan
consistently;secara konsisten
basement;ruang bawah tanah
drift;melayang
drain;mengeringkan
prosecution;penuntutan
maximum;maksimum
announcement;pengumuman
warrior;pejuang
prediction;ramalan
bacteria;bakteri
questionnaire;daftar pertanyaan
mud;lumpur
infrastructure;infrastruktur
hurry;buru-buru
privilege;hak istimewa
temple;Candi
outdoor;di luar ruangan
suck;mengisap
and/or;dan/atau
broadcast;siaran
re;ulang
leap;melompat
random;acak
wrist;pergelangan tangan
curtain;tirai
pond;kolam
domain;domain
guilt;kesalahan
cattle;ternak
walking;berjalan
playoff;pertandingan ulang
minimum;minimum
fiscal;fiskal
skirt;rok
dump;membuang
hence;karenanya
database;basis data
uncomfortable;tidak nyaman
execute;menjalankan
limb;lengan
ideology;ideologi
tune;lagu
continuing;melanjutkan
harm;menyakiti
railroad;jalan kereta api
endure;menderita
radiation;radiasi
horn;klakson
chronic;kronis
peaceful;tenang
innovation;inovasi
strain;regangan
guitar;gitar
replacement;penggantian
behave;berperilaku baik
administer;mengelola
simultaneously;serentak
dancer;penari
amendment;amandemen
pad;bantalan
transmission;penularan
await;menunggu
retired;pensiun
trigger;pemicu
spill;tumpahan
grateful;bersyukur
grace;berkah
virtual;maya
colony;koloni
adoption;adopsi
indigenous;asli
closed;tertutup
convict;menghukum
towel;handuk
modify;memodifikasi
particle;partikel
prize;hadiah
landing;pendaratan
boost;mendorong
bat;satu
alarm;alarm
festival;festival
grip;pegangan
weird;aneh
undermine;merusak
freshman;mahasiswa baru
sweat;keringat
outer;luar
drunk;mabuk
separation;pemisahan
traditionally;secara tradisional
govern;memerintah
southeast;tenggara
intelligent;cerdas
wherever;di manapun
ballot;suara
rhetoric;retorik
convinced;yakin
driving;menyetir
vitamin;vitamin
enthusiasm;antusiasme
accommodate;menampung
praise;memuji
injure;melukai
wilderness;gurun
endless;tak berujung
mandate;mandat
respectively;masing-masing
uncertainty;ketakpastian
chaos;kekacauan
mechanical;mekanis
canvas;kanvas
forty;empat puluh
lobby;lobi
profound;menonjol
format;format
trait;sifat
currency;mata uang
turkey;Turki
reserve;Memesan
beam;balok
astronomer;ahli astronomi
corruption;korupsi
contractor;kontraktor
apologize;meminta maaf
doctrine;doktrin
genuine;tulus
thumb;ibu jari
unity;persatuan
compromise;kompromi
horrible;mengerikan
behavioral;perilaku
exclusive;eksklusif
scatter;menyebarkan
commonly;umumnya
convey;mengangkut
twist;memutar
complexity;kompleksitas
fork;garpu
disk;piringan
relieve;meringankan
suspicion;kecurigaan
health-care;kesehatan
residence;tempat tinggal
shame;malu
meaningful;berarti
sidewalk;trotoar
Olympics;Olimpiade
technological;teknologi
signature;tanda tangan
pleasant;menyenangkan
wow;wow
suspend;menskors
rebel;pemberontak
frozen;beku
spouse;pasangan
fluid;cairan
pension;pensiun
resume;melanjutkan
theoretical;teoretis
sodium;sodium
promotion;promosi
delicate;halus
forehead;dahi
rebuild;membangun kembali
bounce;melambung
electrical;listrik
hook;kait
detective;detektif
traveler;wisatawan
click;klik
compensation;kompensasi
exit;KELUAR
attraction;daya tarik
dedicate;dedikasi
altogether;sama sekali
pickup;ambil
carve;mengukir
needle;jarum
belly;perut
scare;ketakutan
portfolio;portofolio
shuttle;pesawat ulang-alik
invisible;tak terlihat
timing;waktu
engagement;keterikatan
ankle;pergelangan kaki
transaction;transaksi
rescue;menyelamatkan
counterpart;rekanan
historically;secara historis
firmly;dengan tegas
mild;ringan
rider;pengendara
doll;boneka
noon;siang
amid;di tengah
identical;identik
precise;tepat
anxious;cemas
structural;struktural
residential;perumahan
diagnose;mendiagnosa
carbohydrate;karbohidrat
liberty;kebebasan
poster;poster
theology;teologi
nonprofit;nirlaba
crawl;merangkak
oxygen;oksigen
handsome;tampan
sum;jumlah
provided;asalkan
businessman;pengusaha
promising;menjanjikan
conscious;sadar
determination;penentuan
donor;penyumbang
hers;dia
pastor;pendeta
jazz;jazz
opera;opera
acquisition;Akuisisi
pit;lubang
hug;memeluk
wildlife;margasatwa
punish;menghukum
equity;ekuitas
doorway;pintu keluar masuk
departure;keberangkatan
elevator;tangga berjalan
teenage;remaja
guidance;panduan
happiness;kebahagiaan
statue;patung
pursuit;pengejaran
repair;memperbaiki
decent;baik
gym;Gym
oral;lisan
clerk;staf
envelope;amplop
reporting;pelaporan
destination;tujuan
fist;tinju
endorse;mendukung
exploration;eksplorasi
generous;dermawan
bath;mandi
thereby;dengan demikian
indicator;indikator
sunlight;sinar matahari
feedback;masukan
spectrum;spektrum
purple;ungu
laser;laser
bold;berani
reluctant;mereka ragu-ragu
starting;mulai
expertise;keahlian
practically;praktis
eating;makan
hint;petunjuk
sharply;tajam
parade;Parade
realm;dunia
cancel;membatalkan
blend;mencampur
therapist;dokter
peel;kulit
pizza;Pizza
recipient;penerima
hesitate;ragu-ragu
flip;Balik
accounting;akuntansi
bias;bias
huh;Hah
metaphor;metafora
candle;lilin
judicial;peradilan
entity;kesatuan
suffering;menderita
full-time;waktu penuh
lamp;lampu
garbage;sampah
servant;pelayan
regulatory;peraturan
diplomatic;diplomatik
elegant;anggun
reception;penerimaan
vanish;menghilang
automatically;secara otomatis
chin;dagu
necessity;kebutuhan
confess;mengakui
racism;rasisme
starter;starter
banking;perbankan
casual;santai
gravity;gravitasi
enroll;mendaftar
diminish;mengurangi
prevention;pencegahan
minimize;memperkecil
chop;memotong
performer;penampil
intent;maksud
isolate;memisahkan
inventory;inventaris
productive;produktif
assembly;perakitan
civic;sipil
silk;sutra
magnitude;besarnya
steep;curam
hostage;sandera
collector;pengumpul
popularity;kepopuleran
alien;asing
dynamic;dinamis
scary;menakutkan
equation;persamaan
angel;malaikat
offering;menawarkan
rage;kemarahan
photography;fotografi
toilet;toilet
disappointed;kecewa
precious;berharga
prohibit;melarang
realistic;realistis
hidden;tersembunyi
tender;lembut
gathering;mengumpulkan
outstanding;luar biasa
stumble;tersandung
lonely;kesepian
automobile;mobil
artificial;palsu
dawn;Fajar
abstract;abstrak
descend;turun
silly;konyol
tide;gelombang pasang
shared;bersama
hopefully;semoga
readily;segera
cooperate;bekerja sama
revolutionary;revolusioner
romance;percintaan
hardware;perangkat keras
pillow;bantal
kit;kit
continent;benua
seal;segel
circuit;sirkuit
ruling;berkuasa
shortage;kekurangan
annually;setiap tahun
lately;akhir-akhir ini
scan;memindai
fool;bodoh
deadline;tenggat waktu
rear;belakang
processing;pengolahan
ranch;peternakan
coastal;pesisir
undertake;melakukan
softly;dengan lembut
burning;pembakaran
verbal;lisan
tribal;kesukuan
ridiculous;konyol
automatic;otomatis
diamond;berlian
credibility;kredibilitas
import;impor
sexually;secara seksual
divine;bersifat ketuhanan
sentiment;sentimen
cart;keranjang
oversee;mengawasi
o'clock;jam
elder;lebih tua
pro;pro
inspiration;inspirasi
Dutch;Belanda
quantity;kuantitas
trailer;cuplikan
mate;kematian
Greek;Orang yunani
genius;jenius
monument;Monumen
bid;penawaran
quest;pencarian
sacrifice;pengorbanan
invitation;undangan
accuracy;ketepatan
juror;anggota juri
officially;secara resmi
broker;makelar
treasure;harta karun
loyalty;loyalitas
talented;berbakat
gasoline;bensin
stiff;kaku
output;keluaran
nominee;calon
extended;diperpanjang
diabetes;diabetes
slap;tamparan
toxic;beracun
alleged;dugaan
jaw;rahang
grief;duka
mysterious;gaib
rocket;roket
donate;menyumbangkan
inmate;tahanan
tackle;mengatasi
dynamics;dinamika
bow;busur
ours;milik kita
dignity;harga diri
carpet;karpet
parental;orang tua
bubble;gelembung
buddy;sobat
barn;lumbung
sword;pedang
seventh;ketujuh
glory;Kemuliaan
tightly;rapat
protective;pelindung
tuck;menyelipkan
drum;drum
faint;pingsan
queen;ratu
dilemma;dilema
input;memasukkan
specialize;mengkhususkan
northeast;timur laut
shallow;dangkal
liability;kewajiban
sail;berlayar
merchant;pedagang
stadium;stadion
improved;ditingkatkan
bloody;berdarah
associated;terkait
withdrawal;penarikan
refrigerator;kulkas
nest;sarang
thoroughly;secara menyeluruh
lane;jalur
ancestor;leluhur
condemn;memvonis
steam;uap
accent;aksen
optimistic;optimis
unite;bersatu
cage;kurungan
equip;melengkapi
shrimp;udang
homeland;tanah air
rack;rak
costume;kostum
wolf;serigala
courtroom;ruang sidang
statute;undang-undang
cartoon;kartun
productivity;produktifitas
grin;menyeringai
symbolic;simbolis
bug;serangga
bless;memberkati
aunt;tante
agriculture;pertanian
hostile;agresif
conceive;memahami
combined;gabungan
instantly;segera
bankruptcy;kebangkrutan
vaccine;vaksin
bonus;bonus
collaboration;kolaborasi
mixed;Campuran
opposed;menentang
orbit;orbit
grasp;mencengkeram
patience;kesabaran
spite;meskipun
tropical;tropis
voting;pemungutan suara
patrol;patroli
willingness;kesediaan
revelation;wahyu
calm;tenang
jewelry;perhiasan
Cuban;Kuba
haul;mengangkut
concede;Menyerah
wagon;kereta
afterward;kemudian
spectacular;spektakuler
ruin;kehancuran
sheer;belaka
immune;imun
reliability;keandalan
ass;adalah
alongside;di samping
bush;semak
exotic;eksotik
fascinating;memukau
clip;klip
thigh;paha
bull;banteng
drawer;laci
sheep;domba
discourage;mengecilkan hati
coordinator;koordinator
ideological;ideologis
runner;pelari
secular;sekuler
intimate;intim
empire;kerajaan
cab;taksi
exam;ujian
documentary;dokumenter
neutral;netral
biology;biologi
flexible;fleksibel
progressive;progresif
web;jaring
conspiracy;konspirasi
casualty;korban
republic;republik
execution;eksekusi
terrific;hebat
whale;paus
functional;fungsional
instinct;naluri
teammate;rekan satu tim
aluminum;aluminium
whoever;siapapun
ministry;kementerian
verdict;dakwaan
instruct;menginstruksikan
skull;tengkorak
self-esteem;harga diri
cooperative;kooperatif
manipulate;memanipulasi
bee;lebah
practitioner;praktisi
loop;lingkaran
edit;edit
whip;cambuk
puzzle;membingungkan
mushroom;jamur
subsidy;subsidi
boil;mendidihkan
tragic;tragis
mathematics;matematika
mechanic;montir
jar;stoples
earthquake;gempa bumi
pork;Babi
creativity;kreativitas
safely;aman
underlying;mendasari
dessert;hidangan penutup
sympathy;simpati
fisherman;nelayan
incredibly;luar biasa
isolation;isolasi
sock;kaus kaki
eleven;sebelas
sexy;seksi
entrepreneur;pengusaha
syndrome;sindroma
bureau;biro
workplace;tempat kerja
ambition;ambisi
touchdown;gol
utilize;memanfaatkan
breeze;angin semilir
costly;mahal
ambitious;ambisius
Christianity;Kekristenan
presumably;agaknya
influential;berpengaruh
translation;terjemahan
uncertain;tidak pasti
dissolve;larut
statistical;statistik
gut;usus
metropolitan;metropolitan
rolling;bergulir
aesthetic;estetis
spell;mengeja
insert;memasukkan
booth;stan
helmet;helm
waist;pinggang
expected;mengharapkan
lion;singa
accomplishment;prestasi
royal;kerajaan
panic;panik
crush;menghancurkan
actively;secara aktif
cliff;jurang
minimal;minimal
cord;tali
fortunately;untung
cocaine;kokain
illusion;ilusi
anonymous;anonim
tolerate;mentolerir
appreciation;apresiasi
commissioner;komisaris
flexibility;fleksibilitas
instructional;instruksional
scramble;berebut
casino;kasino
tumor;tumor
decorate;menghias
pulse;detak
equivalent;setara
fixed;tetap
experienced;berpengalaman
donation;sumbangan
diary;buku harian
sibling;saudara
irony;ironi
spoon;sendok
midst;tengah
alley;gang
interact;berinteraksi
soap;sabun mandi
cute;imut
rival;saingan
short-term;jangka pendek
punch;memukul
pin;pin
hockey;hoki
passing;lewat
persist;bertahan
supplier;pemasok
known;diketahui
momentum;momentum
purse;tas kecil
shed;gudang
liquid;cairan
icon;ikon
elephant;gajah
consequently;akibatnya
legislature;badan legislatif
franchise;waralaba
correctly;benar
mentally;mental
foster;mengasuh
bicycle;sepeda
encouraging;mendorong
cheat;mencurangi
heal;sembuh
fever;demam
filter;Saring
rabbit;kelinci
coin;koin
exploit;mengeksploitasi
accessible;dapat diakses
organism;organisme
sensation;sensasi
partially;sebagian
upstairs;di atas
dried;kering
conservation;konservasi
shove;mendorong
backyard;halaman belakang
charter;piagam
stove;kompor
consent;izin
comprise;meliputi
reminder;pengingat
alike;sama
placement;penempatan
dough;adonan
grandchild;cucu
dam;bendungan
reportedly;kabarnya
well-known;terkenal
surrounding;sekitarnya
ecological;ekologis
outfit;pakaian
unprecedented;belum pernah terjadi sebelumnya
columnist;kolumnis
workout;bekerja
preliminary;pendahuluan
patent;paten
shy;malu
trash;sampah
disabled;dengan disabilitas
gross;bruto
damn;Sial
hormone;hormon
texture;tekstur
pencil;pensil
frontier;perbatasan
spray;semprot
disclose;membuka
custody;hak asuh
banker;bankir
beast;binatang buas
interfere;mengganggu
oak;ek
eighth;kedelapan
notebook;buku catatan
outline;garis besar
attendance;kehadiran
speculation;spekulasi
uncover;menemukan
behalf;kepentingan
innovative;inovatif
shark;hiu
mill;pabrik
installation;instalasi
stimulate;merangsang
tag;menandai
vertical;vertikal
swimming;renang
fleet;armada
catalog;katalog
outsider;orang luar
desperately;putus asa
stance;pendirian
compel;memaksa
sensitivity;kepekaan
someday;suatu hari nanti
instant;instan
debut;debut
proclaim;menyatakan
worldwide;di seluruh dunia
hike;kenaikan
required;yg dibutuhkan
confrontation;konfrontasi
colorful;warna-warni
constitution;konstitusi
trainer;pelatih
Thanksgiving;ucapan syukur
scent;aroma
stack;tumpukan
eyebrow;alis
sack;memecat
cease;berhenti
inherit;kamu mewarisi
tray;baki
pioneer;pelopor
organizational;organisasi
textbook;buku pelajaran
uh;uh
nasty;menjijikan
shrink;menyusut
emerging;muncul
dot;dot
wheat;gandum
fierce;garang
envision;membayangkan
rational;rasional
kingdom;kerajaan
aisle;lorong
weaken;melemahkan
protocol;protokol
exclusively;khusus
vocal;vokal
marketplace;pasar
openly;secara terbuka
unfair;tidak adil
terrain;medan
deploy;menyebarkan
risky;berisiko
pasta;Semacam spageti
genre;genre
distract;mengganggu
merit;kemampuan
planner;perencana
depressed;murung
chunk;bingkah
closest;terdekat
discount;diskon
ladder;tangga
jungle;Hutan
migration;migrasi
breathing;pernafasan
invade;menyerbu
hurricane;badai
retailer;pengecer
classify;menggolongkan
coup;kup
ambassador;duta besar
density;kepadatan
supportive;mendukung
curiosity;rasa ingin tahu
skip;melewati
aggression;agresi
stimulus;rangsangan
journalism;jurnalistik
robot;robot
dip;mencelupkan
likewise;juga
informal;tidak resmi
Persian;Orang Persia
feather;bulu
sphere;bola
tighten;mengencangkan
boast;membanggakan
pat;sama
perceived;dirasakan
sole;tunggal
publicity;publisitas
unfold;membuka
well-being;kesejahteraan
validity;keabsahan
ecosystem;ekosistem
strictly;dengan ketat
partial;sebagian
collar;kerah
weed;gulma
compliance;kepatuhan
streak;garis
supposedly;seharusnya
added;ditambahkan
builder;pembangun
glimpse;melihat sekilas
premise;premis
specialty;khusus
deem;menganggap
artifact;artefak
sneak;menyelinap
monkey;monyet
mentor;pembimbing
two-thirds;dua pertiga
listener;pendengar
lightning;petir
legally;sah
sleeve;lengan baju
disappointment;kekecewaan
disturb;mengganggu
rib;iga
excessive;berlebihan
high-tech;teknologi tinggi
debris;serpihan
rod;tongkat
logical;logis
ash;Abu
socially;secara sosial
parish;paroki
slavery;perbudakan
blank;kosong
commodity;komoditas
cure;obat
mineral;mineral
hunger;kelaparan
dying;sekarat
developmental;pembangunan
faster;lebih cepat
spare;meluangkan
halfway;setengah jalan
equality;persamaan
cemetery;kuburan
harassment;gangguan
deliberately;dengan sengaja
fame;popularitas
regret;menyesali
striking;menyolok
likelihood;kemungkinan
carrot;wortel
atop;di atas
toll;korban
rim;pelek
embarrassed;malu
fucking;sialan
cling;melekat
isolated;terpencil
blink;berkedip
suspicious;mencurigakan
wheelchair;kursi roda
squad;pasukan
eligible;memenuhi syarat
processor;prosesor
plunge;terjun
demographic;demografis
chill;santai
refuge;tempat berlindung
steer;mengarahkan
legislator;legislator
rally;rapat umum
programming;pemrograman
cheer;bersorak
outlet;toko
intact;utuh
vendor;penjual
thrive;berkembang pesat
peanut;kacang
chew;mengunyah
elaborate;menjelaskan
conception;pembuahan
auction;lelang
steak;daging panggang
comply;mematuhi
triumph;kemenangan
shareholder;pemegang saham
comparable;sebanding
transport;mengangkut
conscience;hati nurani
calculation;perhitungan
considerably;sangat
interval;selang
scratch;menggores
awake;bangun
jurisdiction;yurisdiksi
inevitably;pasti
feminist;feminis
constraint;paksaan
emotionally;secara emosional
expedition;ekspedisi
allegedly;diduga
similarity;kesamaan
butt;pantat
lid;tutup
dumb;bodoh
bulk;dalam jumlah besar
sprinkle;percikan
mortality;kematian
philosophical;filosofis
conversion;konversi
patron;pelindung
municipal;kota
liver;hati
harmony;harmoni
solely;semata-mata
tolerance;toleransi
goat;kambing
blessing;anugerah
banana;pisang
palace;istana
formerly;dahulu
peasant;petani
neat;rapi
grandparent;eyang
lawmaker;anggota parlemen
supermarket;supermarket
cruise;pelayaran
mobile;seluler
calendar;kalender
widow;janda
deposit;menyetorkan
beard;jenggot
brake;rem
screening;penyaringan
impulse;impuls
forbid;melarang
fur;bulu
brutal;brutal
predator;pemangsa
poke;mencolek
opt;memilih
voluntary;sukarela
valid;sah
forum;forum
dancing;tarian
happily;dengan senang hati
soar;melonjak
removal;pemindahan
autonomy;otonomi
enact;menetapkan
thread;benang
landmark;tengara
unhappy;tidak bahagia
offender;pelanggar
coming;yang akan datang
privately;secara pribadi
fraction;pecahan
distinctive;berbeda
tourism;pariwisata
threshold;ambang
routinely;secara rutin
suite;rangkaian
regulator;pengatur
straw;Sedotan
theological;teologis
exhaust;knalpot
globe;bola dunia
fragile;rentan
objection;keberatan
chemistry;kimia
old-fashioned;kuno
crowded;penuh sesak
blast;ledakan
prevail;bertahan
overnight;semalam
denial;penyangkalan
rental;persewaan
fantastic;fantastis
fragment;pecahan
screw;baut
warmth;kehangatan
undergraduate;sarjana
headache;sakit kepala
policeman;polisi
projection;proyeksi
suitable;sesuai
graduation;kelulusan
drill;mengebor
cruel;kejam
mansion;rumah besar
grape;anggur
authorize;mengizinkan
cottage;pondok
driveway;jalan masuk
charm;pesona
sexuality;seks
loyal;loyal
clay;tanah liat
balloon;balon
invention;penemuan
ego;ego
fare;Mengerjakan
homework;pekerjaan rumah
disc;cakram
sofa;sofa
availability;ketersediaan
radar;radar
frown;cemberut
regain;mendapatkan kembali
sweater;sweter
rehabilitation;rehabilitasi
rubber;karet
retreat;mundur
molecule;molekul
freely;bebas
favorable;baik
steadily;stabil
integrated;terintegrasi
ha;dia punya
youngster;pemuda
premium;premium
accountability;pertanggungjawaban
overwhelm;membanjiri
one-third;sepertiga
contemplate;merenungkan
update;memperbarui
spark;percikan
ironically;ironisnya
fatigue;kelelahan
speculate;berspekulasi
marker;penanda
preach;berkhotbah
bucket;keranjang
blond;berambut pirang
confession;pengakuan
provoke;memprovokasi
marble;marmer
substantially;secara substansial
defender;pembela
explicit;eksplisit
disturbing;mengganggu
surveillance;pengawasan
magnetic;magnetis
technician;teknisi
mutter;ibu
devastating;merusak
depart;berangkat
arrow;anak panah
trauma;trauma
neighboring;berdekatan
soak;basah
ribbon;pita
meantime;sementara itu
transmit;mengirimkan
harvest;memanen
consecutive;berurutan
coordinate;koordinat
spy;mengintai
slot;slot
riot;kerusuhan
nutrient;gizi
citizenship;kewarganegaraan
severely;parah
sovereignty;kedaulatan
ridge;punggung bukit
brave;berani
lighting;Petir
specify;menentukan
contributor;penyumbang
frustrate;menggagalkan
articulate;pandai berbicara
importantly;penting
transit;transit
dense;padat
seminar;seminar
electronics;elektronik
sunny;cerah
shorts;celana pendek
swell;membengkak
accusation;tuduhan
soften;melunakkan
straighten;meluruskan
terribly;sangat
cue;isyarat
bride;pengantin perempuan
biography;biografi
hazard;bahaya
compelling;menarik
seldom;jarang
tile;ubin
economically;secara ekonomis
honestly;sejujurnya
troubled;bermasalah
twentieth;keduapuluh
balanced;seimbang
foreigner;orang asing
convenience;kenyamanan
delight;sukacita
weave;menenun
timber;kayu
till;ke
accurately;akurat
plea;permohonan
bulb;bohlam
flying;penerbangan
sustainable;berkelanjutan
devil;setan
bolt;baut
cargo;muatan
spine;tulang belakang
seller;penjual
skilled;terampil
managing;mengelola
marine;laut
dock;dermaga
organized;terorganisir
fog;kabut
diplomat;diplomat
boring;membosankan
sometime;beberapa waktu
summary;ringkasan
missionary;misionaris
epidemic;epidemi
fatal;fatal
trim;memangkas
warehouse;gudang
accelerate;mempercepat
butterfly;kupu-kupu
bronze;perunggu
drown;menenggelamkan
inherent;sifat yang permanen
nationwide;nasional
spit;meludah
kneel;berlutut
vacuum;kekosongan
selected;terpilih
dictate;mendikte
