the;그만큼
and;그리고
have;가지다
that;저것
for;~을 위한
you;너
with;~와 함께
say;말하다
this;이것
they;그들
but;하지만
his;그의
from;~에서
not;~ 아니다
she;그녀
as;~처럼
what;무엇
their;그들의
can;~할 수 있다
who;누구
get;가져 오기
would;~일 것이다
her;그녀의
all;모두
make;만들다
about;~에 대한
know;알다
will;~ 할 것이다
one;하나
time;시각
there;거기
year;년도
think;생각한다
when;언제
which;어느
them;그들을
some;약간
people;사람들
take;가져가다
out;밖으로
into;~ 안으로
just;단지
see;보다
him;그를
your;당신의
come;오다
could;~할 수 있었다
now;지금
than;~보다
like;처럼
other;다른
how;어떻게
then;그 다음에
its;그것의
our;우리의
two;둘
more;더
these;이것들
want;원하다
way;방법
look;바라보다
first;첫 번째
also;또한
new;새로운
because;왜냐하면
day;낮
use;사용
man;남성
find;찾기
here;여기
thing;물건
give;주다
many;많은
well;잘
only;뿐
those;저것들
tell;말하다
very;매우
even;조차
back;뒤
any;어느
good;좋은
woman;여성
through;~을 통해
life;삶
child;어린이
work;일하다
down;아래에
may;5월
after;~ 후에
should;~해야 한다
call;전화
world;세계
over;~ 위에
school;학교
still;아직
try;노력하다
last;마지막
ask;물어보기
need;필요
too;~도
feel;느끼다
three;삼
state;상태
never;절대
become;~이 되다
between;~ 사이
high;높은
really;진짜
something;무엇
most;대부분
another;또 다른
much;많이
family;가족
own;소유하다
leave;떠나다
put;놓다
old;낡은
while;동안
mean;평균
keep;유지하다
student;학생
why;왜
let;허락하다
great;엄청난
same;같은
big;큰
group;그룹
begin;시작하다
seem;~인 것 같다
country;국가
help;돕다
talk;말하다
where;어디
turn;회전하다
problem;문제
every;모든
start;시작
hand;손
might;~할 것 같다
American;미국 사람
show;보여 주다
part;부분
against;에 맞서
place;장소
such;그런
again;다시
few;약간의
case;사례
week;주
company;회사
system;체계
each;각
right;오른쪽
program;프로그램
hear;듣다
question;의문
during;~ 동안
play;플레이
government;정부
run;운영
small;작은
number;숫자
off;끄다
always;언제나
move;이동하다
night;밤
live;라이브
Mr;씨
point;가리키다
believe;믿다
hold;잡고 있다
today;오늘
bring;가져오다
happen;일어나다
next;다음
without;없이
before;~ 전에
large;크기가 큰
million;백만
must;~ 해야 하다
home;집
under;아래에
water;물
room;방
write;쓰다
mother;어머니
area;지역
national;국가의
money;돈
story;이야기
young;어린
fact;사실
month;월
different;다른
lot;많은
study;공부하다
book;책
eye;눈
job;직업
word;단어
though;그렇지만
business;사업
issue;문제
side;옆
kind;친절한
four;네
head;머리
far;멀리
black;검은색
long;긴
both;둘 다
little;작은
house;집
yes;예
since;~부터
provide;제공하다
service;서비스
around;주위에
friend;친구
important;중요한
father;아버지
sit;앉다
away;떨어져 있는
until;~까지
power;힘
hour;시
game;게임
often;자주
yet;아직
line;선
political;정치적인
end;끝
among;의 사이에
ever;항상
stand;서다
bad;나쁜
lose;잃다
however;하지만
member;회원
pay;지불
law;법
meet;만나다
car;자동차
city;도시
almost;거의
include;포함
continue;계속하다
set;세트
later;나중에
community;지역 사회
name;이름
five;다섯
once;한 번
white;하얀
least;최소
president;대통령
learn;배우다
real;진짜
change;변화
team;팀
minute;분
best;베스트
several;몇몇의
idea;아이디어
kid;어린이
body;신체
information;정보
nothing;아무것도 아님
ago;~ 전에
lead;선두
social;사회의
understand;이해하다
whether;~이든
watch;보다
together;함께
follow;따르다
parent;부모의
stop;멈추다
face;얼굴
anything;아무것
create;만들다
public;공공의
already;이미
speak;말하다
others;기타
read;읽다
level;수준
allow;허용하다
add;추가하다
office;사무실
spend;경비
door;문
health;건강
person;사람
art;미술
sure;확실한
war;전쟁
history;역사
party;파티
within;이내에
grow;자라다
result;결과
open;열려 있는
morning;아침
walk;걷다
reason;이유
low;낮은
win;이기다
research;연구
girl;여자
guy;남자
early;일찍
food;음식
moment;순간
himself;그 자신
air;공기
teacher;선생님
force;힘
offer;권하다
enough;충분한
education;교육
across;가로질러
although;하지만
remember;기억하다
foot;발
second;초
boy;소년
maybe;아마도
toward;~ 을 향하여
able;할 수 있는
age;나이
policy;정책
everything;모든 것
love;사랑
process;프로세스
music;음악
including;포함
consider;고려하다
appear;나타나다
actually;실제로
buy;구입
probably;아마
human;인간
wait;기다리다
serve;제공하다
market;시장
die;그만큼
send;보내다
expect;예상하다
sense;감각
build;짓다
stay;머무르다
fall;떨어지다
oh;오
nation;국가
plan;계획
cut;자르다
college;대학
interest;관심
death;죽음
course;강의
someone;누구
experience;경험
behind;뒤에
reach;도달하다
local;현지의
kill;죽이다
six;여섯
remain;남아있다
effect;효과
yeah;응
suggest;제안하다
class;수업
control;제어
raise;들어올리다
care;케어
perhaps;아마도
late;늦은
hard;딱딱한
field;필드
else;또 다른
pass;통과하다
former;이전의
sell;팔다
major;주요한
sometimes;때때로
require;필요하다
along;~을 따라
development;개발
themselves;그들 자신
report;보고서
role;역할
better;더 나은
economic;간결한
effort;노력
decide;결정하다
rate;비율
strong;강한
possible;가능한
heart;마음
drug;의약품
leader;지도자
light;빛
voice;목소리
wife;부인
whole;전부의
police;경찰
mind;정신
finally;마지막으로
pull;당기다
return;반품
free;무료
military;군대
price;가격
less;더 적은
according;~에 따라
decision;결정
explain;설명
son;아들
hope;희망
develop;개발하다
view;보다
relationship;관계
carry;나르다
town;도시
road;도로
drive;운전하다
arm;팔
TRUE;진실
federal;연방
break;부서지다
difference;차이점
thank;감사하다
receive;받다
value;값
international;국제적인
building;건물
action;동작
full;가득한
model;모델
join;가입하다
season;계절
society;사회
tax;세
director;감독
position;위치
player;플레이어
agree;동의하다
especially;특히
record;기록
pick;선택하다
wear;입다
paper;종이
special;특별한
space;우주
ground;지면
form;형태
support;지원하다
event;이벤트
official;공식적인
whose;누구의
matter;문제
everyone;여러분
center;센터
couple;커플
site;대지
project;프로젝트
hit;때리다
base;베이스
activity;활동
star;별
table;테이블
court;법원
produce;생산하다
eat;먹다
teach;가르치다
oil;기름
half;반
situation;상황
easy;쉬운
cost;비용
industry;산업
figure;수치
street;거리
image;영상
itself;그 자체
phone;핸드폰
either;어느 하나
data;데이터
cover;씌우다
quite;상당히
picture;그림
clear;분명한
practice;관행
piece;조각
land;나라
recent;최근의
describe;설명하다
product;제품
doctor;의사
wall;벽
patient;인내심 있는
worker;노동자
news;소식
test;테스트
movie;영화
certain;확실한
north;북쪽
personal;개인의
simply;간단히
third;제삼
technology;기술
catch;잡다
step;단계
baby;아기
computer;컴퓨터
type;유형
attention;주목
draw;그리다
film;영화
Republican;공화주의자
tree;나무
source;원천
red;빨간색
nearly;거의
organization;조직
choose;선택하다
cause;원인
hair;머리카락
century;세기
evidence;증거
window;창문
difficult;어려운
listen;듣다
soon;곧
culture;문화
billion;10억
chance;가능성
brother;형제
energy;에너지
period;기간
summer;여름
realize;깨닫다
hundred;백
available;사용 가능
plant;공장
likely;~할 것 같은
opportunity;기회
term;기간
short;짧은
letter;편지
condition;상태
choice;선택
single;하나의
rule;규칙
daughter;딸
administration;관리
south;남쪽
husband;남편
Congress;회의
floor;바닥
campaign;운동
material;재료
population;인구
economy;경제
medical;의료
hospital;병원
church;교회
close;닫다
thousand;천
risk;위험
current;현재의
fire;불
future;미래
wrong;잘못된
involve;관련시키다
defense;방어
anyone;누구나
increase;증가하다
security;보안
bank;은행
myself;내 자신
certainly;틀림없이
west;서쪽
sport;스포츠
board;판자
seek;찾다. 목표물 탐색
per;당
subject;주제
officer;장교
private;사적인
rest;쉬다
behavior;행동
deal;거래
performance;성능
fight;싸움
throw;던지다
top;맨 위
quickly;빠르게
past;과거
goal;목표
bed;침대
order;주문하다
author;작가
fill;채우다
represent;대표하다
focus;집중하다
foreign;외국의
drop;하락
blood;피
upon;...에
agency;대행사
push;푸시
nature;자연
color;색깔
recently;최근에
store;가게
reduce;줄이다
sound;소리
note;노트
fine;좋아
near;가까운
movement;움직임
page;페이지
enter;입력하다
share;공유하다
common;흔한
poor;가난한
natural;자연스러운
race;경주
concern;우려
series;시리즈
significant;중요한
similar;비슷한
hot;더운
language;언어
usually;대개
response;응답
dead;죽은
rise;증가
animal;동물
factor;요인
decade;10년
article;기사
shoot;사격
east;동쪽
save;저장
seven;일곱
artist;아티스트
scene;장면
stock;스톡
career;직업
despite;~에도 불구하고
central;본부
eight;여덟
thus;이와 같이
treatment;치료
beyond;그 너머에
happy;행복하다
exactly;바로 그거죠
protect;보호하다
approach;접근하다
lie;거짓말하다
size;크기
dog;개
fund;축적
serious;심각한
occur;발생하다
media;미디어
ready;준비가 된
sign;징후
thought;생각
list;목록
individual;개인
simple;단순한
quality;품질
pressure;압력
accept;동의하기
answer;대답
resource;자원
identify;식별하다
left;왼쪽
meeting;회의
determine;결정하다
prepare;준비하다
disease;질병
whatever;무엇이든
success;성공
argue;다투다
cup;컵
particularly;특히
amount;양
ability;능력
staff;직원
recognize;인정하다
indicate;나타내다
character;캐릭터
growth;성장
loss;손실
degree;도
wonder;궁금하다
attack;공격
herself;그녀 자신
region;지역
television;텔레비전
box;상자
TV;TV
training;훈련
pretty;예쁜
trade;거래
election;선거
everybody;여러분
physical;물리적 인
lay;놓다
general;일반
feeling;감정
standard;기준
bill;계산서
message;메시지
fail;불합격
outside;밖의
arrive;도착하다
analysis;분석
benefit;혜택
sex;섹스
forward;앞으로
lawyer;변호사
present;현재
section;부분
environmental;환경
glass;유리
skill;기술
sister;자매
PM;오후
professor;교수
operation;작업
financial;재정적인
crime;범죄
stage;단계
ok;좋아요
compare;비교하다
authority;권한
miss;놓치다
design;설계
sort;종류
act;행동
ten;십
knowledge;지식
gun;총
station;역
blue;푸른
strategy;전략
clearly;분명히
discuss;논의하다
indeed;참으로
truth;진실
song;노래
example;예시
democratic;민주적인
check;확인하다
environment;환경
leg;다리
dark;어두운
various;여러
rather;꽤
laugh;웃다
guess;추측
executive;경영진
prove;입증하다
hang;매달다
entire;전체
rock;바위
forget;잊다
claim;주장하다
remove;제거하다
manager;관리자
enjoy;즐겨
network;회로망
legal;합법적인
religious;종교적인
cold;추운
final;결정적인
main;기본
science;과학
green;초록
memory;메모리
card;카드
above;~ 위에
seat;좌석
cell;셀
establish;설립하다
nice;멋진
trial;재판
expert;전문가
spring;봄
firm;단단한
Democrat;민주당원
radio;라디오
visit;방문
management;관리
avoid;피하다
imagine;상상하다
tonight;오늘 밤
huge;거대한
ball;공
finish;마치다
yourself;당신 자신
theory;이론
impact;타격
respond;대답하다
statement;성명
maintain;유지하다
charge;요금
popular;인기 있는
traditional;전통적인
onto;에
reveal;드러내다
direction;방향
weapon;무기
employee;직원
cultural;문화적
contain;포함하다
peace;평화
pain;통증
apply;적용하다
measure;측정하다
wide;넓은
shake;떨림
fly;파리
interview;회견
manage;관리하다
chair;의자
fish;생선
particular;특정한
camera;카메라
structure;구조
politics;정치
perform;공연하다
bit;조금
weight;무게
suddenly;갑자기
discover;발견하다
candidate;후보자
production;생산
treat;치료하다
trip;여행
evening;저녁
affect;영향을 미치다
inside;내부에
conference;회의
unit;단위
style;스타일
adult;성인
worry;걱정하다
range;범위
mention;언급하다
deep;깊은
edge;가장자리
specific;특정한
writer;작가
trouble;문제
necessary;필요한
throughout;전역
challenge;도전
fear;두려움
shoulder;어깨
institution;기관
middle;가운데
sea;바다
dream;꿈
bar;술집
beautiful;아름다운
property;재산
instead;대신에
improve;개선하다
stuff;물건
detail;세부 사항
method;방법
somebody;어떤 사람
magazine;잡지
hotel;호텔
soldier;군인
reflect;반영하다
heavy;무거운
sexual;성적
bag;가방
heat;열
marriage;결혼
tough;힘든
sing;노래
surface;표면
purpose;목적
exist;존재하다
pattern;무늬
whom;누구
skin;피부
agent;에이전트
owner;소유자
machine;기계
gas;가스
ahead;앞으로
generation;세대
commercial;광고
address;주소
cancer;암
item;안건
reality;현실
coach;코치
Mrs;부인
yard;마당
beat;이기다
violence;폭행
total;총
tend;추세
investment;투자
discussion;논의
finger;손가락
garden;정원
notice;알아채다
collection;수집
modern;현대의
task;직무
partner;파트너
positive;긍정적인
civil;예의 바른
kitchen;주방
consumer;소비자
shot;발사
budget;예산
wish;소망
painting;페인트 등
scientist;과학자
safe;안전한
agreement;합의
capital;수도
mouth;입
nor;...도 아니다
victim;피해자
newspaper;신문
threat;위협
responsibility;책임
smile;웃다
attorney;변호사
score;점수
account;계정
interesting;흥미로운
audience;청중
rich;부자
dinner;저녁
vote;투표
western;서부 사람
relate;말하다
travel;여행하다
debate;토론
prevent;예방하다
citizen;시민
majority;다수
none;없음
front;앞쪽
born;태어난
admit;인정하다
senior;상위
assume;추정하다
wind;바람
key;열쇠
professional;직업적인
mission;사명
fast;빠른
alone;홀로
customer;고객
suffer;시달리다
speech;연설
successful;성공적인
option;옵션
participant;참가자
southern;남부 지방 사투리
fresh;신선한
eventually;결국
forest;숲
video;동영상
global;글로벌
Senate;상원
reform;개정
access;입장
restaurant;레스토랑
judge;판사
publish;출판하다
relation;관계
release;풀어 주다
bird;새
opinion;의견
credit;신용 거래
critical;위독한
corner;모서리
concerned;관심 있는
recall;상기하다
version;버전
stare;응시
safety;안전
effective;효과적인
neighborhood;이웃
original;원래의
troop;군대
income;소득
directly;곧장
hurt;아프다
species;종
immediately;즉시
track;길
basic;기초적인
strike;스트라이크
sky;하늘
freedom;자유
absolutely;물론
plane;비행기
nobody;아무도
achieve;성취하다
object;물체
attitude;태도
labor;노동
refer;나타내다
concept;개념
client;고객
powerful;강한
perfect;완벽한
nine;아홉
therefore;그러므로
conduct;지휘하다
announce;발표하다
conversation;대화
examine;조사하다
touch;접촉
please;제발
attend;참석하다
completely;완전히
variety;다양성
sleep;잠
involved;관련된
investigation;조사
nuclear;핵무기
researcher;연구원
press;누르다
conflict;갈등
spirit;영혼
replace;바꾸다
British;영국인
encourage;장려하다
argument;논쟁
camp;캠프
brain;뇌
feature;특징
afternoon;오후
AM;오전
weekend;주말
dozen;다스
possibility;가능성
insurance;보험
department;학과
battle;전투
beginning;시작
date;데이트
generally;일반적으로
African;아프리카 사람
sorry;죄송합니다
crisis;위기
complete;완벽한
fan;팬
stick;막대
define;정의하다
easily;용이하게
hole;구멍
element;요소
vision;전망
status;상태
normal;정상
Chinese;중국인
ship;배
solution;해결책
stone;결석
slowly;느리게
scale;규모
university;대학교
introduce;소개하다
driver;운전사
attempt;시도
park;공원
spot;점
lack;부족
ice;빙
boat;보트
drink;마시다
sun;태양
distance;거리
wood;목재
handle;핸들
truck;트럭
mountain;산
survey;조사
supposed;추정된
tradition;전통
winter;겨울
village;마을
Soviet;옛 소련
refuse;거절하다
sales;매상
roll;롤
communication;의사소통
screen;화면
gain;얻다
resident;거주자
hide;숨다
gold;금
club;클럽
farm;농장
potential;잠재적인
European;유럽 사람
presence;있음
independent;독립적인
district;구역
shape;모양
reader;리더
Ms;양
contract;계약
crowd;군중
Christian;신자
express;표현하다
apartment;아파트
willing;자발적인
strength;힘
previous;이전
band;밴드
obviously;확실히
horse;말
interested;관심 있는
target;표적
prison;감옥
ride;타다
guard;경비원
terms;자귀
demand;수요
reporter;보고자
deliver;배달
text;텍스트
tool;도구
wild;야생의
vehicle;차량
observe;관찰하다
flight;비행
facility;시설
understanding;이해
average;평균
emerge;알려지다
advantage;이점
quick;빠른
leadership;지도
earn;벌다
pound;파운드
basis;기초
bright;밝은
operate;작동하다
guest;손님
sample;견본
contribute;기여하다
tiny;매우 작은
block;차단하다
protection;보호
settle;해결하다
feed;밥을 먹이다
collect;수집
additional;추가의
highly;고도로
identity;신원
title;제목
mostly;주로
lesson;수업
faith;믿음
river;강
promote;홍보하다
living;생활
count;세다
unless;~하지 않는 한
marry;결혼하다
tomorrow;내일
technique;기술
path;길
ear;귀
shop;가게
folk;사람들
principle;원칙
survive;생존하다
lift;승강기
border;국경
competition;경쟁
jump;도약
gather;모으다
limit;한계
fit;맞다
cry;울다
equipment;장비
worth;가치
associate;연관짓다
critic;비평가
warm;따뜻한
aspect;측면
insist;주장하다
failure;실패
annual;연간
French;프랑스 국민
Christmas;크리스마스
comment;논평
responsible;책임이 있는
affair;일
procedure;절차
regular;정기적인
spread;확산
chairman;의장
baseball;야구
soft;부드러운
ignore;무시하다
egg;계란
belief;믿음
demonstrate;입증하다
anybody;아무도
murder;살인
gift;선물
religion;종교
review;검토
editor;편집자
engage;관계를 맺다
coffee;커피
document;문서
speed;속도
cross;십자가
influence;영향
anyway;그래도
threaten;위협하다
commit;저지르다
female;여자
youth;청소년
wave;파도
afraid;두려워하는
quarter;4분의 1
background;배경
native;토종의
broad;넓은
wonderful;아주 멋진
deny;부인하다
apparently;보기에
slightly;약간
reaction;반응
twice;두 배
suit;정장
perspective;관점
growing;성장하는
blow;불다
construction;건설
intelligence;지능
destroy;파괴하다
cook;요리하다
connection;연결
burn;불타다
shoe;구두
grade;등급
context;문맥
committee;위원회
hey;야
mistake;실수
location;위치
clothes;옷
Indian;인도 사람
quiet;조용한
dress;드레스
promise;약속하다
aware;알고 있는
neighbor;이웃
function;기능
bone;뼈
active;활동적인
extend;연장하다
chief;셰프
combine;결합시키다
wine;와인
below;아래에
cool;시원한
voter;유권자
learning;학습
bus;버스
hell;지옥
dangerous;위험한
remind;상기시키다
moral;도의적인
United;유나이티드
category;범주
relatively;비교적
victory;승리
academic;학생
Internet;인터넷
healthy;건강한
negative;부정적인
following;수행원
historical;역사적인
medicine;약
tour;관광
depend;의존하다
photo;사진
finding;발견
grab;붙잡다
direct;직접
classroom;교실
contact;연락하다
justice;정당성
participate;참가하다
daily;일일
fair;공정한
pair;쌍
famous;유명한
exercise;연습
knee;무릎
flower;꽃
tape;줄자
hire;고용하다
familiar;친숙한
appropriate;적절한
supply;공급
fully;충분히
actor;배우
birth;출생
search;검색
tie;묶다
democracy;민주주의
eastern;동부
primary;일 순위
yesterday;어제
circle;원
device;장치
progress;진전
bottom;맨 아래
island;섬
exchange;교환
clean;깨끗한
studio;사진관
train;기차
lady;숙녀
colleague;동료
application;신청
neck;목
lean;기대다
damage;손상
plastic;플라스틱
tall;키가 큰
plate;그릇
hate;싫어하다
otherwise;그렇지 않으면
writing;글쓰기
male;남성
alive;살아 있는
expression;표현
football;축구
intend;의도하다
chicken;닭
army;군대
abuse;남용
theater;극장
shut;닫다
map;지도
extra;추가의
session;세션
danger;위험
welcome;환영하다
domestic;국내의
lots;제비
literature;문학
rain;비
desire;욕구
assessment;평가
injury;부상
respect;존경
northern;북부 사투리
nod;목례
paint;페인트
fuel;연료
leaf;잎
dry;마른
Russian;러시아인
instruction;지침
pool;수영장
climb;오르다
sweet;달콤한
engine;엔진
fourth;네번째
salt;소금
expand;확장하다
importance;중요성
metal;금속
fat;지방
ticket;티켓
software;소프트웨어
disappear;사라지다
corporate;기업
strange;이상한
lip;말뿐인
reading;독서
urban;도시의
mental;정신적인
increasingly;더욱 더
lunch;점심
educational;교육적인
somewhere;어딘가에
farmer;농장주
sugar;설탕
planet;행성
favorite;가장 좋아하는
explore;탐구하다
obtain;얻다
enemy;적
greatest;가장 큰
complex;복잡한
surround;둘러 싸다
athlete;운동 선수
invite;초대
repeat;반복하다
carefully;주의하여
soul;영혼
scientific;과학적
impossible;불가능한
panel;패널
meaning;의미
mom;엄마
married;기혼
instrument;기구
predict;예측하다
weather;날씨
presidential;대통령
emotional;감정적인
commitment;약속
Supreme;슈프림
bear;곰
pocket;포켓
thin;얇은
temperature;온도
surprise;놀라다
poll;투표
proposal;제안
consequence;결과
breath;호흡
sight;시력
balance;균형
adopt;입양하다
minority;소수
straight;똑바로
connect;연결하다
works;공장
teaching;가르치는
belong;제자리에 있다
aid;지원
advice;조언
okay;좋아요
photograph;사진
empty;비어 있는
regional;지역
trail;자취
novel;소설
code;암호
somehow;어떻게든
organize;정리하다
jury;배심
breast;가슴
Iraqi;사람
acknowledge;인정하다
theme;주제
storm;폭풍
union;노동 조합
desk;책상
thanks;감사해요
fruit;과일
expensive;값비싼
yellow;노란색
conclusion;결론
prime;초기
shadow;그림자
struggle;고심하다
conclude;끝내다
analyst;분석자
dance;춤
regulation;규제
being;존재
ring;반지
largely;크게
shift;옮기다
revenue;수익
mark;표시
locate;위치하고 있다
county;군
appearance;모습
package;패키지
difficulty;어려움
bridge;다리
recommend;추천하다
obvious;분명한
basically;원래
e-mail;이메일
generate;생성하다
anymore;더 이상
propose;제안하다
thinking;생각
possibly;혹시
trend;경향
visitor;방문객
loan;대출
currently;현재
comfortable;편안한
investor;투자자
profit;이익
angry;화난
crew;승무원
accident;사고
meal;식사
hearing;듣기
traffic;교통
muscle;근육
notion;개념
capture;포착
prefer;선호하다
truly;진심으로
earth;지구
Japanese;일본어
chest;가슴
thick;두꺼운
cash;현금
museum;박물관
beauty;아름다움
emergency;비상
unique;독특한
internal;내부
ethnic;민족
link;링크
stress;스트레스
content;콘텐츠
select;고르다
root;뿌리
nose;코
declare;선언하다
appreciate;고마워하다
actual;실제
bottle;병
hardly;거의 ~ 아니다
setting;환경
launch;시작하다
file;파일
sick;아픈
outcome;결과
ad;기원 후
defend;지키다
duty;의무
sheet;시트
ought;영
ensure;ensure
Catholic;가톨릭
extremely;극도로
extent;정도
component;요소
mix;혼합
long-term;장기간
slow;느린
contrast;차이
zone;존
wake;일어나 다
airport;공항
brown;갈색
shirt;셔츠
pilot;조종사
warn;경고하다
ultimately;궁극적으로
cat;고양이
contribution;기부금
capacity;용량
ourselves;우리 스스로
estate;사유지
guide;가이드
circumstance;상황
snow;눈
English;영어
politician;정치가
steal;훔치다
pursue;추구하다
slip;슬립
percentage;백분율
meat;고기
funny;재미있는
neither;어느 것도 아니다
soil;토양
surgery;수술
correct;옳은
Jewish;유대인
blame;탓하다
estimate;추정
due;~로 인한
basketball;농구
golf;골프
investigate;조사하다
crazy;미친
significantly;상당히
chain;체인
branch;나뭇가지
combination;콤비네이션
frequently;자주
governor;지사
relief;안도
user;사용자
dad;아빠
kick;발 차기
manner;방법
ancient;고대의
silence;고요
rating;평가
golden;황금
motion;운동
German;독일 사람
gender;성별
solve;해결하다
fee;회비
landscape;풍경
used;사용된
bowl;그릇
equal;동일한
forth;앞으로
frame;액자
typical;전형적인
except;제외하고
conservative;보수적인
eliminate;제거하다
host;주최자
hall;홀
trust;신뢰하다
ocean;대양
row;열
producer;생산자
afford;형편이되다
meanwhile;그 동안에
regime;정권
division;분할
confirm;확인하다
fix;고치다
appeal;항소
mirror;거울
tooth;이빨
smart;똑똑한
length;길이
entirely;전적으로
rely;의존하다
topic;주제
complain;불평하다
variable;변하기 쉬운
telephone;전화
perception;지각
attract;끌어 들이다
confidence;신뢰
bedroom;침실
secret;비밀
debt;빚
rare;희귀한
tank;탱크
nurse;간호사
coverage;적용 범위
opposition;반대
aside;곁에
anywhere;어딘가에
bond;노예
pleasure;기쁨
master;주인
era;연대
requirement;요구 사항
fun;재미있는
expectation;기대
wing;날개
separate;분리된
somewhat;약간
pour;~을 위한
stir;휘젓다
judgment;심판
beer;맥주
reference;참조
tear;눈물
doubt;의심
grant;승인하다
seriously;진지하게
minister;장관
totally;완전히
hero;영웅
industrial;산업
cloud;구름
stretch;뻗기
winner;우승자
volume;용량
seed;씨앗
surprised;놀란
fashion;패션
pepper;후추
busy;바쁘다
intervention;간섭
copy;복사
tip;팁
cheap;값이 싼
aim;겨냥하다
cite;인용하다
welfare;복지
vegetable;채소
gray;회색
dish;접시
beach;해변
improvement;개선
everywhere;어디에나
opening;열리는
overall;전반적인
divide;나누다
initial;초기의
terrible;끔찍한
oppose;대들다
contemporary;현대의
route;노선
multiple;다수의
essential;필수적인
league;리그
criminal;범인
careful;주의 깊은
core;핵심
upper;높은
rush;서두르다
necessarily;필연적으로
specifically;구체적으로
tired;피곤한
employ;고용
holiday;휴일
vast;대단한
resolution;해결
household;가정
fewer;보다 적은
abortion;낙태
apart;따로
witness;증인
match;성냥
barely;간신히
sector;부문
representative;대표
beneath;~ 아래에
beside;옆에
incident;사건
limited;제한된
proud;자랑스러운
flow;흐름
faculty;학부
increased;증가
waste;쓰레기
merely;그저
mass;대량의
emphasize;강조하다
experiment;실험
definitely;분명히
bomb;폭탄
enormous;막대한
tone;음정
liberal;선심 쓰는
massive;엄청난
engineer;엔지니어
wheel;바퀴
decline;감소
invest;투자하다
cable;케이블
towards;...쪽으로
expose;폭로하다
rural;시골의
AIDS;보조기구
Jew;또는
narrow;좁은
cream;크림
secretary;비서
gate;문
solid;단단한
hill;언덕
typically;일반적으로
noise;소음
grass;잔디
unfortunately;안타깝게도
hat;가지다
legislation;법률 제정
succeed;성공하다
celebrate;축하하다
achievement;성취
fishing;어업
accuse;고발하다
useful;유용한
reject;거부하다
talent;재능
taste;맛
characteristic;특성
milk;우유
escape;탈출하다
cast;깁스
sentence;문장
unusual;특이한
closely;면밀히
convince;확신시키다
height;키
physician;내과 의사
assess;평가하다
plenty;풍부한
virtually;사실상
addition;덧셈
sharp;날카로운
creative;창의적인
lower;낮추다
approve;승인하다
explanation;설명
gay;게이
campus;교정
proper;적절한
guilty;죄책감이 드는
acquire;습득하다
compete;경쟁하다
technical;전문인
plus;...을 더한
immigrant;이민
weak;약한
illegal;불법적인
hi;안녕
alternative;대안
interaction;상호 작용
column;열
personality;인격
signal;신호
curriculum;과정
honor;명예
passenger;승객
assistance;보조
forever;영원히
regard;관심
Israeli;이스라엘 인
association;협회
twenty;이십
knock;노크
wrap;포장하다
lab;랩
display;표시하다
criticism;비판
asset;유산
depression;우울증
spiritual;영적인
musical;뮤지컬
journalist;기자
prayer;기도
suspect;의심하다
scholar;학자
warning;경고
climate;기후
cheese;치즈
observation;관찰
childhood;어린 시절
payment;지불
sir;선생님
permit;허용하다
cigarette;담배
definition;정의
priority;우선 순위
bread;빵
creation;창조
graduate;졸업하다
request;요구
emotion;감정
scream;비명
dramatic;극적인
universe;우주
gap;갭
excellent;훌륭한
deeply;깊이
prosecutor;수행자
lucky;운이 좋은
drag;견인
airline;공기 호스
library;도서관
agenda;안건
recover;다시 덮다
factory;공장
selection;선택
primarily;주로
roof;지붕
unable;할 수 없는
expense;비용
initiative;계획
diet;다이어트
arrest;체포
funding;자금 조달
therapy;요법
wash;씻다
schedule;일정
sad;슬퍼
brief;짧은
housing;주택
post;게시하다
purchase;구입
existing;기존의
steel;강철
regarding;~에 관하여
shout;외침
remaining;남은
visual;시각적인
fairly;꽤
chip;칩
violent;폭력적인
silent;조용한
suppose;가정하다
self;본인
bike;자전거
tea;차
perceive;인식하다
comparison;비교
settlement;합의
layer;층
planning;계획
description;설명
slide;미끄러지 다
widely;넓게
wedding;혼례
inform;알리다
portion;부분
territory;영토
immediate;즉각적인
opponent;상대
abandon;버리다
lake;호수
transform;변환
tension;긴장
leading;주요한
bother;신경 쓰다
consist;이루어져 있다
alcohol;술
enable;~할 수 있게 하다
bend;굽히다
saving;절약
desert;사막
shall;~일 것이다
error;오류
cop;순경
Arab;아라비아 사람
double;더블
sand;모래
Spanish;스페인의
print;인쇄
preserve;보존하다
passage;통로
formal;공식적인
transition;이행
existence;존재
album;앨범
participation;참여
arrange;마련하다
atmosphere;대기
joint;관절
reply;댓글
cycle;주기
opposite;반대
lock;자물쇠
deserve;~ 받을 만하다
consistent;일관된
resistance;저항
discovery;발견
exposure;노출
pose;포즈
stream;개울
sale;판매
pot;냄비
grand;멋진
mine;나의 것
hello;안녕하세요
coalition;연합
tale;이야기
knife;칼
resolve;해결하다
racial;인종
phase;단계
joke;농담
coat;코트
Mexican;멕시코 인
symptom;징후
manufacturer;제조사
philosophy;철학
potato;감자
foundation;기초
quote;인용하다
online;온라인
negotiation;협상
urge;충고하다
occasion;기회
dust;먼지
breathe;숨 쉬다
elect;선택된
investigator;조사자
jacket;재킷
glad;기쁜
ordinary;평범한
reduction;절감
rarely;드물게
pack;팩
suicide;자살
numerous;많은
substance;물질
discipline;규율
elsewhere;다른 곳에서
iron;철
practical;현실적인
moreover;게다가
passion;열정
volunteer;자원 봉사자
implement;구현하다
essentially;본질적으로
gene;유전자
enforcement;시행
vs;대
sauce;소스
independence;독립
marketing;마케팅
priest;성직자
amazing;놀라운
intense;극심한
advance;전진
employer;고용주
shock;충격
inspire;고무하다
adjust;조정하다
retire;은퇴하다
visible;보이는
kiss;키스
illness;질병
cap;캡
habit;습관
competitive;경쟁력 있는
juice;주스
congressional;의회
involvement;참여
dominate;억누르다
previously;이전에
whenever;언제든지
transfer;옮기다
analyze;분석하다
attach;붙이다
disaster;재해
parking;주차
prospect;전망
boss;사장
complaint;불평
championship;선수권 대회
fundamental;근본적인
severe;중증
enhance;향상시키다
mystery;신비
impose;부과하다
poverty;빈곤
entry;기입
spending;지출
king;왕
evaluate;평가하다
symbol;상징
maker;만드는 사람
mood;분위기
accomplish;성취하다
emphasis;중요성
illustrate;설명하다
boot;신병
monitor;감시 장치
Asian;아시아 사람
entertainment;오락
bean;콩
evaluation;평가
creature;생물
commander;사령관
digital;디지털
arrangement;준비
concentrate;집중하다
usual;보통의
anger;화
psychological;심리적
heavily;무겁게
peak;정점
approximately;약
increasing;증가
disorder;무질서
missile;미사일
equally;같이
vary;달라지다
wire;철사
round;둥근
distribution;분포
transportation;교통
holy;거룩한
twin;쌍
command;명령
commission;수수료
interpretation;해석
breakfast;아침밥
strongly;강하게
engineering;공학
luck;운
so-called;소위
constant;끊임없는
clinic;진료소
veteran;재향 군인
smell;냄새
tablespoon;큰 스푼
capable;유능한
nervous;불안한
tourist;관광객
toss;던져 올림
crucial;중대한
bury;묻다
pray;기도하다
tomato;토마토
exception;예외
butter;버터
deficit;적자
bathroom;화장실
objective;목적
electronic;전자
ally;동맹국
journey;여행
reputation;평판
mixture;혼합물
surely;확실히
tower;탑
smoke;연기
confront;대면하다
pure;순수한
glance;섬광
dimension;치수
toy;장난감
prisoner;죄인
fellow;사람
smooth;매끄러운
nearby;가까운
peer;또래
designer;디자이너
personnel;인원
educator;교육자
relative;상대적인
immigration;이민
belt;벨트
teaspoon;티스푼
birthday;생신
implication;함축
perfectly;아주
coast;해안
supporter;서포터
accompany;동반하다
silver;은
teenager;십대
recognition;인식
retirement;퇴직
flag;깃발
recovery;회복
whisper;속삭임
gentleman;신사
corn;옥수수
moon;달
inner;안의
junior;후진
throat;목
salary;샐러리
swing;그네
observer;관찰자
publication;출판
crop;수확고
dig;너
permanent;영구적 인
phenomenon;현상
anxiety;불안
unlike;같지 않은
wet;젖은
literally;문자 그대로
resist;저항하다
convention;협약
embrace;포옹하다
assist;돕다
exhibition;전시회
construct;건설하다
viewer;뷰어
pan;팬
consultant;컨설턴트
administrator;관리자
occasionally;가끔
mayor;시장
consideration;고려 사항
CEO;최고 경영자
secure;안전한
pink;분홍색
buck;책임
historic;역사적인
poem;시
grandmother;할머니
bind;묶다
fifth;다섯 번째
constantly;지속적으로
enterprise;기업
favor;호의
testing;테스트
stomach;위
apparent;명백한
weigh;달다
install;설치
sensitive;예민한
suggestion;제안
mail;우편
recipe;레시피
reasonable;합리적인
preparation;준비
wooden;활기 없는
elementary;초등학교
concert;콘서트
aggressive;적극적인
FALSE;거짓
intention;의도
channel;채널
extreme;극심한
tube;튜브
drawing;그림
protein;단백질
quit;그만두다
absence;결석
Latin;라틴어
rapidly;급속히
jail;교도소
diversity;다양성
honest;솔직한
Palestinian;팔레스타인 사람
pace;속도
employment;고용
speaker;스피커
impression;인상
essay;수필
respondent;응답자
giant;거대한
cake;케이크
historian;역사가
negotiate;협상하다
restore;복원하다
substantial;상당한
pop;팝
specialist;전문가
origin;기원
approval;승인
quietly;조용히
advise;권하다
conventional;전통적인
depth;깊이
wealth;재산
disability;무능
shell;껍데기
criticize;흠잡다
effectively;효과적으로
biological;생물학적
onion;양파
deputy;대리인
flat;평평한
brand;상표
assure;확신
mad;미친
award;상
criteria;기준
dealer;상인
via;~을 통해
utility;공익사업
precisely;정확하게
arise;생기다
armed;무장
nevertheless;그럼에도 불구하고
highway;고속도로
clinical;객관적인
routine;루틴
wage;값
normally;보통
phrase;구절
ingredient;재료
stake;말뚝
Muslim;이슬람교도
fiber;섬유
activist;활동가
Islamic;이슬람
snap;스냅
terrorism;테러
refugee;난민
incorporate;포함하다
hip;잘 알고 있기
ultimate;궁극적인
switch;스위치
corporation;법인
valuable;귀중한
assumption;추정
gear;기어
barrier;장벽
minor;미성년자
provision;공급
killer;살인자
assign;양수인
gang;한 떼
developing;개발 중
classic;권위 있는
chemical;화학적인
label;상표
teen;비탄
index;인덱스
vacation;휴가
advocate;지지하다
draft;초안
extraordinary;기이한
heaven;천국
rough;거친
yell;소리치다
pregnant;임신한
distant;먼
drama;드라마
satellite;위성
personally;몸소
clock;시계
chocolate;초콜릿
Italian;이탈리아 사람
Canadian;캐나다 사람
ceiling;천장
sweep;스위프
advertising;광고하는
universal;만능인
spin;회전
button;단추
bell;벨
rank;계급
darkness;어둠
clothing;의류
super;감독자
yield;생산하다
fence;울타리
portrait;초상화
survival;활착
roughly;대충
lawsuit;소송
testimony;고백
bunch;다발
found;설립하다
burden;부담
react;반응하다
chamber;방
furniture;가구
cooperation;협력
string;끈
ceremony;의식
communicate;의사소통하다
cheek;볼
lost;잃어버린
profile;프로필
mechanism;기구
disagree;동의하지 않는다
penalty;패널티
ie;즉
resort;의지
destruction;파괴
unlikely;~할 것 같지 않은
tissue;조직
constitutional;헌법상의
pant;바지
stranger;낯선 사람
infection;전염병
cabinet;내각
broken;고장난
apple;사과
electric;전기 같은
proceed;진행하다
bet;하지만
literary;문호
virus;바이러스
stupid;멍청한
dispute;논쟁
fortune;행운
strategic;전략적
assistant;어시스턴트
overcome;극복하다
remarkable;놀랄 만한
occupy;차지하다
statistics;통계
shopping;쇼핑
cousin;사촌
encounter;맞닥뜨리다
wipe;닦음
initially;처음에
blind;눈이 먼
port;포트
electricity;전기
genetic;유전적인
adviser;고문
spokesman;대변인
retain;유지하다
latter;후자
incentive;자극
slave;노예
translate;번역하다
accurate;정확한
whereas;반면
terror;공포
expansion;확장
elite;엘리트
Olympic;올림피아 경기
dirt;흙
odd;이상한
rice;쌀
bullet;총알
tight;단단한
Bible;성경
chart;차트
solar;태양의
square;정사각형
concentration;집중
complicated;복잡한
gently;부드럽게
champion;챔피언
scenario;대본
telescope;망원경
reflection;반사
revolution;혁명
strip;조각
interpret;해석하다
friendly;친숙한
tournament;토너먼트
fiction;소설
detect;감지하다
tremendous;엄청난
lifetime;일생
recommendation;추천
senator;평의원
hunting;수렵
salad;샐러드
guarantee;보장하다
innocent;순결한
boundary;경계
pause;정지시키다
remote;원격
satisfaction;만족
journal;신문
bench;벤치
lover;애인
raw;날것의
awareness;의식
surprising;놀라운
withdraw;철회하다
deck;갑판
similarly;비슷하게
newly;새로운
pole;없다
testify;증언하다
mode;방법
dialogue;대화
imply;암시하다
naturally;당연히
mutual;상호간의
founder;설립자
advanced;고급의
pride;자부심
dismiss;해고하다
aircraft;항공기
delivery;배달
mainly;주로
bake;빵 굽기
freeze;얼다
platform;플랫폼
finance;재원
sink;싱크대
attractive;매력적인
diverse;다양한
relevant;관련 있는
ideal;이상적인
joy;기쁨
regularly;정기적으로
working;일하고 있는
singer;가수
evolve;진화하다
shooting;촬영
partly;부분적으로
unknown;알려지지 않은
offense;위반
counter;카운터
DNA;DNA
potentially;잠재적으로
thirty;서른
justify;신이 옳다고 하다
protest;항의
crash;크래시
craft;선박
treaty;조약
terrorist;테러리스트
insight;통찰력
possess;붙잡다
politically;정치상
tap;수도꼭지
extensive;광범위한
episode;삽화
swim;수영
tire;타이어
fault;잘못
loose;헐렁한
shortly;곧
originally;원래
considerable;많은
prior;이전의
intellectual;지적인
assault;폭행
relax;안심하다
stair;계단
adventure;모험
external;외부
proof;증거
confident;자신감
headquarters;본부
sudden;갑자기
dirty;더러운
violation;위반
tongue;혀
license;특허
shelter;대피소
rub;장애
controversy;논쟁
entrance;입구
properly;제대로
fade;바래다
defensive;방어적인
tragedy;비극
net;그물
characterize;특성화하다
funeral;장례식
profession;직업
alter;바꾸다
constitute;구성하다
establishment;설립
squeeze;짜내다
imagination;상상력
mask;마스크
convert;전환하다
comprehensive;포괄적인
prominent;중요한
presentation;프레젠테이션
regardless;~에 관계없이
load;짐
stable;안정적인
introduction;소개
pretend;~인 척하다
elderly;연세가 드신
representation;대표
deer;사슴
split;나뉘다
violate;위반하다
partnership;협력 관계
pollution;오염
emission;방사
steady;꾸준한
vital;필수적인
fate;운명
earnings;수입
oven;오븐
distinction;구별
segment;분절
nowhere;아무데도
poet;시인
mere;더
exciting;신나는
variation;변화
comfort;편안
radical;근본적인
adapt;적응하다
Irish;아일랜드의
honey;꿀
correspondent;거래처
pale;창백한
musician;음악가
significance;중요성
vessel;선박
storage;저장
flee;서두르다
mm-hmm;흠흠
leather;가죽
distribute;분배하다
evolution;진화
ill;아픈
tribe;부족
shelf;선반
grandfather;할아버지
lawn;잔디
buyer;사는 사람
dining;식사
wisdom;지혜
council;이사회
vulnerable;취약한
instance;사례
garlic;마늘
capability;능력
poetry;시
celebrity;유명 인사
gradually;서서히
stability;안정
fantasy;공상
scared;무서운
plot;구성
framework;뼈대
gesture;몸짓
depending;의존하는
ongoing;전진
psychology;심리학
counselor;참사관
chapter;장
divorce;이혼
owe;빚지다
pipe;파이프
athletic;운동
slight;근소한
math;수학
shade;그늘
tail;꼬리
sustain;지속시키다
mount;산
obligation;의무
angle;각도
palm;손바닥
differ;다르다
custom;커스텀
economist;경제학자
fifteen;열 다섯
soup;수프
celebration;축하
efficient;효율적인
composition;구성
satisfy;풀다
pile;말뚝
briefly;간단히
carbon;탄소
closer;가까이
consume;소비하다
scheme;계획
crack;금이 가다
frequency;빈도
tobacco;담배
survivor;살아남은 사람
besides;뿐만 아니라
psychologist;심리학자
wealthy;풍부한
galaxy;은하
given;주어진
ski;스키
limitation;한정
trace;추적하다
appointment;약속
preference;선호
meter;미터
explosion;폭발
publicly;공개적으로
incredible;믿을 수 없는
fighter;전투기
rapid;빠른
admission;가입
hunter;사냥꾼
educate;기르다
painful;괴로운
friendship;우정
aide;보좌관
infant;유아
calculate;계산하다
fifty;오십
rid;제거하다
porch;현관
tendency;성향
uniform;제복
formation;형성
scholarship;장학금
reservation;예약
efficiency;능률
qualify;자격을 갖추다
mall;쇼핑 센터
derive;파생
scandal;스캔들
PC;PC
helpful;도움이 되는
impress;감탄시키다
heel;모두
resemble;닮다
privacy;은둔
fabric;구조
contest;대회
proportion;비율
guideline;지침
rifle;소총
maintenance;유지
conviction;확신
trick;장난
organic;본질적인
tent;텐트
examination;시험
publisher;발행자
strengthen;강하게 하다
proposed;제안
myth;신화
sophisticated;정교한
cow;암소
etc;등
standing;서 있는
asleep;죽어
tennis;테니스
nerve;신경 이상
barrel;통
bombing;폭격
membership;회원
ratio;비율
menu;메뉴
controversial;논란이 많은
desperate;자포자기한
lifestyle;생활 양식
humor;기분
loud;시끄러운
glove;장갑
sufficient;충분한
narrative;이야기
photographer;사진 작가
helicopter;헬리콥터
modest;보통의
provider;공급자
delay;지연
agricultural;농업
explode;터지다
stroke;뇌졸중
scope;범위
punishment;처벌
handful;줌
badly;심하게
horizon;수평선
curious;궁금한
downtown;도심
girlfriend;여자 친구
prompt;즉각적인
cholesterol;콜레스테롤
absorb;흡수하다
adjustment;조정
taxpayer;납세자
eager;열렬한
principal;주요한
detailed;상세한
motivation;동기 부여
assignment;과제
restriction;제한
laboratory;실혐실
workshop;작업장
differently;다르게
auto;자동
romantic;로맨틱
cotton;면
motor;모터
sue;고소하다
flavor;맛
overlook;간과하다
float;뜨다
undergo;받다
sequence;순서
demonstration;데모
jet;제트기
orange;주황색
consumption;소비
assert;주장하다
blade;잎
temporary;일시적인
medication;약물
cabin;선실
bite;깨물다
edition;편집
valley;골짜기
yours;당신 것
pitch;정점
pine;소나무
brilliant;훌륭한
versus;~ 대
manufacturing;조작
absolute;순수한
chef;요리사
discrimination;차별
offensive;공격
boom;팔
register;등록하다
appoint;정하다
heritage;유산
God;하나님
dominant;우성
successfully;성공적으로
shit;똥
lemon;레몬
hungry;굶주린
wander;떠돌다
submit;제출하다
economics;경제학
naked;적나라한
anticipate;예상하다
nut;너트
legacy;유산
extension;확대
shrug;어깨를 으쓱하다
battery;배터리
arrival;도착
legitimate;정당한
orientation;정위
inflation;인플레이션
cope;코프
flame;불꽃
cluster;무리
wound;상처
dependent;매달린
shower;샤워
institutional;제도적
depict;묘사하다
operating;운영
flesh;육체
garage;차고
operator;운영자
instructor;강사
collapse;무너지다
borrow;빌리다
furthermore;뿐만 아니라
comedy;코메디
mortgage;저당
sanction;제재
civilian;일반 민간인
twelve;열 두번째
weekly;주간
habitat;서식지
grain;곡물
brush;브러시
consciousness;의식
devote;바치다
measurement;측정
province;주
ease;쉬움
seize;잡다
ethics;윤리학
nomination;지명
permission;허가
wise;지혜로운
actress;여배우
summit;정상 회담
acid;산
odds;승산
gifted;영재
frustration;좌절
medium;중간
physically;육체적으로
distinguish;구별하다
shore;지주
repeatedly;자꾸
lung;폐
running;달리기
distinct;별개의
artistic;예술적
discourse;담화
basket;바구니
ah;아
fighting;화이팅
impressive;감동적인
competitor;경쟁자
ugly;못생긴
worried;걱정하는
portray;그리다
powder;가루
ghost;귀신
persuade;설득하다
moderate;보통의
subsequent;후속
continued;계속되는
cookie;쿠키
carrier;담체
cooking;요리
frequent;잦은
ban;반
awful;끔찍한
admire;존경하다
pet;애완 동물
miracle;기적
exceed;초과하다
rhythm;율
widespread;펼친
killing;죽이는
lovely;사랑스러운
sin;죄
charity;자선 단체
script;스크립트
tactic;술책
identification;신분증
transformation;변환
everyday;매일
headline;표제
venture;투기
invasion;침입
nonetheless;그럼에도 불구하고
adequate;적절한
piano;피아노
grocery;식료품점
intensity;강함
exhibit;전시하다
blanket;담요
margin;여유
quarterback;쿼터백
mouse;생쥐
rope;로프
concrete;콘크리트
prescription;처방
African-American;아프리카 계 미국인
chase;뒤쫓다다
brick;벽돌
recruit;모집하다
patch;반점
consensus;의견 일치
horror;공포
recording;녹음
changing;바꾸다
painter;화가
colonial;식민지 주민
pie;~에
sake;사케
gaze;응시
courage;용기
pregnancy;임신
swear;욕을 하다
defeat;패배시키다
clue;단서
reinforce;강화하다
confusion;착란
slice;일부분
occupation;직업
dear;~에게
coal;석탄
sacred;신성한
formula;공식
cognitive;인지
collective;집단적
exact;정확한
uncle;삼촌
captain;선장
sigh;한숨을 쉬다
attribute;기인하다
dare;도전
homeless;노숙자
gallery;갤러리
soccer;축구
defendant;피고
tunnel;터널
fitness;적합
lap;무릎
grave;무덤
toe;그 다음에
container;컨테이너
virtue;덕
abroad;해외에서
architect;건축가
dramatically;극적으로
makeup;구성하다
inquiry;문의
rose;장미
surprisingly;놀랍게도
highlight;가장 밝은 부분
decrease;감소하다
indication;표시
rail;레일
anniversary;기념일
couch;침상
alliance;동맹
hypothesis;가설
boyfriend;남자 친구
compose;구성하다
mess;엉망
legend;전설
regulate;규제하다
adolescent;한창 젊은
shine;빛나는
norm;표준
upset;속상한
remark;주목
resign;사직하다
reward;보상
gentle;온화한
related;관련된
organ;오르간
lightly;가볍게
concerning;...에 관하여
invent;꾸미다
laughter;웃음
northwest;북서
counseling;상담
receiver;수화기
ritual;의식
insect;곤충
interrupt;방해하다
salmon;연어
trading;거래
magic;마법
superior;우수한
combat;전투
stem;줄기
surgeon;외과 의사
acceptable;수용 가능한
physics;물리학
rape;강간
counsel;조언
jeans;청바지
hunt;사냥
continuous;마디 없는
log;통나무
echo;에코
pill;알약
excited;흥분한
sculpture;조각품
compound;화합물
integrate;통합하다
flour;밀가루
bitter;격렬한
bare;단지
slope;경사
rent;임차료
presidency;통솔
serving;피복재
subtle;미묘한
greatly;매우
bishop;주교
drinking;음주
acceptance;수락
pump;펌프
candy;사탕
evil;사악한
pleased;기쁜
medal;메달
beg;빌다
sponsor;스폰서
ethical;윤리적인
secondary;중고등 학년
slam;쾅
export;내보내다
experimental;실험적인
melt;녹다
midnight;자정
curve;곡선
integrity;진실성
entitle;자격
evident;분명한
logic;논리
essence;본질
exclude;들어오지 못하게 하다
harsh;가혹한
closet;옷장
suburban;교외의
greet;환영하다
interior;내부
corridor;복도
retail;소매
pitcher;피처
march;3월
snake;뱀
excuse;변명
weakness;약점
pig;돼지
classical;고전
estimated;추정된
T-shirt;티셔츠
unemployment;실업
civilization;문명
fold;겹
reverse;뒤집다
missing;잃어버린
correlation;상관관계
humanity;인류
flash;플래시
developer;개발자
reliable;믿을 수 있는
excitement;흥분
beef;쇠고기
Islam;이슬람교
Roman;로마 인
architecture;건축물
occasional;가끔
administrative;행정
elbow;팔꿈치
deadly;치명적인
Hispanic;히스패닉
allegation;진술
confuse;혼란시키다
airplane;비행기
monthly;월간 간행물
duck;오리
dose;정량
Korean;한국인
plead;변호하다
initiate;시작하다
lecture;강의
van;~에서
sixth;육분의 하나
bay;만
mainstream;주류
suburb;근교
sandwich;샌드위치
trunk;트렁크
rumor;소문
implementation;구현
swallow;삼키다
motivate;동기를 부여하다
render;세우다
longtime;오랫동안
trap;덫
restrict;얽매다
cloth;천
seemingly;겉보기에
legislative;입법
effectiveness;유효성
enforce;억지로 시키다
lens;렌즈
inspector;조사관
lend;빌려주다
plain;솔직한
fraud;사기
companion;동반자
contend;다투다
nail;못
array;정렬
strict;엄격한
assemble;모으다
frankly;솔직히
rat;쥐
hay;멋진
hallway;현관
cave;동굴
inevitable;불가피한
southwest;남서
monster;괴물
unexpected;예기치 않은
obstacle;장애
facilitate;가능하게 하다
rip;삼가 고인의 명복을 빕니다
herb;목초
overwhelming;압도적
integration;완성
crystal;결정
recession;경기 후퇴
written;쓴
motive;동기
flood;홍수
pen;펜
ownership;소유권
nightmare;악몽
inspection;점검
supervisor;감독자
consult;찾다
arena;투기장
diagnosis;진단
possession;소유
forgive;용서하다
consistently;일관되게
basement;최하부
drift;경향
drain;물을 빼다
prosecution;기소
maximum;최고
announcement;발표
warrior;전사
prediction;예측
bacteria;박테리아
questionnaire;설문지
mud;진흙
infrastructure;하부 구조
hurry;서두르다
privilege;특권
temple;절
outdoor;집 밖의
suck;빨다
and/or;및/또는
broadcast;방송
re;답장
leap;뛰다
random;무작위의
wrist;손목
curtain;커튼
pond;연못
domain;도메인
guilt;죄
cattle;가축
walking;걷는
playoff;플레이오프
minimum;최저한의
fiscal;재정
skirt;치마
dump;덤프
hence;그 후
database;데이터 베이스
uncomfortable;불편한
execute;실행하다
limb;수족
ideology;관념론
tune;곡조
continuing;계속
harm;피해
railroad;철도
endure;견디다
radiation;방사능
horn;뿔
chronic;만성병 환자
peaceful;평화로운
innovation;혁신
strain;부담
guitar;기타
replacement;바꿔 놓음
behave;행동하다
administer;관리하다
simultaneously;동시에
dancer;춤추는 사람
amendment;개정
pad;인주
transmission;전염
await;기다리다
retired;은퇴
trigger;방아쇠
spill;엎지르다
grateful;고마워하는
grace;우아함
virtual;가상
colony;식민지
adoption;양자
indigenous;토착민
closed;닫은
convict;죄수
towel;수건
modify;수정하다
particle;입자
prize;상
landing;착륙
boost;후원
bat;하나
alarm;경보
festival;제전
grip;꽉 붙잡음
weird;기이한
undermine;훼손하다
freshman;신입생
sweat;땀
outer;밖의
drunk;술 취한
separation;분리
traditionally;전통적으로
govern;통치하다
southeast;남동
intelligent;지능적인
wherever;대체 어디에
ballot;투표권
rhetoric;수사학
convinced;확신
driving;운전
vitamin;비타민
enthusiasm;열광
accommodate;수용하다
praise;칭찬
injure;해치다
wilderness;황야
endless;끝없는
mandate;위임
respectively;각기
uncertainty;불확실성
chaos;혼돈
mechanical;기계적
canvas;캔버스
forty;사십
lobby;로비
profound;심오한
format;체재
trait;특성
currency;통화
turkey;칠면조
reserve;예약하다
beam;빔
astronomer;천문학자
corruption;부패
contractor;계약자
apologize;사과하다
doctrine;교의
genuine;진실한
thumb;무지
unity;단일성
compromise;타협
horrible;끔찍한
behavioral;행동적
exclusive;독점적인
scatter;흩어지게하다
commonly;천하게
convey;전달하다
twist;트위스트
complexity;복잡성
fork;포크
disk;디스크
relieve;완화
suspicion;의심
health-care;보건 의료
residence;거주
shame;창피
meaningful;의미있는
sidewalk;보도
Olympics;올림픽
technological;기술적
signature;서명
pleasant;즐거운
wow;와
suspend;유예하다
rebel;반역자
frozen;겨울 왕국
spouse;배우자
fluid;체액
pension;연금
resume;이력서
theoretical;이론적 인
sodium;나트륨
promotion;프로모션
delicate;연약한
forehead;이마
rebuild;재건하다
bounce;되튐
electrical;전기 같은
hook;훅
detective;형사
traveler;여행자
click;딸깍 하는 소리
compensation;보상
exit;출구
attraction;끌어 당김
dedicate;전념하다
altogether;전부
pickup;찾다
carve;새기다
needle;바늘
belly;배
scare;공황
portfolio;포트폴리오
shuttle;우주선
invisible;보이지 않는
timing;타이밍
engagement;약혼
ankle;발목
transaction;거래
rescue;구조하다
counterpart;짝
historically;역사적으로
firmly;단단히
mild;경증
rider;타는 사람
doll;인형
noon;정오
amid;가운데에
identical;동일한
precise;정밀한
anxious;불안해하는
structural;구조적
residential;주거
diagnose;진단하다
carbohydrate;탄수화물
liberty;자유
poster;포스터
theology;신학
nonprofit;비영리
crawl;기다
oxygen;산소
handsome;멋있는
sum;합집합
provided;제공
businessman;실업가
promising;약속하는
conscious;의식하는
determination;결정
donor;기증자
hers;그녀의
pastor;목사
jazz;재즈
opera;오페라
acquisition;인수
pit;피트
hug;껴안다
wildlife;야생 동물
punish;벌하다
equity;형평성
doorway;출입구
departure;출발
elevator;엘리베이터
teenage;십대
guidance;안내
happiness;행복
statue;동상
pursuit;추구
repair;수리하다
decent;품위 있는
gym;헬스장
oral;경구
clerk;사무원
envelope;봉투
reporting;보고
destination;목적지
fist;주먹
endorse;지지하다
exploration;탐구
generous;관대한
bath;욕조
thereby;그것에 의하여
indicator;지시자
sunlight;햇빛
feedback;피드백
spectrum;스펙트럼
purple;자주색
laser;레이저
bold;굵게
reluctant;그들은 주저한다
starting;시작
expertise;전문적 지식
practically;거의
eating;먹기
hint;힌트
sharply;날카롭게
parade;퍼레이드
realm;왕국
cancel;취소
blend;혼합하다
therapist;치료사
peel;껍질
pizza;피자
recipient;받는 사람
hesitate;망설이다
flip;튀기다
accounting;회계
bias;편견
huh;뭐
metaphor;은유
candle;양초
judicial;사법
entity;실재
suffering;고통
full-time;풀 타임
lamp;램프
garbage;쓰레기
servant;하인
regulatory;규제
diplomatic;외교
elegant;우아한
reception;리셉션
vanish;사라지다
automatically;자동으로
chin;턱
necessity;필요성
confess;불다
racism;민족적 우월감
starter;기동기
banking;은행업
casual;평상복
gravity;중력
enroll;싸다
diminish;줄다
prevention;방지
minimize;최소화
chop;촙
performer;수행자
intent;의지
isolate;격리
inventory;목록
productive;생산적인
assembly;집회
civic;시민
silk;실크
magnitude;크기
steep;험한
hostage;인질
collector;수집기
popularity;인기
alien;외계인
dynamic;동적
scary;무서운
equation;방정식
angel;천사
offering;헌금
rage;격노
photography;사진술
toilet;화장실
disappointed;실망한
precious;귀중한
prohibit;금지하다
realistic;현실적인
hidden;숨겨진
tender;부드러운
gathering;모임
outstanding;훌륭해
stumble;채이기
lonely;외로운
automobile;자동차
artificial;인공의
dawn;새벽
abstract;요약
descend;하강하다
silly;바보 같은
tide;조류
shared;공유
hopefully;바라건대
readily;손쉽게
cooperate;협조
revolutionary;혁명적인
romance;로맨스
hardware;하드웨어
pillow;베개
kit;전부
continent;대륙
seal;밀봉하다
circuit;회로
ruling;지배
shortage;부족
annually;매년
lately;최근에
scan;주사
fool;바보
deadline;마감 시간
rear;뒤쪽
processing;처리
ranch;농장
coastal;연안의
undertake;맡다
softly;부드럽게
burning;타고 있는
verbal;언어 적
tribal;부족
ridiculous;말도 안 되는
automatic;자동적 인
diamond;다이아몬드
credibility;믿을 수 있음
import;수입
sexually;성적으로
divine;신성한
sentiment;감정
cart;카트
oversee;감독하다
o'clock;시
elder;장로
pro;찬성
inspiration;영감
Dutch;네덜란드 사람
quantity;수량
trailer;트레일러
mate;죽음
Greek;그리스 어
genius;천재
monument;기념물
bid;매기다
quest;탐구
sacrifice;희생
invitation;초대
accuracy;정확성
juror;배심원
officially;공무상
broker;브로커
treasure;보물
loyalty;충의
talented;재간 있는
gasoline;가솔린
stiff;뻣뻣한
output;산출
nominee;후보자
extended;펼친
diabetes;당뇨병
slap;찰싹
toxic;독성
alleged;주장
jaw;턱
grief;고통
mysterious;신비한
rocket;로켓
donate;기부하다
inmate;동거인
tackle;태클
dynamics;역학
bow;절하다
ours;우리 것
dignity;위엄
carpet;양탄자
parental;부모의
bubble;거품
buddy;친구
barn;외양간
sword;검
seventh;제칠
glory;영광
tightly;단단히
protective;보호
tuck;턱
drum;북
faint;희미한
queen;퀸
dilemma;양도 논법
input;입력
specialize;전문화하다
northeast;북동
shallow;얕은
liability;책임
sail;돛
merchant;상인
stadium;경기장
improved;향상
bloody;피의
associated;관련된
withdrawal;철수
refrigerator;냉장고
nest;둥지
thoroughly;철저히
lane;레인
ancestor;선조
condemn;비난하다
steam;증기
accent;악센트
optimistic;낙관적인
unite;맞잡다
cage;새장
equip;갖추어 주다
shrimp;새우
homeland;조국
rack;고문
costume;복장
wolf;늑대
courtroom;법정
statute;법령
cartoon;만화
productivity;생산력
grin;이를 드러내고 웃다
symbolic;상징적
bug;벌레
bless;신을 하다
aunt;이모
agriculture;농업
hostile;적의
conceive;배다
combined;결합
instantly;곧
bankruptcy;파산
vaccine;백신
bonus;보너스
collaboration;협동
mixed;혼합
opposed;반대
orbit;궤도
grasp;파악
patience;인내심
spite;악의
tropical;열렬한
voting;투표
patrol;순찰
willingness;쾌히 하기
revelation;시현
calm;침착한
jewelry;보석류
Cuban;쿠바 사람
haul;세게 끌기
concede;인정하다
wagon;왜건
afterward;기후
spectacular;장관을 이루는
ruin;망치다
sheer;얇은
immune;면역성 있는
reliability;신뢰할 수 있음
ass;~이다
alongside;나란히
bush;부시
exotic;이국적인
fascinating;매력적인
clip;클립
thigh;대퇴골
bull;황소
drawer;서랍
sheep;양
discourage;낙담하다
coordinator;조정자
ideological;이념적인
runner;달리는 사람
secular;속가
intimate;친밀한
empire;제국
cab;택시
exam;시험
documentary;기록한 것
neutral;중립적
biology;생물학
flexible;유연한
progressive;진보적인
web;편물
conspiracy;음모
casualty;사상자 수
republic;공화국
execution;실행
terrific;훌륭한
whale;고래
functional;기능의
instinct;본능
teammate;팀원
aluminum;알류미늄
whoever;누구나
ministry;내각
verdict;평결
instruct;지시하다
skull;두개골
self-esteem;자아 존중감
cooperative;협력적인
manipulate;조종하다
bee;벌
practitioner;실무자
loop;고리
edit;편집하다
whip;채찍
puzzle;퍼즐
mushroom;버섯
subsidy;보조금
boil;종기
tragic;비참한
mathematics;수학
mechanic;정비공
jar;항아리
earthquake;지진
pork;돼지 고기
creativity;독창성
safely;안전하게
underlying;밑에 있는
dessert;디저트
sympathy;공감
fisherman;어부
incredibly;엄청나게
isolation;격리
sock;양말
eleven;열하나
sexy;섹시한
entrepreneur;기업가
syndrome;증후군
bureau;국
workplace;직장
ambition;큰 뜻
touchdown;접지
utilize;활용하다
breeze;미풍
costly;값비싼
ambitious;거창한
Christianity;기독교
presumably;아마도
influential;힘 있는
translation;번역
uncertain;불확실한
dissolve;디졸브
statistical;통계
gut;배짱
metropolitan;대주교
rolling;구르는
aesthetic;미적인
spell;주문
insert;끼워 넣다
booth;노점
helmet;헬멧
waist;허리
expected;예상되는
lion;사자
accomplishment;완수
royal;왕실의
panic;공황
crush;으깨다
actively;적극적으로
cliff;낭떠러지
minimal;최소한의
cord;코드
fortunately;다행스럽게도
cocaine;코카인
illusion;환각
anonymous;익명의
tolerate;참다
appreciation;감사
commissioner;위원
flexibility;유연성
instructional;교육적인
scramble;스크램블
casino;카지노
tumor;종양
decorate;장식하다
pulse;맥박
equivalent;동등한
fixed;결정된
experienced;경험
donation;기부
diary;다이어리
sibling;형제자매
irony;반어
spoon;숟가락
midst;한가운데
alley;골목
interact;상호 작용
soap;비누
cute;귀엽다
rival;경쟁자
short-term;단기
punch;펀치
pin;핀
hockey;하키
passing;통과
persist;지속하다
supplier;공급자
known;모두 다 아는
momentum;기세
purse;지갑
shed;오두막
liquid;액체
icon;상
elephant;코끼리
consequently;따라서
legislature;입법부
franchise;독점 판매권
correctly;바르게
mentally;정신적으로
foster;기르다
bicycle;자전거
encouraging;격려
cheat;속이다
heal;치유하다
fever;열
filter;필터
rabbit;토끼
coin;동전
exploit;악용하다
accessible;얻기 쉬운
organism;유기체
sensation;감각
partially;부분적으로
upstairs;높은 곳에 있는
dried;건조한
conservation;보존
shove;지지
backyard;뒤뜰
charter;전세
stove;난로
consent;동의
comprise;이루다
reminder;알림
alike;서로 같은
placement;놓기
dough;반죽
grandchild;손자
dam;댐
reportedly;보도에 따르면
well-known;잘 알려진
surrounding;주변
ecological;생태학적인
outfit;차림새
unprecedented;전례 없는
columnist;칼럼니스트
workout;운동하다
preliminary;예비의
patent;특허
shy;수줍은
trash;쓰레기
disabled;장애가 있는
gross;역겨운
damn;젠장
hormone;호르몬
texture;조직
pencil;연필
frontier;국경 지방
spray;스프레이
disclose;드러내다
custody;보관
banker;은행가
beast;짐승
interfere;간섭하다
oak;오크
eighth;여덟 번째
notebook;공책
outline;개요
attendance;출석
speculation;추측
uncover;폭로하다
behalf;이익
innovative;혁신적인
shark;상어
mill;밀
installation;설치
stimulate;자극하다
tag;꼬리표
vertical;세로
swimming;수영
fleet;함대
catalog;목록
outsider;문외한
desperately;필사적으로
stance;위치
compel;강요하다
sensitivity;감광도
someday;언젠가
instant;즉각적인
debut;데뷔
proclaim;선포하다
worldwide;세계적인
hike;인상
required;필수의
confrontation;직면
colorful;화려한
constitution;헌법
trainer;훈련자
Thanksgiving;추수감사절
scent;향기
stack;스택
eyebrow;눈썹
sack;해고
cease;중지
inherit;당신은 상속
tray;쟁반
pioneer;개척자
organizational;조직적인
textbook;교과서
uh;음
nasty;끔찍한
shrink;수축
emerging;떠오르는
dot;점
wheat;밀
fierce;사나운
envision;구상하다
rational;합리적인
kingdom;왕국
aisle;통로
weaken;묽게 하다
protocol;규약
exclusively;독점적으로
vocal;보컬
marketplace;시장
openly;공공연히
unfair;불공정
terrain;지역
deploy;전개하다
risky;위험한
pasta;파스타
genre;장르
distract;괴롭히다
merit;장점
planner;입안자
depressed;우울한
chunk;큰 덩어리
closest;가장 가까운
discount;할인
ladder;사다리
jungle;밀림
migration;이주
breathing;호흡
invade;침략하다
hurricane;허리케인
retailer;소매상
classify;나누다
coup;일격
ambassador;대사
density;밀도
supportive;지지하는
curiosity;호기심
skip;건너 뛰기
aggression;침략
stimulus;자극제
journalism;저널리즘
robot;로봇
dip;담그다
likewise;비슷하게
informal;비공식
Persian;페르시아 인
feather;깃털
sphere;구체
tighten;죄다
boast;자랑
pat;똑같다
perceived;지각
sole;밑창
publicity;널리 알려짐
unfold;펴다
well-being;안녕
validity;타당성
ecosystem;생태계
strictly;엄격하게
partial;부분적인
collar;칼라
weed;잡초
compliance;규정 준수
streak;줄
supposedly;아마도
added;추가
builder;건축업자
glimpse;일견
premise;전제
specialty;전문
deem;간주
artifact;인공물
sneak;좀도둑
monkey;원숭이
mentor;멘토르
two-thirds;3분의 2
listener;경청자
lightning;번개
legally;법적으로
sleeve;소매
disappointment;실망
disturb;방해하다
rib;늑골
excessive;과도한
high-tech;하이테크
debris;부스러기
rod;막대
logical;논리적
ash;금연 건강 증진 협회
socially;사회적으로
parish;교구
slavery;노예 제도
blank;공백
commodity;상품
cure;치유법
mineral;광물
hunger;굶주림
dying;사망
developmental;발달
faster;더 빠르게
spare;여분의
halfway;중간에
equality;평등
cemetery;묘지
harassment;괴롭힘
deliberately;고의로
fame;명성
regret;유감
striking;치는
likelihood;개연성
carrot;당근
atop;꼭대기
toll;통행료
rim;가장자리
embarrassed;당황스러운
fucking;빌어 먹을
cling;집착
isolated;외딴
blink;깜박거리다
suspicious;의심스러운
wheelchair;바퀴 달린 의자
squad;분대
eligible;자격이 있는
processor;프로세서
plunge;돌진
demographic;인구통계학적
chill;냉기
refuge;피난
steer;조종하다
legislator;의원
rally;랠리
programming;프로그램 작성
cheer;환호
outlet;콘센트
intact;손대지 않은
vendor;공급업체
thrive;번창하다
peanut;땅콩
chew;씹다
elaborate;정교한
conception;임신
auction;경매
steak;스테이크
comply;응하다
triumph;승리
shareholder;주주
comparable;유사한
transport;수송
conscience;양심
calculation;계산
considerably;상당히
interval;간격
scratch;할퀴다
awake;깨어 있는
jurisdiction;관할권
inevitably;불가피하게
feminist;여권 주장자
constraint;강제
emotionally;감정적으로
expedition;원정
allegedly;주장한 바에 의하면
similarity;유사성
butt;대상
lid;뚜껑
dumb;멍청한
bulk;대부분
sprinkle;소량
mortality;인류
philosophical;철학적
conversion;변환
patron;후원자
municipal;시립
liver;간
harmony;조화
solely;혼자서
tolerance;용인
goat;염소
blessing;축복
banana;바나나
palace;궁전
formerly;전에
peasant;농부
neat;정돈된
grandparent;조부모
lawmaker;입법자
supermarket;슈퍼마켓
cruise;크루즈
mobile;이동하는
calendar;달력
widow;과부
deposit;보증금
beard;수염
brake;브레이크
screening;상영
impulse;충동
forbid;금지하다
fur;털
brutal;잔인한
predator;포식자
poke;찌름
opt;고르다
voluntary;자발적인
valid;유효한
forum;법정
dancing;무용
happily;행복하게
soar;날기
removal;제거
autonomy;자치
enact;제정하다
thread;실
landmark;경계표
unhappy;불행한
offender;범죄자
coming;오는
privately;몰래
fraction;분수
distinctive;독특한
tourism;관광 여행
threshold;한계점
routinely;일상적으로
suite;모음곡
regulator;조절기
straw;빨대
theological;신학적
exhaust;배기가스
globe;지구
fragile;부서지기 쉬운
objection;반대
chemistry;화학
old-fashioned;구식
crowded;붐비는
blast;폭발
prevail;만연하다
overnight;밤새
denial;부정
rental;렌탈
fantastic;환상적인
fragment;파편
screw;나사
warmth;따뜻함
undergraduate;대학 재학생
headache;두통
policeman;경관
projection;투사
suitable;적합한
graduation;눈금
drill;송곳
cruel;잔혹한
mansion;맨션
grape;포도
authorize;승인하다
cottage;시골집
driveway;차도
charm;매력
sexuality;성별
loyal;충실한
clay;점토
balloon;풍선
invention;발명
ego;자아
fare;하다
homework;숙제
disc;디스크
sofa;소파
availability;유효성
radar;레이더
frown;찌푸린 얼굴
regain;되찾다
sweater;스웨터
rehabilitation;복권
rubber;고무
retreat;후퇴
molecule;분자
freely;자유로이
favorable;유리한
steadily;꾸준히
integrated;통합
ha;그는 가지고있다
youngster;어린이
premium;프리미엄
accountability;책임
overwhelm;압도하다
one-third;삼분의 일
contemplate;숙고하다
update;업데이트
spark;불꽃
ironically;아이러니하게도
fatigue;피로
speculate;추측하다
marker;채점자
preach;설교
bucket;버킷
blond;금발
confession;고백
provoke;화나게 하다
marble;대리석
substantially;대체로
defender;방어자
explicit;명백한
disturbing;방해
surveillance;감시
magnetic;자기
technician;기술자
mutter;어머니
devastating;지독한
depart;출발
arrow;화살
trauma;외상
neighboring;이웃
soak;담그다
ribbon;리본
meantime;그 동안에
transmit;부치다
harvest;수확하다
consecutive;연이은
coordinate;동등 어구
spy;스파이
slot;슬롯
riot;폭동
nutrient;영양소
citizenship;시민권
severely;심하게
sovereignty;주권
ridge;산등성이
brave;용감한
lighting;조명
specify;지정하다
contributor;기부자
frustrate;좌절
articulate;분명히 하다
importantly;중요하게
transit;운송
dense;밀집한
seminar;세미나
electronics;전자 제품
sunny;맑은
shorts;반바지
swell;팽창
accusation;고발
soften;부드럽게 하다
straighten;바르게 되다
terribly;몹시
cue;큐
bride;신부
biography;전기
hazard;위험
compelling;설득력 있는
seldom;드물게
tile;타일
economically;경제적으로
honestly;솔직히
troubled;고민
twentieth;이십
balanced;균형이 잡힌
foreigner;외국인
convenience;편의
delight;기쁨
weave;짜다
timber;재목
till;에게
accurately;정확히
plea;항변
bulb;구근
flying;나는
sustainable;지속 가능한
devil;악마
bolt;볼트
cargo;뱃짐
spine;척추
seller;파는 사람
skilled;숙련된
managing;관리
marine;선박
dock;독
organized;조직화
fog;안개
diplomat;외교관
boring;지루한
sometime;언젠가
summary;요약
missionary;전도사
epidemic;감염병 유행
fatal;치명적인
trim;손질
warehouse;창고
accelerate;가속하다
butterfly;나비
bronze;청동
drown;안 들리게 하다
inherent;타고난
nationwide;전국적으로
spit;침
kneel;무릎을 꿇다
vacuum;진공
selected;선택된
dictate;명령
