the;de
and;en
have;hebben
that;Dat
for;voor
you;jij
with;met
say;zeggen
this;deze
they;zij
but;maar
his;zijn
from;van
not;niet
she;zij
as;net zo
what;wat
their;hun
can;kan
who;wie
get;krijgen
would;zou
her;haar
all;allemaal
make;maken
about;over
know;weten
will;zullen
one;een
time;tijd
there;daar
year;jaar
think;denken
when;wanneer
which;welke
them;hen
some;sommige
people;mensen
take;nemen
out;uit
into;naar binnen
just;alleen maar
see;zien
him;hem
your;uw
come;komen
could;kon
now;nu
than;dan
like;Leuk vinden
other;ander
how;hoe
then;dan
its;zijn
our;ons
two;twee
more;meer
these;deze
want;willen
way;manier
look;Look
first;eerst
also;ook
new;nieuwe
because;omdat
day;dag
use;gebruiken
man;Mens
find;vind
here;hier
thing;ding
give;verlenen
many;veel
well;goed
only;enkel en alleen
those;die
tell;vertellen
very;erg
even;ook al
back;rug
any;elk
good;goed
woman;vrouw
through;door
life;leven
child;kind
work;werk
down;omlaag
may;kunnen
after;na
should;zou moeten
call;telefoongesprek
world;wereld-
over;over
school;school
still;nog altijd
try;proberen
last;laatst
ask;vragen
need;nodig hebben
too;te
feel;voelen
three;drie
state;staat
never;nooit
become;worden
between;tussen
high;hoog
really;Echt
something;iets
most;meest
another;een ander
much;veel
family;familie
own;eigen
leave;vertrekken
put;leggen
old;oud
while;terwijl
mean;gemeen
keep;houden
student;leerling
why;waarom
let;laten
great;groot
same;dezelfde
big;groot
group;groep
begin;beginnen
seem;lijken
country;land
help;helpen
talk;praten
where;waar
turn;draai
problem;probleem
every;elk
start;begin
hand;hand
might;macht
American;Amerikaans
show;show
part;een deel
against;tegen
place;plaats
such;zo een
again;opnieuw
few;Enkele
case;geval
week;week
company;bedrijf
system;systeem
each;elk
right;Rechtsaf
program;programma
hear;horen
question;vraag
during;gedurende
play;Speel
government;regering
run;rennen
small;klein
number;nummer
off;uit
always;altijd
move;Actie
night;nacht
live;live
Mr;Dhr
point;punt
believe;geloven
hold;uitstel
today;vandaag
bring;brengen
happen;happen
next;De volgende
without;zonder
before;voordat
large;groot
million;miljoen
must;moeten
home;huis
under;onder
water;water
room;kamer
write;schrijven
mother;moeder
area;Oppervlakte
national;nationaal
money;geld
story;verhaal
young;jong
fact;feit
month;maand
different;verschillend
lot;kavel
study;studie
book;boek
eye;oog
job;functie
word;woord
though;hoewel
business;bedrijf
issue;kwestie
side;kant
kind;vriendelijk
four;vier
head;hoofd
far;ver
black;zwart
long;lang
both;beide
little;klein
house;huis
yes;ja
since;sinds
provide;voorzien in
service;onderhoud
around;in de omgeving van
friend;vriend
important;belangrijk
father;vader
sit;zitten
away;weg
until;tot
power;stroom
hour;uur
game;spel
often;vaak
yet;nog
line;lijn
political;politiek
end;einde
among;tussen
ever;ooit
stand;stellage
bad;slechte
lose;verliezen
however;echter
member;lid
pay;betalen
law;wet
meet;voldoen aan
car;auto
city;stad
almost;bijna
include;erbij betrekken
continue;doorgaan
set;set
later;later
community;gemeenschap
name;naam
five;vijf
once;een keer
white;wit
least;minst
president;president
learn;leren
real;echt
change;Wijzigen
team;team
minute;minuut
best;het beste
several;meerdere
idea;idee
kid;kind
body;lichaam
information;informatie
nothing;niets
ago;geleden
lead;lood
social;sociaal
understand;begrijpen
whether;of
watch;horloge
together;samen
follow;volgen
parent;ouder
stop;hou op
face;gezicht
anything;iets
create;creëren
public;openbaar
already;al
speak;spreken
others;anderen
read;lezen
level;niveau
allow;toestaan
add;toevoegen
office;kantoor
spend;besteden
door;deur-
health;Gezondheid
person;persoon
art;kunst
sure;zeker wel
war;oorlog
history;geschiedenis
party;partij
within;binnenin
grow;groeien
result;resultaat
open;open
morning;ochtend
walk;wandelen
reason;reden
low;laag
win;winnen
research;Onderzoek
girl;meisje
guy;jongen
early;vroeg
food;voedsel
moment;moment
himself;zichzelf
air;lucht
teacher;docent
force;kracht
offer;bieden
enough;genoeg
education;opleiding
across;over
although;hoewel
remember;herinneren
foot;voet
second;seconde
boy;jongen
maybe;kan zijn
toward;in de richting van
able;bekwaam
age;leeftijd
policy;beleid
everything;alles
love;liefde
process;werkwijze
music;muziek
including;inclusief
consider;beschouwen
appear;tevoorschijn komen
actually;eigenlijk
buy;kopen
probably;waarschijnlijk
human;menselijk
wait;wacht
serve;dienen
market;markt
die;de
send;versturen
expect;verwachten
sense;gevoel
build;bouwen
stay;blijven
fall;val
oh;oh
nation;natie
plan;plan
cut;snee
college;middelbare school
interest;interesse
death;dood
course;Cursus
someone;iemand
experience;beleven
behind;achter
reach;bereiken
local;lokaal
kill;doden
six;zes
remain;blijven
effect;effect
yeah;ja
suggest;stel voor
class;klas
control;controle
raise;salarisverhoging
care;zorg
perhaps;misschien
late;laat
hard;moeilijk
field;veld
else;anders
pass;slagen voor
former;vroegere
sell;verkopen
major;belangrijk
sometimes;soms
require;vereisen
along;langs
development;ontwikkeling
themselves;zich
report;rapport
role;rol
better;beter
economic;economisch
effort;poging
decide;beslissen
rate;tarief
strong;krachtig
possible;mogelijk
heart;hart
drug;medicijn
leader;leider
light;licht
voice;stem
wife;vrouw
whole;geheel
police;politie
mind;verstand
finally;Tenslotte
pull;trekken
return;opbrengst
free;vrij
military;leger
price;prijs
less;minder
according;volgens
decision;beslissing
explain;uitleggen
son;zoon
hope;hoop
develop;ontwikkelen
view;visie
relationship;relatie
carry;dragen
town;dorp
road;weg
drive;drijfveer
arm;arm
TRUE;WAAR
federal;federaal
break;pauze
difference;verschil
thank;dank
receive;te ontvangen
value;waarde
international;Internationale
building;gebouw
action;actie
full;vol
model;model-
join;meedoen
season;seizoen
society;samenleving
tax;belasting
director;regisseur
position;positie
player;speler
agree;mee eens zijn
especially;vooral
record;dossier
pick;kiezen
wear;dragen
paper;papier
special;speciaal
space;ruimte
ground;grond
form;het formulier
support;steun
event;evenement
official;officieel
whose;van wie
matter;er toe doen
everyone;iedereen
center;centrum
couple;stel
site;website
project;projecteren
hit;raken
base;baseren
activity;werkzaamheid
star;ster
table;tafel
court;rechtbank
produce;produceren
eat;eten
teach;leren
oil;olie-
half;voor de helft
situation;situatie
easy;eenvoudig
cost;kosten
industry;industrie
figure;figuur
street;straat
image;afbeelding
itself;zelf
phone;telefoon
either;of
data;gegevens
cover;omslag
quite;nogal
picture;afbeelding
clear;Doorzichtig
practice;oefening
piece;deel
land;land-
recent;recentelijk
describe;beschrijven
product;Product
doctor;dokter
wall;muur
patient;geduldig
worker;arbeider
news;nieuws
test;testen
movie;film
certain;zeker
north;noorden
personal;persoonlijk
simply;gewoon
third;derde
technology;technologie
catch;vangst
step;stap
baby;baby
computer;computer
type;type
attention;aandacht
draw;tekenen
film;film
Republican;Republikeins
tree;boom
source;bron
red;rood
nearly;bijna
organization;organisatie
choose;Kiezen
cause;oorzaak
hair;haar
century;eeuw
evidence;bewijs
window;venster
difficult;moeilijk
listen;luister
soon;spoedig
culture;cultuur
billion;miljard
chance;kans
brother;broer
energy;energie
period;periode
summer;zomer
realize;realiseren
hundred;honderd
available;verkrijgbaar
plant;plant
likely;aannemelijk
opportunity;kans
term;termijn
short;kort
letter;brief
condition;voorwaarde
choice;keuze
single;enkel
rule;regel
daughter;dochter
administration;administratie
south;zuiden
husband;echtgenoot
Congress;Congres
floor;vloer
campaign;campagne
material;materiaal
population;bevolking
economy;economie
medical;medisch
hospital;ziekenhuis
church;kerk
close;dichtbij
thousand;duizend
risk;risico
current;huidig
fire;vuur
future;toekomst
wrong;mis
involve;bij betrekken
defense;verdediging
anyone;iedereen
increase;toenemen
security;veiligheid
bank;bank
myself;mezelf
certainly;zeker
west;west
sport;sport
board;bord
seek;zoeken
per;per
subject;onderwerp
officer;officier
private;privaat
rest;rust uit
behavior;gedrag
deal;overeenkomst
performance;prestatie
fight;gevecht
throw;gooien
top;bovenkant
quickly;snel
past;Verleden
goal;doel
bed;bed
order;bestellen
author;auteur
fill;vullen
represent;staan voor
focus;focus
foreign;buitenlands
drop;druppel
blood;bloed
upon;bij
agency;bureau
push;duw
nature;natuur
color;kleur
recently;sinds kort
store;op te slaan
reduce;verminderen
sound;geluid
note;Opmerking
fine;prima
near;in de buurt
movement;beweging
page;bladzijde
enter;binnenkomen
share;deel
common;gemeenschappelijk
poor;arm
natural;natuurlijk
race;ras
concern;zorg
series;serie
significant;significant
similar;vergelijkbaar
hot;heet
language;taal
usually;gebruikelijk
response;antwoord
dead;dood
rise;opstaan
animal;dier
factor;factor
decade;decennium
article;artikel
shoot;schieten
east;oosten-
save;opslaan
seven;zeven
artist;artiest
scene;tafereel
stock;voorraad
career;carrière
despite;ondanks
central;centraal
eight;acht
thus;dus
treatment;behandeling
beyond;voorbij
happy;Vrolijk
exactly;precies
protect;beschermen
approach;nadering
lie;leugen
size;maat
dog;hond
fund;fonds
serious;echt
occur;voorkomen
media;media
ready;klaar
sign;teken
thought;gedachte
list;lijst
individual;individueel
simple;gemakkelijk
quality;kwaliteit
pressure;druk
accept;aanvaarden
answer;antwoorden
resource;hulpbron
identify;identificeren
left;links
meeting;ontmoeting
determine;bepalen
prepare;bereiden
disease;ziekte
whatever;wat dan ook
success;succes
argue;ruzie maken
cup;beker
particularly;bijzonder
amount;hoeveelheid
ability;vermogen
staff;personeel
recognize;herken
indicate;aangeven
character;karakter
growth;groei
loss;verlies
degree;rang
wonder;vraag me af
attack;aanval
herself;haarzelf
region;regio
television;televisie
box;doos
TV;TV
training;opleiding
pretty;mooi
trade;handel
election;verkiezing
everybody;iedereen
physical;fysiek
lay;leggen
general;algemeen
feeling;gevoel
standard;standaard-
bill;rekening
message;bericht
fail;mislukking
outside;buiten
arrive;aankomen
analysis;analyse
benefit;ten goede komen
sex;seks
forward;naar voren
lawyer;advocaat
present;Cadeau
section;sectie
environmental;milieu
glass;glas
skill;vaardigheid
sister;zus
PM;P.M
professor;professor
operation;operatie
financial;financieel
crime;misdrijf
stage;fase
ok;OK
compare;vergelijken
authority;Gezag
miss;missen
design;ontwerp
sort;soort
act;handelen
ten;tien
knowledge;kennis
gun;pistool
station;station
blue;blauw
strategy;strategie
clearly;duidelijk
discuss;bespreken
indeed;inderdaad
truth;waarheid
song;liedje
example;voorbeeld
democratic;democratisch
check;controleren
environment;omgeving
leg;been
dark;donker
various;verscheidene
rather;liever
laugh;lachen
guess;Raad eens
executive;leidinggevend
prove;bewijzen
hang;hangen
entire;geheel
rock;steen
forget;vergeten
claim;claim
remove;verwijderen
manager;manager
enjoy;genieten van
network;netwerk
legal;legaal
religious;religieus
cold;koud
final;laatste
main;hoofd
science;wetenschap
green;groente
memory;geheugen
card;kaart
above;bovenstaande
seat;zitplaats
cell;cel
establish;vestigen
nice;leuk
trial;proces
expert;deskundige
spring;lente
firm;stevig
Democrat;Democraat
radio;radio-
visit;op bezoek komen
management;beheer
avoid;voorkomen
imagine;stel je voor
tonight;vanavond
huge;enorm
ball;bal
finish;af hebben
yourself;jezelf
theory;theorie
impact;invloed
respond;antwoorden
statement;uitspraak
maintain;onderhouden
charge;aanval
popular;populair
traditional;traditioneel
onto;op
reveal;onthullen
direction;richting
weapon;wapen
employee;medewerker
cultural;cultureel
contain;bevatten
peace;vrede
pain;pijn
apply;van toepassing zijn
measure;meeteenheid
wide;breed
shake;schudden
fly;vlieg
interview;interview
manage;beheren
chair;stoel
fish;vis
particular;bijzonder
camera;camera
structure;structuur
politics;politiek
perform;presteren
bit;beetje
weight;gewicht
suddenly;plotseling
discover;Ontdek
candidate;kandidaat
production;productie
treat;traktatie
trip;reis
evening;avond
affect;beïnvloeden
inside;binnen
conference;conferentie
unit;eenheid
style;stijl
adult;volwassen
worry;zich zorgen maken
range;bereik
mention;noemen
deep;diep
edge;kant
specific;specifiek
writer;auteur
trouble;probleem
necessary;nodig
throughout;gedurende
challenge;uitdaging
fear;angst
shoulder;schouder
institution;instelling
middle;midden-
sea;zee
dream;droom
bar;bar
beautiful;mooi
property;eigendom
instead;in plaats van
improve;verbeteren
stuff;spullen
detail;detail-
method;methode
somebody;iemand
magazine;tijdschrift
hotel;hotel
soldier;soldaat
reflect;reflecteren
heavy;zwaar
sexual;seksueel
bag;tas
heat;warmte
marriage;huwelijk
tough;moeilijk
sing;zingen
surface;oppervlak
purpose;doel
exist;bestaan
pattern;patroon
whom;van wie
skin;huid
agent;tussenpersoon
owner;baasje
machine;machine
gas;gas-
ahead;vooruit
generation;generatie
commercial;reclame
address;adres
cancer;kanker
item;item
reality;realiteit
coach;coach
Mrs;Mvr
yard;tuin
beat;verslaan
violence;geweld
total;totaal
tend;de neiging hebben
investment;investering
discussion;discussie
finger;vinger
garden;tuin
notice;merk op
collection;verzameling
modern;modern
task;taak
partner;partner
positive;positief
civil;civiel
kitchen;keuken
consumer;klant
shot;schot
budget;begroting
wish;wens
painting;schilderen
scientist;wetenschapper
safe;veilig
agreement;overeenkomst
capital;hoofdstad
mouth;mond
nor;noch
victim;slachtoffer
newspaper;krant-
threat;bedreiging
responsibility;verantwoordelijkheid
smile;glimlach
attorney;procureur
score;scoren
account;account
interesting;interessant
audience;publiek
rich;rijk
dinner;diner
vote;stemmen
western;westers
relate;betrekking hebben
travel;reis
debate;debat
prevent;voorkomen
citizen;inwoner
majority;meerderheid
none;geen
front;voorkant
born;geboren
admit;geef toe
senior;senior
assume;aannemen
wind;wind
key;sleutel
professional;professioneel
mission;missie
fast;snel
alone;alleen
customer;klant
suffer;pijn lijden
speech;toespraak
successful;succesvol
option;keuze
participant;deelnemer
southern;zuidelijk
fresh;vers
eventually;eventueel
forest;Woud
video;video-
global;globaal
Senate;Senaat
reform;hervorming
access;toegang
restaurant;restaurant
judge;rechter
publish;publiceren
relation;relatie
release;laat los
bird;vogel
opinion;mening
credit;credit
critical;kritisch
corner;hoek
concerned;bezorgd
recall;herinneren
version;versie
stare;staren
safety;veiligheid
effective;effectief
neighborhood;buurt
original;origineel
troop;troep
income;inkomen
directly;direct
hurt;pijn doen
species;soorten
immediately;direct
track;spoor
basic;basis
strike;staking
sky;lucht
freedom;vrijheid
absolutely;Absoluut
plane;vlak
nobody;niemand
achieve;bereiken
object;object
attitude;houding
labor;arbeid
refer;verwijzen
concept;concept
client;cliënt
powerful;krachtig
perfect;perfect
nine;negen
therefore;daarom
conduct;gedrag
announce;aankondigen
conversation;gesprek
examine;onderzoeken
touch;aanraken
please;alsjeblieft
attend;bijwonen
completely;volledig
variety;verscheidenheid
sleep;slaap
involved;betrokken
investigation;onderzoek
nuclear;nucleair
researcher;onderzoeker
press;druk op
conflict;conflict
spirit;geest
replace;vervangen
British;Brits
encourage;aanmoedigen
argument;argument
camp;kamp
brain;brein
feature;voorzien zijn van
afternoon;middag
AM;BEN
weekend;weekend
dozen;dozijn
possibility;mogelijkheid
insurance;verzekering
department;afdeling
battle;strijd
beginning;begin
date;datum
generally;over het algemeen
African;Afrikaanse
sorry;sorry
crisis;crisis
complete;compleet
fan;fan
stick;stok
define;definiëren
easily;gemakkelijk
hole;gat
element;element
vision;visie
status;toestand
normal;normaal
Chinese;Chinese
ship;schip
solution;oplossing
stone;steen
slowly;langzaam
scale;schaal
university;Universiteit
introduce;voorstellen
driver;bestuurder
attempt;poging
park;park
spot;plek
lack;gebrek
ice;ijs
boat;boot
drink;drankje
sun;zon
distance;afstand
wood;hout
handle;handvat
truck;vrachtwagen
mountain;berg
survey;vragenlijst
supposed;verondersteld
tradition;traditie
winter;winter
village;dorp
Soviet;Sovjet-
refuse;weigeren
sales;verkoop
roll;rollen
communication;communicatie
screen;scherm
gain;verdienen
resident;inwoner
hide;verbergen
gold;goud
club;club
farm;boerderij
potential;potentieel
European;Europese
presence;aanwezigheid
independent;onafhankelijk
district;wijk
shape;vorm geven aan
reader;lezer
Ms;Mevrouw
contract;contract
crowd;menigte
Christian;christelijk
express;uitdrukken
apartment;appartement
willing;gewillig
strength;kracht
previous;vorig
band;band
obviously;duidelijk
horse;paard
interested;geïnteresseerd
target;doelwit
prison;gevangenis
ride;rijden
guard;bewaker
terms;termen
demand;vraag naar
reporter;verslaggever
deliver;leveren
text;tekst
tool;hulpmiddel
wild;wild
vehicle;voertuig
observe;observeren
flight;vlucht
facility;faciliteit
understanding;begrip
average;gemiddeld
emerge;tevoorschijnkomen
advantage;voordeel
quick;snel
leadership;leiderschap
earn;verdienen
pound;pond
basis;basis
bright;helder
operate;bedienen
guest;gast
sample;steekproef
contribute;bijdrage leveren
tiny;klein
block;blok
protection;bescherming
settle;schikken
feed;voer
collect;verzamelen
additional;aanvullend
highly;zeer
identity;identiteit
title;titel
mostly;grotendeels
lesson;les
faith;vertrouwen
river;rivier
promote;promoten
living;levend
count;graaf
unless;tenzij
marry;trouwen
tomorrow;morgen
technique;techniek
path;pad
ear;oor
shop;winkel
folk;volk
principle;beginsel
survive;overleven
lift;tillen
border;grens
competition;wedstrijd
jump;springen
gather;bijeenkomen
limit;begrenzing
fit;fit
cry;schreeuw
equipment;apparatuur
worth;waard
associate;associëren
critic;criticus
warm;warm
aspect;aspect
insist;volharden
failure;mislukking
annual;jaarlijks
French;Frans
Christmas;Kerstmis
comment;opmerking
responsible;aansprakelijk
affair;affaire
procedure;procedure
regular;normaal
spread;verspreiding
chairman;Voorzitter
baseball;basketbal
soft;zacht
ignore;negeren
egg;ei
belief;geloof
demonstrate;tonen
anybody;iemand
murder;moord
gift;geschenk
religion;geloof
review;opnieuw bekijken
editor;editor
engage;engageren
coffee;koffie
document;document
speed;snelheid
cross;kruis
influence;invloed hebben
anyway;hoe dan ook
threaten;dreigen
commit;verbinden
female;vrouw
youth;jeugd
wave;Golf
afraid;bang
quarter;kwartaal
background;achtergrond
native;oorspronkelijk
broad;breed
wonderful;prachtig
deny;ontkennen
apparently;blijkbaar
slightly;lichtelijk
reaction;reactie
twice;tweemaal
suit;pak
perspective;perspectief
growing;groeiend
blow;blazen
construction;bouw
intelligence;intelligentie-
destroy;kapot maken
cook;koken
connection;verbinding
burn;brandwond
shoe;schoen
grade;cijfer
context;context
committee;commissie
hey;Hoi
mistake;vergissing
location;plaats
clothes;kleren
Indian;Indisch
quiet;stil
dress;jurk
promise;belofte
aware;bewust
neighbor;buurman
function;functie
bone;bot
active;actief
extend;verlengen
chief;opperhoofd
combine;combineren
wine;wijn
below;onderstaand
cool;koel
voter;kiezer
learning;aan het leren
bus;bus
hell;hel
dangerous;gevaarlijk
remind;herinneren
moral;Moreel
United;Verenigd
category;categorie
relatively;relatief
victory;zege
academic;academisch
Internet;internet
healthy;gezond
negative;negatief
following;volgend
historical;historisch
medicine;geneesmiddel
tour;tour
depend;afhangen
photo;foto
finding;vinden
grab;grijpen
direct;direct
classroom;klas
contact;contact
justice;gerechtigheid
participate;deelnemen
daily;dagelijks
fair;eerlijk
pair;paar-
famous;bekend
exercise;oefening
knee;knie
flower;bloem
tape;plakband
hire;arbeidskracht
familiar;bekend
appropriate;gepast
supply;levering
fully;ten volle
actor;acteur
birth;geboorte
search;zoeken
tie;binden
democracy;democratie
eastern;oostelijk
primary;primair
yesterday;gisteren
circle;cirkel
device;apparaat
progress;voortgang
bottom;onderkant
island;eiland
exchange;aandelenbeurs
clean;schoon
studio;studio
train;trein
lady;dame
colleague;collega
application;sollicitatie
neck;nek
lean;slank
damage;schade
plastic;plastic
tall;hoog
plate;bord
hate;een hekel hebben aan
otherwise;anders
writing;schrijven
male;mannelijk
alive;in leven
expression;uitdrukking
football;Amerikaans voetbal
intend;van plan zijn
chicken;kip
army;leger
abuse;misbruik
theater;theater
shut;dicht
map;kaart
extra;extra
session;sessie
danger;Gevaar
welcome;welkom
domestic;huiselijk
lots;veel
literature;literatuur
rain;regenen
desire;wens
assessment;beoordeling
injury;blessure
respect;respect
northern;noordelijk
nod;knikken
paint;verf
fuel;brandstof
leaf;blad
dry;droog
Russian;Russisch
instruction;instructie
pool;zwembad
climb;beklimmen
sweet;zoet
engine;motor
fourth;vierde
salt;zout
expand;uitbreiden
importance;belang
metal;metaal
fat;dik
ticket;ticket
software;software
disappear;verdwijnen
corporate;zakelijk
strange;vreemd
lip;lip-
reading;lezing
urban;stedelijk
mental;mentaal
increasingly;in toenemende mate
lunch;lunch
educational;leerzaam
somewhere;ergens
farmer;boer
sugar;suiker
planet;planeet
favorite;favoriet
explore;ontdekken
obtain;verwerven
enemy;vijand
greatest;beste
complex;complex
surround;omringen
athlete;atleet
invite;nodig uit
repeat;herhalen
carefully;voorzichtig
soul;ziel
scientific;wetenschappelijk
impossible;onmogelijk
panel;paneel
meaning;betekenis
mom;mama
married;getrouwd
instrument;instrument
predict;voorspellen
weather;het weer
presidential;presidentieel
emotional;emotioneel
commitment;inzet
Supreme;opperste
bear;beer
pocket;zak-
thin;dun
temperature;temperatuur-
surprise;verrassing
poll;opiniepeiling
proposal;voorstel
consequence;gevolg
breath;adem
sight;zicht
balance;evenwicht
adopt;adopteren
minority;minderheid
straight;Rechtdoor
connect;aansluiten
works;werken
teaching;onderwijs
belong;behoren
aid;hulp
advice;het advies
okay;Oke
photograph;fotograaf
empty;leeg
regional;regionaal
trail;pad
novel;roman
code;code
somehow;op de een of andere manier
organize;organiseren
jury;jury
breast;borst
Iraqi;Irakees
acknowledge;erkennen
theme;thema
storm;storm
union;unie
desk;bureau
thanks;Met dank
fruit;fruit
expensive;duur
yellow;geel
conclusion;conclusie
prime;priemgetal
shadow;schaduw
struggle;strijd
conclude;concluderen
analyst;analist
dance;dans
regulation;regulatie
being;het zijn
ring;ring
largely;grotendeels
shift;verschuiving
revenue;omzet
mark;markering
locate;bevind zich
county;district
appearance;uiterlijk
package;pakket
difficulty;moeilijkheid
bridge;brug
recommend;adviseren
obvious;voor de hand liggend
basically;in principe
e-mail;e-mail
generate;genereren
anymore;meer
propose;voorstellen
thinking;denken
possibly;mogelijk
trend;trend
visitor;bezoeker
loan;lening
currently;momenteel
comfortable;comfortabel
investor;investeerder
profit;winst
angry;boos
crew;bemanning
accident;ongeluk
meal;maaltijd
hearing;horen
traffic;verkeer
muscle;spier
notion;begrip
capture;vastleggen
prefer;verkiezen
truly;werkelijk
earth;aarde
Japanese;Japans
chest;borst
thick;dik
cash;contant geld
museum;museum
beauty;schoonheid
emergency;noodgeval
unique;uniek
internal;intern
ethnic;etnisch
link;koppeling
stress;spanning
content;inhoud
select;selecteer
root;wortel
nose;neus
declare;verklaren
appreciate;op prijs stellen
actual;feitelijk
bottle;fles
hardly;nauwelijks
setting;instelling
launch;launch
file;het dossier
sick;ziek
outcome;resultaat
ad;advertentie
defend;verdedigen
duty;plicht
sheet;vel
ought;zou moeten
ensure;ervoor zorgen
Catholic;katholiek
extremely;extreem
extent;mate waarin
component;onderdeel
mix;mengen
long-term;langetermijn
slow;langzaam
contrast;contrast
zone;zone
wake;wakker worden
airport;luchthaven
brown;bruin
shirt;shirt
pilot;piloot
warn;waarschuwen
ultimately;uiteindelijk
cat;kat
contribution;bijdrage
capacity;capaciteit
ourselves;onszelf
estate;landgoed
guide;gids
circumstance;omstandigheid
snow;sneeuw
English;Engels
politician;politicus
steal;stelen
pursue;na te streven
slip;uitglijden
percentage;percentage
meat;vlees
funny;grappig
neither;geen van beide
soil;bodem
surgery;chirurgie
correct;juist
Jewish;joods
blame;schuld geven
estimate;schatting
due;vanwege
basketball;basketbal
golf;golf
investigate;onderzoeken
crazy;gek
significantly;aanzienlijk
chain;ketting
branch;tak
combination;combinatie
frequently;vaak
governor;gouverneur
relief;Verlichting
user;gebruiker
dad;pa
kick;trap
manner;manier
ancient;oud
silence;stilte
rating;beoordeling
golden;gouden
motion;beweging
German;Duits
gender;geslacht
solve;oplossen
fee;tarief
landscape;landschap
used;gebruikt
bowl;schaal
equal;Gelijk
forth;voorwaarts
frame;kader
typical;typisch
except;behalve
conservative;conservatief
eliminate;verwijderen
host;gastheer
hall;hal
trust;vertrouwen
ocean;oceaan
row;rij
producer;producent
afford;veroorloven
meanwhile;in de tussentijd
regime;regime
division;divisie
confirm;bevestigen
fix;repareren
appeal;hoger beroep
mirror;spiegel
tooth;tand
smart;slim
length;lengte
entirely;geheel
rely;bouwen op
topic;onderwerp
complain;klagen
variable;variabele
telephone;telefoon
perception;perceptie
attract;aantrekken
confidence;vertrouwen
bedroom;slaapkamer
secret;geheim
debt;schuld
rare;bijzonder
tank;tank
nurse;verpleegster
coverage;Dekking
opposition;oppositie
aside;terzijde
anywhere;overal
bond;verbintenis
pleasure;genoegen
master;meester
era;tijdperk
requirement;vereiste
fun;plezier
expectation;verwachting
wing;vleugel
separate;verschillend
somewhat;iets
pour;voor
stir;roeren
judgment;oordeel
beer;bier
reference;referentie
tear;traan
doubt;twijfel
grant;studiebeurs
seriously;ernstig
minister;minister
totally;helemaal
hero;held
industrial;industrieel
cloud;wolk
stretch;rekken
winner;winnaar
volume;volume
seed;zaad
surprised;verrast
fashion;mode
pepper;peper
busy;druk
intervention;interventie
copy;kopiëren
tip;tip
cheap;goedkoop
aim;doel
cite;citeren
welfare;welzijn
vegetable;groente
gray;grijs
dish;gerecht
beach;strand
improvement;verbetering
everywhere;overal
opening;opening
overall;algemeen
divide;verdeling
initial;voorletter
terrible;verschrikkelijk
oppose;zich verzetten tegen
contemporary;hedendaags
route;route
multiple;meerdere
essential;essentieel
league;liga
criminal;crimineel
careful;voorzichtig
core;kern
upper;bovenste
rush;stormloop
necessarily;nodig
specifically;specifiek
tired;moe
employ;dienst
holiday;vakantie
vast;uitgestrekt
resolution;oplossing
household;huishouden
fewer;minder
abortion;abortus
apart;deel
witness;getuige
match;wedstrijd
barely;amper
sector;sector
representative;vertegenwoordiger
beneath;onder
beside;Daarnaast
incident;incident
limited;beperkt
proud;trots
flow;stromen
faculty;faculteit
increased;is gestegen
waste;afval
merely;louter
mass;massa-
emphasize;benadrukken
experiment;experiment
definitely;Vast en zeker
bomb;bom
enormous;enorm
tone;toon
liberal;liberaal
massive;enorm
engineer;ingenieur
wheel;wiel
decline;afwijzen
invest;investeren
cable;kabel
towards;naar
expose;blootleggen
rural;landelijk
AIDS;AIDS
Jew;Of
narrow;smal
cream;room
secretary;secretaris
gate;poort
solid;stevig
hill;heuvel
typically;typisch
noise;lawaai
grass;gras
unfortunately;Helaas
hat;Heeft
legislation;wetgeving
succeed;slagen
celebrate;vieren
achievement;prestatie
fishing;vissen
accuse;beschuldigen
useful;bruikbaar
reject;afwijzen
talent;talent
taste;smaak
characteristic;karakteristiek
milk;melk
escape;ontsnappen
cast;vorm
sentence;zin
unusual;ongebruikelijk
closely;nauw
convince;overtuigen
height;hoogte
physician;arts
assess;schatten
plenty;veel
virtually;virtueel
addition;toevoeging
sharp;scherp
creative;creatief
lower;lager
approve;goedkeuren
explanation;uitleg
gay;homo
campus;campus
proper;juist
guilty;schuldig
acquire;verwerven
compete;concurreren
technical;technisch
plus;plus
immigrant;immigrant
weak;zwak
illegal;onwettig
hi;hoi
alternative;alternatief
interaction;interactie
column;kolom
personality;persoonlijkheid
signal;signaal
curriculum;leerplan
honor;eer
passenger;passagier
assistance;bijstand
forever;voor altijd
regard;groet
Israeli;Israëlisch
association;vereniging
twenty;twintig
knock;klop
wrap;wrap
lab;laboratorium
display;Scherm
criticism;kritiek
asset;Bedrijfsmiddel
depression;depressie
spiritual;spiritueel
musical;muzikaal
journalist;journalist
prayer;gebed
suspect;verdachte
scholar;geleerde
warning;waarschuwing
climate;klimaat
cheese;kaas
observation;observatie
childhood;jeugd
payment;betaling
sir;meneer
permit;vergunning
cigarette;sigaret
definition;definitie
priority;prioriteit
bread;brood
creation;schepping
graduate;afstuderen
request;verzoek
emotion;emotie
scream;schreeuw
dramatic;dramatisch
universe;universum
gap;gat
excellent;uitstekend
deeply;diep
prosecutor;aanklager
lucky;gelukkig
drag;sleuren
airline;luchtvaartmaatschappij
library;bibliotheek
agenda;agenda
recover;herstellen
factory;fabriek
selection;selectie
primarily;in de eerste plaats
roof;dak
unable;niet in staat
expense;kosten
initiative;initiatief
diet;eetpatroon
arrest;arresteren
funding;financiering
therapy;therapie
wash;wassen
schedule;schema
sad;verdrietig
brief;kort
housing;huisvesting
post;na
purchase;aankoop
existing;bestaande
steel;staal
regarding;met betrekking tot
shout;roepen
remaining;overig
visual;visueel
fairly;eerlijk
chip;chip
violent;gewelddadig
silent;stil
suppose;stel dat
self;zelf
bike;fiets
tea;thee
perceive;gadeslaan
comparison;vergelijking
settlement;nederzetting
layer;laag
planning;planning
description;Omschrijving
slide;dia
widely;op grote schaal
wedding;bruiloft
inform;informeren
portion;deel
territory;grondgebied
immediate;onmiddellijk
opponent;tegenstander
abandon;in de steek laten
lake;meer
transform;transformeren
tension;spanning
leading;leidend
bother;storen
consist;bestaan uit
alcohol;alcohol
enable;inschakelen
bend;kromming
saving;besparing
desert;woestijn
shall;zullen
error;fout
cop;politieagent
Arab;Arabisch
double;dubbele
sand;zand
Spanish;Spaans
print;afdrukken
preserve;beschermen
passage;passage
formal;formeel
transition;overgang
existence;bestaan
album;album
participation;deelname
arrange;afspreken
atmosphere;atmosfeer
joint;gewricht
reply;antwoord
cycle;fiets
opposite;tegenovergestelde
lock;op slot doen
deserve;verdien
consistent;consequent
resistance;weerstand
discovery;ontdekking
exposure;blootstelling
pose;houding
stream;stroom
sale;uitverkoop
pot;pot
grand;groots
mine;de mijne
hello;Hallo
coalition;coalitie
tale;verhaal
knife;mes
resolve;oplossen
racial;ras-
phase;fase
joke;grap
coat;jas
Mexican;Mexicaans-
symptom;symptoom
manufacturer;fabrikant
philosophy;filosofie
potato;aardappel
foundation;fundament
quote;citaat
online;online
negotiation;onderhandeling
urge;drang
occasion;gelegenheid
dust;stof
breathe;ademen
elect;kiezen
investigator;onderzoeker
jacket;jasje
glad;blij
ordinary;normaal
reduction;vermindering
rarely;zelden
pack;inpakken
suicide;zelfmoord
numerous;talrijk
substance;substantie
discipline;discipline
elsewhere;ergens anders
iron;ijzer
practical;praktisch
moreover;bovendien
passion;passie
volunteer;vrijwilliger
implement;implementeren
essentially;eigenlijk
gene;gen
enforcement;handhaving
vs;vs
sauce;saus
independence;onafhankelijkheid
marketing;marketing
priest;priester
amazing;geweldig
intense;intens
advance;voorschot
employer;werkgever
shock;schok
inspire;inspireren
adjust;aanpassen
retire;met pensioen gaan
visible;zichtbaar
kiss;kus
illness;ziekte
cap;pet
habit;gewoonte
competitive;concurrerend
juice;sap
congressional;congres
involvement;betrokkenheid
dominate;domineren
previously;eerder
whenever;wanneer dan ook
transfer;overdracht
analyze;analyseren
attach;bijvoegen
disaster;ramp
parking;parkeren
prospect;verwachting
boss;baas
complaint;klacht
championship;kampioenschap
fundamental;fundamenteel
severe;erge, ernstige
enhance;uitbreiden
mystery;mysterie
impose;opleggen
poverty;armoede
entry;binnenkomst
spending;uitgaven
king;koning
evaluate;evalueren
symbol;symbool
maker;maker
mood;stemming
accomplish;bereiken
emphasis;nadruk
illustrate;illustreren
boot;laars
monitor;monitor
Asian;Aziatisch
entertainment;amusement
bean;Boon
evaluation;evaluatie
creature;schepsel
commander;commandant
digital;digitaal
arrangement;regeling
concentrate;concentreren
usual;normaal
anger;woede
psychological;psychologisch
heavily;zwaar
peak;piek
approximately;ongeveer
increasing;toenemend
disorder;wanorde
missile;raket
equally;even
vary;variëren
wire;draad
round;ronde
distribution;verdeling
transportation;vervoer
holy;heilig
twin;tweeling
command;opdracht
commission;commissie
interpretation;interpretatie
breakfast;ontbijt
strongly;sterk
engineering;engineering
luck;geluk
so-called;zogenaamd
constant;constante
clinic;kliniek
veteran;veteraan
smell;geur
tablespoon;eetlepel
capable;geschikt
nervous;zenuwachtig
tourist;toerist
toss;toss
crucial;cruciaal
bury;begraven
pray;bidden
tomato;tomaat
exception;uitzondering
butter;boter
deficit;tekort
bathroom;badkamer
objective;doelstelling
electronic;elektronisch
ally;steeg
journey;reis
reputation;reputatie
mixture;mengsel
surely;zeker
tower;toren
smoke;rook
confront;confronteren
pure;zuiver
glance;oogopslag
dimension;dimensie
toy;speelgoed-
prisoner;gevangene
fellow;vakgenoot
smooth;zacht
nearby;dichtbij
peer;gelijke
designer;ontwerper
personnel;personeel
educator;opvoeder
relative;familielid
immigration;immigratie
belt;riem
teaspoon;theelepel
birthday;verjaardag
implication;implicatie
perfectly;perfect
coast;kust
supporter;supporter
accompany;begeleiden
silver;zilver
teenager;tiener
recognition;herkenning
retirement;pensioen
flag;vlag
recovery;herstel
whisper;fluisteren
gentleman;heer
corn;maïs
moon;maan
inner;innerlijk
junior;junior
throat;keel
salary;salaris
swing;schommel
observer;waarnemer
publication;publicatie
crop;Bijsnijden
dig;jij
permanent;permanent
phenomenon;fenomeen
anxiety;ongerustheid
unlike;in tegenstelling tot
wet;nat
literally;letterlijk
resist;weerstand bieden
convention;conventie
embrace;omarmen
assist;helpen
exhibition;tentoonstelling
construct;construeren
viewer;kijker
pan;pan
consultant;consultant
administrator;beheerder
occasionally;af en toe
mayor;burgemeester
consideration;overweging
CEO;Directeur
secure;zeker
pink;roze
buck;bok
historic;historisch
poem;gedicht
grandmother;grootmoeder
bind;binden
fifth;vijfde
constantly;constant
enterprise;onderneming
favor;gunst
testing;testen
stomach;maag
apparent;klaarblijkelijk
weigh;wegen
install;installeren
sensitive;gevoelig
suggestion;suggestie
mail;mail
recipe;recept
reasonable;redelijk
preparation;voorbereiding
wooden;houten
elementary;elementair
concert;concert
aggressive;agressief
FALSE;ONWAAR
intention;intentie
channel;kanaal
extreme;extreem
tube;buis
drawing;tekening
protein;eiwit
quit;ontslag nemen
absence;afwezigheid
Latin;Latijns
rapidly;snel
jail;gevangenis
diversity;diversiteit
honest;eerlijk
Palestinian;Palestijns
pace;tempo
employment;werkgelegenheid
speaker;spreker
impression;indruk
essay;essay
respondent;respondent
giant;reusachtig
cake;taart
historian;historicus
negotiate;onderhandelen
restore;herstellen
substantial;substantieel
pop;knal
specialist;specialist
origin;oorsprong
approval;goedkeuring
quietly;zachtjes
advise;adviseren
conventional;gebruikelijke
depth;diepte
wealth;rijkdom
disability;onbekwaamheid
shell;schelp
criticize;bekritiseren
effectively;effectief
biological;biologisch
onion;ui
deputy;plaatsvervanger
flat;vlak
brand;merk
assure;verzekeren
mad;boos
award;prijs
criteria;criteria
dealer;handelaar
via;via
utility;nutsvoorziening
precisely;precies
arise;opstaan
armed;gewapend
nevertheless;niettemin
highway;snelweg
clinical;klinisch
routine;routine-
wage;salaris
normally;normaal gesproken
phrase;zin
ingredient;ingrediënt
stake;inzet
Muslim;moslim
fiber;vezel
activist;activist
Islamic;islamitisch
snap;snap
terrorism;terrorisme
refugee;vluchteling
incorporate;incorporeren
hip;heup
ultimate;ultieme
switch;schakelaar
corporation;bedrijf
valuable;waardevol
assumption;veronderstelling
gear;versnelling
barrier;barrière
minor;minderjarige
provision;voorraad
killer;moordenaar
assign;toewijzen
gang;bende
developing;ontwikkelen
classic;klassiek
chemical;chemisch
label;label
teen;tiener
index;inhoudsopgave
vacation;vakantie
advocate;pleiten voor
draft;voorlopige versie
extraordinary;uitzonderlijk
heaven;de hemel
rough;ruw
yell;gillen
pregnant;zwanger
distant;afstandelijk
drama;drama
satellite;satelliet
personally;persoonlijk
clock;klok
chocolate;chocola
Italian;Italiaans
Canadian;Canadees
ceiling;plafond
sweep;vegen
advertising;reclame
universal;universeel
spin;draaien
button;knop
bell;klok
rank;rang
darkness;duisternis
clothing;kleding
super;super
yield;opbrengst
fence;schutting
portrait;portret
survival;overleving
roughly;ongeveer
lawsuit;rechtszaak
testimony;getuigenis
bunch;veel
found;gevonden
burden;last
react;Reageer
chamber;kamer
furniture;meubilair
cooperation;medewerking
string;snaar
ceremony;ceremonie
communicate;communiceren
cheek;wang
lost;kwijt
profile;profiel
mechanism;mechanisme
disagree;het oneens zijn
penalty;boete
ie;d.w.z
resort;toevlucht
destruction;verwoesting
unlikely;onwaarschijnlijk
tissue;zakdoek
constitutional;constitutioneel
pant;hijgen
stranger;vreemdeling
infection;infectie
cabinet;kastje
broken;gebroken
apple;appel
electric;elektrisch
proceed;doorgaan
bet;maar
literary;literair
virus;virus
stupid;dom
dispute;onenigheid
fortune;fortuin
strategic;strategisch
assistant;assistent
overcome;overwinnen
remarkable;opmerkelijk
occupy;bezetten
statistics;statistieken
shopping;winkelen
cousin;neef
encounter;ontmoeting
wipe;afvegen
initially;aanvankelijk
blind;Blind
port;haven
electricity;elektriciteit
genetic;genetisch
adviser;adviseur
spokesman;woordvoerder
retain;behouden
latter;laatstgenoemd
incentive;beloning
slave;slaaf
translate;vertalen
accurate;nauwkeurig
whereas;terwijl
terror;terreur
expansion;uitbreiding
elite;elite
Olympic;Olympisch
dirt;aarde
odd;oneven
rice;rijst
bullet;kogel
tight;nauw
Bible;Bijbel
chart;grafiek
solar;zonne-
square;vierkant
concentration;concentratie
complicated;ingewikkeld
gently;voorzichtig
champion;kampioen
scenario;scenario
telescope;telescoop
reflection;reflectie
revolution;revolutie
strip;strip
interpret;interpreteren
friendly;vriendelijk
tournament;toernooi
fiction;fictie
detect;detecteren
tremendous;enorm
lifetime;levenslang
recommendation;aanbeveling
senator;senator
hunting;jacht-
salad;salade
guarantee;garantie
innocent;onschuldig
boundary;grens
pause;pauze
remote;op afstand
satisfaction;tevredenheid
journal;logboek
bench;bank
lover;minnaar
raw;rauw
awareness;bewustzijn
surprising;verrassend
withdraw;terugtrekken
deck;dek
similarly;op dezelfde manier
newly;nieuw
pole;er is geen
testify;getuigen
mode;modus
dialogue;dialoog
imply;impliceren
naturally;van nature
mutual;wederzijds
founder;oprichter
advanced;Geavanceerd
pride;trots
dismiss;afwijzen
aircraft;vliegtuigen
delivery;levering
mainly;voornamelijk
bake;bakken
freeze;bevriezen
platform;platform
finance;financiën
sink;wasbak
attractive;aantrekkelijk
diverse;verschillend
relevant;relevant
ideal;ideaal
joy;vreugde
regularly;regelmatig
working;werkend
singer;zanger
evolve;evolueren
shooting;schieten
partly;gedeeltelijk
unknown;onbekend
offense;belediging
counter;balie
DNA;DNA
potentially;mogelijk
thirty;dertig
justify;verantwoorden
protest;protest
crash;Botsing
craft;ambacht
treaty;verdrag
terrorist;terrorist
insight;in zicht
possess;bezitten
politically;politiek
tap;tik
extensive;uitgebreid
episode;aflevering
swim;zwemmen
tire;band
fault;schuld
loose;loszittend
shortly;binnenkort
originally;oorspronkelijk
considerable;aanzienlijk
prior;voorafgaand
intellectual;intellectueel
assault;overval
relax;kom tot rust
stair;trap
adventure;avontuur
external;extern
proof;een bewijs
confident;zelfverzekerd
headquarters;hoofdkwartier
sudden;plotseling
dirty;vies
violation;overtreding
tongue;tong
license;licentie
shelter;schuilplaats
rub;wrijven
controversy;controverse
entrance;Ingang
properly;naar behoren
fade;vervagen
defensive;defensief
tragedy;tragedie
net;netto-
characterize;karakteriseren
funeral;begrafenis
profession;beroep
alter;wijzigen
constitute;vormen
establishment;vestiging
squeeze;knijpen
imagination;verbeelding
mask;masker
convert;overzetten
comprehensive;uitgebreid
prominent;prominente
presentation;presentatie
regardless;achteloos
load;laden
stable;stal
introduction;invoering
pretend;doen alsof
elderly;ouderen
representation;vertegenwoordiging
deer;hert
split;splitsen
violate;schenden
partnership;vennootschap
pollution;vervuiling
emission;uitstoot
steady;stabiel
vital;van vitaal belang
fate;lot
earnings;verdiensten
oven;oven
distinction;onderscheid
segment;segment
nowhere;nergens
poet;dichter
mere;meer
exciting;spannend
variation;variatie
comfort;comfort
radical;radicaal
adapt;aanpassen
Irish;Iers
honey;honing
correspondent;correspondent
pale;bleek
musician;musicus
significance;betekenis
vessel;schip
storage;opslag
flee;vluchten
mm-hmm;mm-hmm
leather;leer
distribute;distribueren
evolution;evolutie
ill;ziek
tribe;stam
shelf;plank
grandfather;opa
lawn;gazon
buyer;koper
dining;dineren
wisdom;wijsheid
council;raad
vulnerable;kwetsbaar
instance;voorbeeld
garlic;knoflook
capability;vermogen
poetry;poëzie
celebrity;beroemdheid
gradually;geleidelijk
stability;stabiliteit
fantasy;fantasie
scared;bang
plot;verhaallijn
framework;kader
gesture;gebaar
depending;afhankelijk
ongoing;voortdurende
psychology;psychologie
counselor;raadgever
chapter;hoofdstuk
divorce;scheiding
owe;schuldig zijn
pipe;pijp
athletic;atletisch
slight;licht
math;wiskunde
shade;schaduw
tail;staart
sustain;aanhouden
mount;monteren
obligation;verplichting
angle;hoek
palm;palm
differ;verschillen
custom;Op maat
economist;econoom
fifteen;vijftien
soup;soep
celebration;viering
efficient;efficiënt
composition;samenstelling
satisfy;voldoen
pile;stapel
briefly;kort
carbon;koolstof
closer;dichterbij
consume;consumeren
scheme;schema
crack;scheur
frequency;frequentie
tobacco;tabak-
survivor;overlevende
besides;daarnaast
psychologist;psycholoog
wealthy;rijk
galaxy;heelal
given;gegeven
ski;ski
limitation;beperking
trace;spoor
appointment;afspraak
preference;voorkeur
meter;meter
explosion;explosie
publicly;publiekelijk
incredible;ongelooflijk
fighter;vechter
rapid;snel
admission;erkenning
hunter;jager
educate;onderwijzen
painful;pijnlijk
friendship;vriendschap
aide;assistent
infant;zuigeling
calculate;berekenen
fifty;vijftig
rid;ontdoen
porch;portiek
tendency;tendens
uniform;uniform
formation;vorming
scholarship;studiebeurs
reservation;reservering
efficiency;efficiëntie
qualify;kwalificeren
mall;winkelcentrum
derive;afleiden
scandal;schandaal
PC;pc
helpful;behulpzaam
impress;indruk maken
heel;heel
resemble;lijken op
privacy;privacy
fabric;kleding stof
contest;wedstrijd
proportion;proportie
guideline;richtlijn
rifle;geweer-
maintenance;onderhoud
conviction;overtuiging
trick;truc
organic;biologisch
tent;tent
examination;inspectie
publisher;uitgeverij
strengthen;versterken
proposed;voorgesteld
myth;mythe
sophisticated;geavanceerde
cow;koe
etc;enz
standing;staand
asleep;in slaap
tennis;tennis
nerve;zenuw
barrel;loop
bombing;bombardementen
membership;lidmaatschap
ratio;verhouding
menu;menu
controversial;controverseel
desperate;wanhopig
lifestyle;levensstijl
humor;humor
loud;luid
glove;handschoen
sufficient;voldoende
narrative;verhaal
photographer;fotograaf
helicopter;helikopter
modest;bescheiden
provider;aanbieder
delay;vertraging
agricultural;agrarisch
explode;ontploffen
stroke;hartinfarct
scope;domein
punishment;straf
handful;handvol
badly;slecht
horizon;horizon
curious;nieuwsgierig
downtown;centrum
girlfriend;vriendin
prompt;snel
cholesterol;cholesterol
absorb;absorberen
adjustment;aanpassing
taxpayer;belastingbetaler
eager;gretig
principal;voornaam
detailed;gedetailleerd
motivation;motivatie
assignment;opdracht
restriction;beperking
laboratory;laboratorium
workshop;werkplaats
differently;anders
auto;auto
romantic;romantisch
cotton;katoen
motor;motor
sue;aanklagen
flavor;smaak
overlook;overzien
float;vlot
undergo;ondergaan
sequence;reeks
demonstration;demonstratie
jet;Jet
orange;oranje
consumption;consumptie
assert;beweren
blade;blad
temporary;tijdelijk
medication;medicatie
cabin;cabine
bite;beet
edition;bewerken
valley;vallei
yours;de jouwe
pitch;toonhoogte
pine;pijnboom
brilliant;briljant
versus;versus
manufacturing;productie
absolute;absoluut
chef;chef
discrimination;discriminatie
offensive;offensief
boom;boom
register;register
appoint;aanstellen
heritage;erfenis
God;God
dominant;dominant
successfully;met succes
shit;shit
lemon;citroen
hungry;hongerig
wander;dwalen
submit;indienen
economics;economie
naked;naakt
anticipate;anticiperen
nut;noot
legacy;nalatenschap
extension;verlenging
shrug;schouderophalend
battery;accu
arrival;aankomst
legitimate;rechtmatig
orientation;oriëntatie
inflation;inflatie
cope;omgaan met
flame;vlam
cluster;TROS
wound;wond
dependent;afhankelijk
shower;douche
institutional;institutioneel
depict;verbeelden
operating;werkend
flesh;vlees
garage;garage
operator;operator
instructor;instructeur
collapse;instorten
borrow;lenen
furthermore;verder
comedy;komedie
mortgage;hypotheek
sanction;sanctie
civilian;burger
twelve;twaalf
weekly;wekelijks
habitat;leefgebied
grain;korrel
brush;borstel
consciousness;bewustzijn
devote;toewijden
measurement;meting
province;provincie
ease;gemak
seize;grijpen
ethics;ethiek
nomination;voordracht
permission;toestemming
wise;verstandig
actress;actrice
summit;bijeenkomst
acid;zuur
odds;kansen
gifted;begaafd
frustration;frustratie
medium;medium
physically;fysiek
distinguish;onderscheiden
shore;oever
repeatedly;herhaaldelijk
lung;long
running;rennen
distinct;verschillend
artistic;artistiek
discourse;gesprek
basket;mand
ah;Ah
fighting;vechten
impressive;indrukwekkend
competitor;concurrent
ugly;lelijk
worried;bezorgd
portray;portretteren
powder;poeder
ghost;geest
persuade;overhalen
moderate;gematigd
subsequent;volgend
continued;voortgezet
cookie;koekje
carrier;vervoerder
cooking;Koken
frequent;veel voorkomend
ban;verbieden
awful;vreselijk
admire;bewonderen
pet;huisdier
miracle;wonder
exceed;overschrijden
rhythm;ritme
widespread;wijd verspreid
killing;moorden
lovely;lief
sin;zonde
charity;liefdadigheid
script;script
tactic;tactiek
identification;identificatie
transformation;transformatie
everyday;elke dag
headline;kop
venture;onderneming
invasion;invasie
nonetheless;niettemin
adequate;adequaat
piano;piano
grocery;boodschap
intensity;intensiteit
exhibit;expositie
blanket;deken
margin;marge
quarterback;quarterback
mouse;muis
rope;touw
concrete;concreet
prescription;recept
African-American;Afro-Amerikaans
chase;achtervolging
brick;steen
recruit;rekruut
patch;lapje
consensus;overeenstemming
horror;verschrikking
recording;opname
changing;veranderen
painter;schilder
colonial;koloniaal
pie;Bij
sake;rijstwijn
gaze;staren
courage;moed
pregnancy;zwangerschap
swear;zweer
defeat;verlies
clue;aanwijzing
reinforce;versterken
confusion;verwardheid
slice;plak
occupation;bezigheid
dear;lief
coal;steenkool
sacred;heilig
formula;formule
cognitive;cognitief
collective;collectief
exact;exact
uncle;oom
captain;gezagvoerder
sigh;zucht
attribute;attribuut
dare;durven
homeless;dakloos
gallery;galerij
soccer;voetbal
defendant;verweerder
tunnel;tunnel
fitness;fitness
lap;ronde
grave;graf
toe;dan
container;container
virtue;deugd
abroad;Buitenland
architect;architect
dramatically;dramatisch
makeup;verzinnen
inquiry;navraag
rose;roos
surprisingly;verrassend genoeg
highlight;hoogtepunt
decrease;kleiner worden
indication;indicatie
rail;het spoor
anniversary;verjaardag
couch;bank
alliance;alliantie
hypothesis;hypothese
boyfriend;vriend
compose;componeren
mess;troep
legend;legende
regulate;reguleren
adolescent;puber
shine;schijnen
norm;norm
upset;van streek
remark;opmerking
resign;ontslag nemen
reward;beloning
gentle;zacht
related;verwant
organ;orgaan
lightly;licht
concerning;met betrekking tot
invent;uitvinden
laughter;gelach
northwest;Noord West
counseling;begeleiding
receiver;ontvanger
ritual;ritueel
insect;insect
interrupt;onderbreken
salmon;Zalm
trading;handel
magic;magie
superior;superieur
combat;strijden
stem;stang
surgeon;chirurg
acceptable;aanvaardbaar
physics;natuurkunde
rape;verkrachting
counsel;raad
jeans;jeans
hunt;jacht
continuous;continu
log;log
echo;echo
pill;pil
excited;opgewonden
sculpture;beeldhouwwerk
compound;verbinding
integrate;integreren
flour;meel
bitter;bitter
bare;alleen maar
slope;helling
rent;huur
presidency;presidentschap
serving;portie
subtle;subtiel
greatly;enorm
bishop;bisschop
drinking;drinken
acceptance;aanvaarding
pump;pomp
candy;snoep
evil;slecht
pleased;verheugd
medal;medaille
beg;bedelen
sponsor;sponsor
ethical;ethisch
secondary;ondergeschikt
slam;dichtslaan
export;exporteren
experimental;experimenteel
melt;smelten
midnight;middernacht
curve;kromme
integrity;integriteit
entitle;recht geven op
evident;evident
logic;logica
essence;essence
exclude;uitsluiten
harsh;wreed
closet;kast
suburban;voorstad
greet;groeten
interior;interieur
corridor;hal
retail;kleinhandel
pitcher;werper
march;maart
snake;slang
excuse;excuus
weakness;zwakheid
pig;varken
classical;klassiek
estimated;geschatte
T-shirt;t-shirt
unemployment;werkloosheid
civilization;beschaving
fold;vouwen
reverse;achteruit
missing;missend
correlation;correlatie
humanity;de mensheid
flash;flash
developer;ontwikkelaar
reliable;betrouwbaar
excitement;spanning
beef;rundvlees
Islam;Islam
Roman;Romeins
architecture;architectuur
occasional;af en toe
administrative;administratief
elbow;elleboog
deadly;dodelijk
Hispanic;Spaans
allegation;bewering
confuse;verwarren
airplane;vliegtuig
monthly;maandelijks
duck;eend
dose;dosis
Korean;Koreaans
plead;pleiten
initiate;initiëren
lecture;lezing
van;van
sixth;zesde
bay;baai
mainstream;mainstream
suburb;voorstad
sandwich;broodje
trunk;kofferbak
rumor;gerucht
implementation;implementatie
swallow;slikken
motivate;motiveren
render;veroorzaken
longtime;lange tijd
trap;val
restrict;beperken
cloth;lap
seemingly;schijnbaar
legislative;wetgevend
effectiveness;effectiviteit
enforce;afdwingen
lens;lens
inspector;inspecteur
lend;lenen
plain;vlak
fraud;fraude
companion;metgezel
contend;strijden
nail;nagel
array;reeks
strict;streng
assemble;monteren
frankly;eerlijk gezegd
rat;Rat
hay;leuk
hallway;gang
cave;grot
inevitable;onvermijdbaar
southwest;zuidwesten
monster;monster
unexpected;niet verwacht
obstacle;obstakel
facilitate;vergemakkelijken
rip;Rust in vrede
herb;kruid
overwhelming;overweldigend
integration;integratie
crystal;kristal
recession;recessie
written;geschreven
motive;motief
flood;overstroming
pen;pen
ownership;eigendom
nightmare;nachtmerrie
inspection;inspectie
supervisor;leidinggevende
consult;raadplegen
arena;arena
diagnosis;diagnose
possession;bezit
forgive;vergeven
consistently;consequent
basement;kelder
drift;drift
drain;droogleggen
prosecution;vervolging
maximum;maximum
announcement;Aankondiging
warrior;strijder
prediction;voorspelling
bacteria;bacteriën
questionnaire;vragenlijst
mud;modder
infrastructure;infrastructuur
hurry;haast je
privilege;voorrecht
temple;tempel
outdoor;buitenshuis
suck;zuigen
and/or;en/of
broadcast;uitzending
re;met betrekking tot
leap;sprong
random;willekeurig
wrist;pols
curtain;gordijn
pond;vijver
domain;domein
guilt;schuld
cattle;vee
walking;wandelen
playoff;play-off
minimum;minimum
fiscal;fiscale
skirt;rok
dump;dumpen
hence;Vandaar
database;database
uncomfortable;ongemakkelijk
execute;uitvoeren
limb;ledemaat
ideology;ideologie
tune;afstemmen
continuing;doorgaan
harm;leed
railroad;spoorweg
endure;volhouden
radiation;straling
horn;Hoorn
chronic;chronisch
peaceful;vredevol
innovation;innovatie
strain;deformatie
guitar;gitaar
replacement;vervanging
behave;gedragen
administer;beheren
simultaneously;tegelijkertijd
dancer;danser
amendment;wijziging
pad;pad
transmission;overdragen
await;wachten
retired;met pensioen
trigger;trekker
spill;morsen
grateful;dankbaar
grace;elegantie
virtual;virtueel
colony;kolonie
adoption;adoptie
indigenous;inheems
closed;gesloten
convict;veroordelen
towel;handdoek
modify;bewerken
particle;deeltje
prize;prijs
landing;landen
boost;boost
bat;een
alarm;alarm
festival;festival
grip;greep
weird;vreemd
undermine;ondermijnen
freshman;eerstejaars
sweat;zweet
outer;buitenste
drunk;dronken
separation;scheiding
traditionally;traditioneel
govern;regeren
southeast;zuidoosten
intelligent;intelligent
wherever;waar dan ook
ballot;stembiljet
rhetoric;retoriek
convinced;overtuigd
driving;het rijden
vitamin;vitamine
enthusiasm;enthousiasme
accommodate;accommoderen
praise;loven
injure;verwonden
wilderness;wildernis
endless;eindeloos
mandate;mandaat
respectively;respectievelijk
uncertainty;onzekerheid
chaos;chaos
mechanical;mechanisch
canvas;canvas
forty;veertig
lobby;lobby
profound;diepgaand
format;formaat
trait;karaktereigenschap
currency;munteenheid
turkey;kalkoen
reserve;reserveren
beam;straal
astronomer;astronoom
corruption;corruptie
contractor;aannemer
apologize;verontschuldigen
doctrine;leer
genuine;oprecht
thumb;duim
unity;eenheid
compromise;compromis
horrible;vreselijk
behavioral;gedragsmatig
exclusive;exclusief
scatter;verstrooien
commonly;algemeen
convey;overdragen
twist;twist
complexity;complexiteit
fork;vork
disk;schijf
relieve;verlichten
suspicion;verdenking
health-care;gezondheidszorg
residence;residentie
shame;schaamte
meaningful;betekenisvol
sidewalk;stoep
Olympics;Olympische Spelen
technological;technologisch
signature;handtekening
pleasant;prettig
wow;wauw
suspend;opschorten
rebel;rebel
frozen;bevroren
spouse;echtgenoot
fluid;vloeistof
pension;pensioen
resume;cv
theoretical;theoretisch
sodium;natrium
promotion;Promotie
delicate;delicaat
forehead;voorhoofd
rebuild;herbouwen
bounce;stuiteren
electrical;elektrisch
hook;haak
detective;detective
traveler;reiziger
click;Klik
compensation;een vergoeding
exit;Uitgang
attraction;aantrekkingskracht
dedicate;wijden
altogether;allemaal samen
pickup;oppakken
carve;uitsnijden
needle;naald-
belly;buik
scare;laten schrikken
portfolio;portefeuille
shuttle;shuttle
invisible;onzichtbaar
timing;timing
engagement;verloving
ankle;enkel
transaction;transactie
rescue;redden
counterpart;tegenhanger
historically;historisch gezien
firmly;stevig
mild;mild
rider;rijder
doll;pop
noon;middag
amid;te midden van
identical;identiek
precise;nauwkeurig
anxious;gespannen
structural;structureel
residential;residentieel
diagnose;diagnostiseren
carbohydrate;koolhydraat
liberty;vrijheid
poster;poster
theology;theologie
nonprofit;non-profit
crawl;kruipen
oxygen;zuurstof
handsome;knap
sum;som
provided;mits
businessman;zakenman
promising;veelbelovend
conscious;bij bewustzijn
determination;bepaling
donor;donateur
hers;de hare
pastor;pastoor
jazz;jazz-
opera;opera
acquisition;acquisitie
pit;pit
hug;knuffel
wildlife;dieren in het wild
punish;straffen
equity;eigen vermogen
doorway;deuropening
departure;vertrek
elevator;lift
teenage;tiener-
guidance;de begeleiding
happiness;geluk
statue;standbeeld
pursuit;nastreven
repair;reparatie
decent;redelijk
gym;Sportschool
oral;oraal
clerk;griffier
envelope;envelop
reporting;verslaglegging
destination;bestemming
fist;vuist
endorse;aanbevelen
exploration;exploratie
generous;genereus
bath;bad
thereby;daarbij
indicator;indicator
sunlight;zonlicht
feedback;feedback
spectrum;spectrum
purple;Purper
laser;laser
bold;vetgedrukt
reluctant;ze aarzelen
starting;beginnend
expertise;expertise
practically;praktisch
eating;aan het eten
hint;hint
sharply;scherp
parade;optocht
realm;rijk
cancel;annuleren
blend;mengen
therapist;therapeut
peel;Pel
pizza;pizza
recipient;ontvanger
hesitate;aarzelen
flip;omdraaien
accounting;boekhouding
bias;vooroordeel
huh;huh
metaphor;metafoor
candle;kaars
judicial;gerechtelijk
entity;entiteit
suffering;lijden
full-time;full time
lamp;lamp
garbage;afval
servant;bediende
regulatory;regelgevend
diplomatic;diplomatiek
elegant;elegant
reception;ontvangst
vanish;verdwijnen
automatically;automatisch
chin;kin
necessity;noodzaak
confess;toegeven
racism;racisme
starter;beginner
banking;bankieren
casual;gewoontjes
gravity;zwaartekracht
enroll;inschrijven
diminish;verminderen
prevention;preventie
minimize;minimaliseren
chop;karbonade
performer;uitvoerder
intent;intentie
isolate;isoleren
inventory;voorraad
productive;productief
assembly;bijeenkomst
civic;burgerlijk
silk;zijde
magnitude;grootte
steep;stijl
hostage;gegijzelde
collector;verzamelaar
popularity;populariteit
alien;buitenaards wezen
dynamic;dynamisch
scary;eng
equation;vergelijking
angel;engel
offering;offeren
rage;woede
photography;fotografie
toilet;toilet
disappointed;teleurgesteld
precious;kostbaar
prohibit;verbieden
realistic;realistisch
hidden;verborgen
tender;teder
gathering;bijeenkomst
outstanding;uitstekend
stumble;struikelen
lonely;alleen
automobile;auto-
artificial;kunstmatig
dawn;ochtendgloren
abstract;abstract
descend;afdalen
silly;gek
tide;getij
shared;gedeeld
hopefully;hopelijk
readily;gemakkelijk
cooperate;samenwerken
revolutionary;revolutionair
romance;romantiek
hardware;hardware
pillow;kussen
kit;kit
continent;continent
seal;zegel
circuit;circuit
ruling;uitspraak doen
shortage;tekort
annually;jaarlijks
lately;de laatste tijd
scan;scannen
fool;gek
deadline;deadline
rear;achterkant
processing;verwerken
ranch;boerderij
coastal;kust-
undertake;ondernemen
softly;zacht
burning;brandend
verbal;verbaal
tribal;tribaal
ridiculous;belachelijk
automatic;automatisch
diamond;diamant
credibility;geloofwaardigheid
import;importeren
sexually;seksueel
divine;goddelijk
sentiment;sentiment
cart;winkelwagentje
oversee;toezicht houden op
o'clock;uur
elder;ouderling
pro;pro
inspiration;inspiratie
Dutch;Nederlands
quantity;hoeveelheid
trailer;aanhangwagen
mate;dood
Greek;Grieks
genius;genie
monument;monument
bid;bod
quest;speurtocht
sacrifice;offer
invitation;uitnodiging
accuracy;nauwkeurigheid
juror;jurylid
officially;officieel
broker;makelaar
treasure;schat
loyalty;loyaliteit
talented;getalenteerd
gasoline;benzine
stiff;stijf
output;uitvoer
nominee;genomineerde
extended;verlengd
diabetes;suikerziekte
slap;klap
toxic;giftig
alleged;zogenaamd
jaw;kaak
grief;rouw
mysterious;mysterieus
rocket;raket
donate;doneren
inmate;gevangene
tackle;Onderscheppen
dynamics;dynamiek
bow;boog
ours;De onze
dignity;waardigheid
carpet;tapijt
parental;ouderlijk
bubble;bubbel
buddy;vriend
barn;schuur
sword;zwaard
seventh;zevende
glory;heerlijkheid
tightly;strak
protective;beschermend
tuck;instoppen
drum;trommel
faint;flauwvallen
queen;koningin
dilemma;dilemma
input;invoer
specialize;specialiseren
northeast;noordoosten
shallow;oppervlakkig
liability;aansprakelijkheid
sail;zeil-
merchant;handelaar
stadium;stadion
improved;verbeterd
bloody;verdomd
associated;geassocieerd
withdrawal;opname
refrigerator;koelkast
nest;nest
thoroughly;diepgaand
lane;rijbaan
ancestor;Voorouder
condemn;veroordelen
steam;stoom-
accent;accent
optimistic;optimistisch
unite;verenigen
cage;kooi
equip;uitrusten
shrimp;garnaal
homeland;thuisland
rack;rek
costume;kostuum
wolf;wolf
courtroom;rechtszaal
statute;statuut
cartoon;tekenfilm
productivity;productiviteit
grin;grijns
symbolic;symbolisch
bug;beestje
bless;zegenen
aunt;tante
agriculture;landbouw
hostile;gewelddadig
conceive;voorstellen
combined;gecombineerd
instantly;onmiddellijk
bankruptcy;faillissement
vaccine;vaccin
bonus;bonus
collaboration;samenwerking
mixed;gemengd
opposed;tegengesteld
orbit;baan
grasp;grijpen
patience;geduld
spite;rancune
tropical;tropisch
voting;stemmen
patrol;patrouille
willingness;bereidheid
revelation;openbaring
calm;kalm
jewelry;sieraden
Cuban;Cubaans
haul;lading
concede;toegeven
wagon;wagen
afterward;nadien
spectacular;spectaculair
ruin;ruïneren
sheer;puur
immune;immuun
reliability;betrouwbaarheid
ass;is
alongside;naast
bush;struik
exotic;exotisch
fascinating;fascinerend
clip;klem
thigh;dij
bull;stier
drawer;lade
sheep;schaap
discourage;ontmoedigen
coordinator;coördinator
ideological;ideologisch
runner;hardloper
secular;seculier
intimate;intiem
empire;rijk
cab;taxi
exam;examen
documentary;documentaire
neutral;neutrale
biology;biologie
flexible;flexibel
progressive;progressief
web;web
conspiracy;complot
casualty;slachtoffer
republic;republiek
execution;uitvoering
terrific;geweldig
whale;walvis
functional;functioneel
instinct;instinct
teammate;teamgenoot
aluminum;aluminium
whoever;wie dan ook
ministry;ministerie
verdict;vonnis
instruct;instrueren
skull;schedel
self-esteem;zelfvertrouwen
cooperative;coöperatief
manipulate;manipuleren
bee;bij
practitioner;beoefenaar
loop;lus
edit;Bewerk
whip;zweep
puzzle;puzzel
mushroom;paddestoel
subsidy;subsidie
boil;B&#39; olie
tragic;tragisch
mathematics;wiskunde
mechanic;monteur
jar;kan
earthquake;aardbeving
pork;varkensvlees
creativity;creativiteit
safely;veilig
underlying;onderliggende
dessert;nagerecht
sympathy;sympathie
fisherman;visser
incredibly;ongelooflijk
isolation;isolatie
sock;sok
eleven;elf
sexy;sexy
entrepreneur;ondernemer
syndrome;syndroom
bureau;bureau
workplace;werkplek
ambition;ambitie
touchdown;touchdown
utilize;gebruik maken van
breeze;briesje
costly;duur
ambitious;ambitieus
Christianity;Christendom
presumably;vermoedelijk
influential;invloedrijk
translation;vertaling
uncertain;onzeker
dissolve;oplossen
statistical;statistisch
gut;darm
metropolitan;grootstedelijke
rolling;rollend
aesthetic;stijlvol
spell;spellen
insert;invoegen
booth;kraampje
helmet;helm
waist;taille
expected;verwacht
lion;leeuw
accomplishment;prestatie
royal;Koninklijk
panic;paniek
crush;verbrijzeling
actively;actief
cliff;klif
minimal;minimaal
cord;koord
fortunately;gelukkig
cocaine;cocaïne
illusion;illusie
anonymous;anoniem
tolerate;tolereren
appreciation;waardering
commissioner;commissaris
flexibility;flexibiliteit
instructional;leerzaam
scramble;door elkaar haspelen
casino;casino
tumor;tumor
decorate;versieren
pulse;puls
equivalent;gelijkwaardig
fixed;gemaakt
experienced;ervaren
donation;bijdrage
diary;dagboek
sibling;broer of zus
irony;ironie
spoon;lepel
midst;midden
alley;steeg
interact;interageren
soap;zeep
cute;schattig
rival;rivaal
short-term;korte termijn
punch;ponsen
pin;pin
hockey;hockey
passing;voorbijgaan
persist;volharden
supplier;leverancier
known;bekend
momentum;momentum
purse;tas
shed;schuur
liquid;vloeistof
icon;icoon
elephant;olifant
consequently;bijgevolg
legislature;wetgevende macht
franchise;franchise
correctly;correct
mentally;geestelijk
foster;voeden
bicycle;fiets
encouraging;bemoedigend
cheat;bedriegen
heal;genezen
fever;koorts
filter;filter
rabbit;konijn
coin;munt
exploit;uitbuiten
accessible;beschikbaar
organism;organisme
sensation;gevoel
partially;gedeeltelijk
upstairs;boven
dried;droog
conservation;behoud
shove;duw
backyard;achtertuin
charter;Handvest
stove;fornuis
consent;toestemming
comprise;omvatten
reminder;herinnering
alike;gelijkaardig
placement;plaatsing
dough;deeg
grandchild;kleinkind
dam;dam
reportedly;naar verluidt
well-known;bekend
surrounding;omringend
ecological;ecologisch
outfit;kleding
unprecedented;ongeëvenaard
columnist;columnist
workout;training
preliminary;voorbarig
patent;octrooi
shy;verlegen
trash;afval
disabled;gehandicapt
gross;goor
damn;verdomd
hormone;hormoon
texture;textuur
pencil;potlood
frontier;grens
spray;sprayen
disclose;openbaren
custody;hechtenis
banker;bankier
beast;beest
interfere;onderbreken
oak;eik
eighth;achtste
notebook;notitieboekje
outline;schetsen
attendance;aanwezigheid
speculation;speculatie
uncover;ontdekken
behalf;namens
innovative;vernieuwend
shark;haai
mill;molen
installation;installatie
stimulate;stimuleren
tag;label
vertical;verticaal
swimming;zwemmen
fleet;vloot
catalog;catalogus
outsider;buitenstaander
desperately;wanhopig
stance;houding
compel;dwingen
sensitivity;gevoeligheid
someday;ooit
instant;instant
debut;debuut
proclaim;verkondigen
worldwide;wereldwijd
hike;wandeltocht
required;verplicht
confrontation;confrontatie
colorful;kleurrijk
constitution;grondwet
trainer;trainer
Thanksgiving;Dankzegging
scent;geur
stack;stapelen
eyebrow;wenkbrauw
sack;zak
cease;ophouden
inherit;je erft
tray;dienblad
pioneer;pionier
organizational;organisatorisch
textbook;leerboek
uh;uh
nasty;vervelend
shrink;krimpen
emerging;opkomend
dot;punt
wheat;tarwe
fierce;krachtig
envision;zich voorstellen
rational;rationeel
kingdom;koninkrijk
aisle;gangpad
weaken;verzwakken
protocol;protocol
exclusively;uitsluitend
vocal;vocaal
marketplace;marktplaats
openly;openlijk
unfair;oneerlijk
terrain;terrein
deploy;inzetten
risky;riskant
pasta;pasta
genre;genre
distract;afleiden
merit;verdienste
planner;planner
depressed;depressief
chunk;brok
closest;dichtstbijzijnde
discount;korting
ladder;ladder
jungle;jungle
migration;migratie
breathing;ademen
invade;binnenvallen
hurricane;orkaan
retailer;detailhandelaar
classify;classificeren
coup;staatsgreep
ambassador;ambassadeur
density;dikte
supportive;ondersteunend
curiosity;nieuwsgierigheid
skip;overslaan
aggression;agressie
stimulus;stimulus
journalism;journalistiek
robot;robot
dip;duik
likewise;hetzelfde
informal;informeel
Persian;Perzisch
feather;veerkracht
sphere;gebied
tighten;aanscherpen
boast;opscheppen
pat;hetzelfde
perceived;waargenomen
sole;zool
publicity;publiciteit
unfold;ontvouwen
well-being;welzijn
validity;Geldigheid
ecosystem;ecosysteem
strictly;strikt
partial;gedeeltelijk
collar;halsband
weed;gras
compliance;naleving
streak;streep
supposedly;zogenaamd
added;toegevoegd
builder;bouwer
glimpse;glimp
premise;stelling
specialty;specialiteit
deem;achten
artifact;artefact
sneak;sluipen
monkey;aap
mentor;mentor
two-thirds;tweederde
listener;luisteraar
lightning;bliksem
legally;legaal
sleeve;mouw
disappointment;teleurstelling
disturb;storen
rib;rib
excessive;excessief
high-tech;high Tech
debris;brokstukken
rod;hengel
logical;logisch
ash;as
socially;maatschappelijk
parish;parochie
slavery;slavernij
blank;blanco
commodity;gemeengoed
cure;genezing
mineral;mineraal
hunger;honger
dying;stervende
developmental;ontwikkelingsgericht
faster;sneller
spare;Reserve
halfway;halverwege
equality;gelijkwaardigheid
cemetery;begraafplaats
harassment;Intimidatie
deliberately;opzettelijk
fame;roem
regret;betreuren
striking;opvallend
likelihood;waarschijnlijkheid
carrot;wortel
atop;boven
toll;tol
rim;rand
embarrassed;in verlegenheid gebracht
fucking;neuken
cling;vastklampen
isolated;geïsoleerd
blink;knipperen
suspicious;verdacht
wheelchair;rolstoel
squad;ploeg
eligible;in aanmerking komend
processor;verwerker
plunge;duik
demographic;demografisch
chill;chillen
refuge;toevluchtsoord
steer;sturen
legislator;wetgever
rally;rally
programming;programmeren
cheer;juichen
outlet;uitlaat
intact;intact
vendor;leverancier
thrive;gedijen
peanut;pinda
chew;kauwen
elaborate;uitwijden
conception;conceptie
auction;veiling
steak;steak
comply;voldoen
triumph;triomf
shareholder;aandeelhouder
comparable;vergelijkbaar
transport;vervoer-
conscience;geweten
calculation;berekening
considerably;aanzienlijk
interval;interval
scratch;kras
awake;wakker
jurisdiction;jurisdictie
inevitably;onvermijdelijk
feminist;feministisch
constraint;beperking
emotionally;emotioneel
expedition;expeditie
allegedly;naar men zegt
similarity;gelijkenis
butt;kont
lid;deksel
dumb;dom
bulk;massaal
sprinkle;sprenkelen
mortality;sterfte
philosophical;filosofisch
conversion;conversie
patron;patroon
municipal;gemeentelijk
liver;lever
harmony;harmonie
solely;uitsluitend
tolerance;tolerantie
goat;geit
blessing;zegening
banana;banaan
palace;paleis
formerly;voorheen
peasant;Onderdaan
neat;netjes
grandparent;grootouder
lawmaker;wetgever
supermarket;supermarkt
cruise;cruise
mobile;mobiel
calendar;kalender
widow;weduwe
deposit;borg
beard;baard
brake;rem
screening;screening
impulse;impuls
forbid;verbieden
fur;vacht
brutal;brutaal
predator;roofdier
poke;por
opt;opt
voluntary;vrijwillig
valid;Geldig
forum;forum
dancing;dansen
happily;gelukkig
soar;zweven
removal;verwijdering
autonomy;autonomie
enact;uitvoeren
thread;draad
landmark;mijlpaal
unhappy;ongelukkig
offender;overtreder
coming;komt eraan
privately;privé
fraction;fractie
distinctive;kenmerkend
tourism;toerisme
threshold;drempel
routinely;routinematig
suite;suite
regulator;regelgever
straw;rietje
theological;theologisch
exhaust;uitlaat
globe;wereldbol
fragile;Broos
objection;bezwaar
chemistry;chemie
old-fashioned;oubollig
crowded;druk
blast;ontploffing
prevail;zegevieren
overnight;&#39;s nachts
denial;ontkenning
rental;verhuur
fantastic;fantastisch
fragment;fragment
screw;schroef
warmth;warmte
undergraduate;niet-gegradueerde
headache;hoofdpijn
policeman;politieagent
projection;projectie
suitable;geschikt
graduation;diploma uitreiking
drill;oefening
cruel;wreed
mansion;herenhuis
grape;druif
authorize;toestemming geven
cottage;huisje
driveway;oprit
charm;charme
sexuality;seksualiteit
loyal;loyaal
clay;klei
balloon;ballon
invention;uitvinding
ego;ego
fare;Doen
homework;huiswerk
disc;schijf
sofa;bank
availability;beschikbaarheid
radar;radar
frown;frons
regain;herwinnen
sweater;trui
rehabilitation;revalidatie
rubber;rubber
retreat;toevluchtsoord
molecule;molecuul
freely;vrij
favorable;gunstig
steadily;gestaag
integrated;geïntegreerd
ha;hij heeft
youngster;jongere
premium;premie
accountability;verantwoordelijkheid
overwhelm;overweldigen
one-third;een derde
contemplate;overdenken
update;update
spark;vonk
ironically;ironisch
fatigue;vermoeidheid
speculate;speculeren
marker;markeerstift
preach;prediken
bucket;emmer
blond;blond
confession;bekentenis
provoke;provoceren
marble;marmer
substantially;substantieel
defender;verdediger
explicit;expliciet
disturbing;storend
surveillance;toezicht
magnetic;magnetisch
technician;technicus
mutter;moeder
devastating;verwoestend
depart;vertrekken
arrow;pijl
trauma;trauma
neighboring;naburig
soak;weken
ribbon;lintje
meantime;ondertussen
transmit;zenden
harvest;oogst
consecutive;opeenvolgend
coordinate;coördineren
spy;spion
slot;sleuf
riot;opstand
nutrient;voedingsstof
citizenship;burgerschap
severely;ernstig
sovereignty;soevereiniteit
ridge;bergkam
brave;moedig
lighting;verlichting
specify;specificeren
contributor;bijdrager
frustrate;frustreren
articulate;articuleren
importantly;belangrijk
transit;doorvoer
dense;gespannen
seminar;seminarie
electronics;elektronica
sunny;zonnig
shorts;korte broek
swell;zwellen
accusation;beschuldiging
soften;verzachten
straighten;rechtzetten
terribly;vreselijk
cue;keu
bride;bruid
biography;biografie
hazard;gevaar
compelling;meeslepend
seldom;zelden
tile;tegel
economically;economisch
honestly;eerlijk
troubled;verontrust
twentieth;twintigste
balanced;evenwichtig
foreigner;buitenlander
convenience;gemak
delight;vreugde
weave;weven
timber;hout
till;tot
accurately;nauwkeurig
plea;pleiten
bulb;lamp
flying;vliegend
sustainable;duurzaam
devil;duivel
bolt;bout
cargo;lading
spine;ruggengraat
seller;verkoper
skilled;bekwaam
managing;beheren
marine;marinier
dock;dok
organized;georganiseerd
fog;mist
diplomat;diplomaat
boring;saai
sometime;enige tijd
summary;overzicht
missionary;missionaris
epidemic;epidemie
fatal;fataal
trim;trimmen
warehouse;magazijn
accelerate;versnellen
butterfly;vlinder
bronze;bronzen
drown;verdrinken
inherent;inherent
nationwide;landelijk
spit;spit
kneel;knielen
vacuum;vacuüm
selected;geselecteerd
dictate;dicteren
