the;в
and;а также
have;имеют
that;что
for;за
you;ты
with;с
say;сказать
this;это
they;Oни
but;но
his;его
from;из
not;нет
she;она
as;в качестве
what;какие
their;их
can;Можно
who;кто
get;получить
would;бы
her;ей
all;все
make;делать
about;о
know;знать
will;будут
one;один
time;время
there;там
year;год
think;считать
when;когда
which;который
them;их
some;немного
people;люди
take;брать
out;вне
into;в
just;просто
see;видеть
him;его
your;ваш
come;прийти
could;мог
now;в настоящее время
than;чем
like;как
other;Другой
how;как
then;тогда
its;это
our;наш
two;два
more;более
these;эти
want;хочу
way;путь
look;Смотреть
first;первый
also;также
new;новый
because;потому что
day;день
use;использовать
man;человек
find;найти
here;здесь
thing;вещь
give;дайте
many;много
well;Что ж
only;Только
those;те
tell;сказать
very;очень
even;даже
back;назад
any;Любые
good;хороший
woman;женщина
through;через
life;жизнь
child;ребенок
work;Работа
down;вниз
may;май
after;после
should;должен
call;вызов
world;Мир
over;над
school;школа
still;Все еще
try;пытаться
last;последний
ask;спросить
need;необходимость
too;слишком
feel;Чувствовать
three;три
state;государство
never;никогда
become;стали
between;между
high;высокая
really;В самом деле
something;что-нибудь
most;самый
another;еще один
much;много
family;семья
own;собственный
leave;оставлять
put;помещать
old;старый
while;пока
mean;иметь в виду
keep;хранить
student;ученик
why;Почему
let;позволять
great;большой
same;такой же
big;большой
group;группа
begin;начинать
seem;казаться
country;страна
help;помощь
talk;разговаривать
where;куда
turn;повернуть
problem;проблема
every;каждый
start;Начало
hand;рука
might;мощь
American;американский
show;показывать
part;часть
against;против
place;место
such;такой
again;опять таки
few;несколько
case;кейс
week;неделя
company;Компания
system;система
each;каждый
right;Правильно
program;программа
hear;слышать
question;вопрос
during;в течение
play;играть в
government;правительство
run;бежать
small;маленький
number;количество
off;выключенный
always;всегда
move;шаг
night;ночь
live;жить
Mr;г-н
point;точка
believe;полагать
hold;держать
today;Cегодня
bring;приносить
happen;случаться
next;следующий
without;без
before;до
large;большой
million;миллион
must;должен
home;дом
under;под
water;вода
room;номер
write;записывать
mother;мать
area;область
national;национальный
money;Деньги
story;история
young;молодой
fact;факт
month;месяц
different;другой
lot;много
study;исследование
book;книга
eye;глаз
job;работа
word;слово
though;хотя
business;бизнес
issue;проблема
side;сторона
kind;Добрый
four;четыре
head;глава
far;далеко
black;черный
long;длинная
both;оба
little;маленький
house;дом
yes;да
since;поскольку
provide;предоставлять
service;оказание услуг
around;около
friend;друг
important;важный
father;отец
sit;сидеть
away;прочь
until;до того как
power;сила
hour;час
game;игра
often;довольно часто
yet;пока что
line;линия
political;политический
end;конец
among;среди
ever;Когда-либо
stand;стоять
bad;Плохо
lose;терять
however;Однако
member;член
pay;платить
law;закон
meet;встретиться
car;автомобиль
city;город
almost;почти
include;включают
continue;Продолжать
set;установлен
later;потом
community;сообщество
name;имя
five;пять
once;однажды
white;белый
least;наименее
president;президент
learn;учиться
real;настоящий
change;сдача
team;команда
minute;минута
best;Лучший
several;несколько
idea;идея
kid;ребенок
body;тело
information;Информация
nothing;ничего такого
ago;назад
lead;привести
social;Социальное
understand;понять
whether;будь то
watch;смотреть
together;вместе
follow;следить
parent;родитель
stop;остановка
face;лицо
anything;что-либо
create;Создайте
public;публичный
already;уже
speak;говорить
others;другие
read;читать
level;уровень
allow;разрешать
add;добавлять
office;офис
spend;проводить
door;дверь
health;здоровье
person;человек
art;искусство
sure;Конечно
war;война
history;история
party;партия
within;в пределах
grow;расти
result;результат
open;открытым
morning;утро
walk;ходить
reason;причина
low;низкий
win;победить
research;исследовательская работа
girl;девочка
guy;парень
early;рано
food;еда
moment;момент
himself;сам
air;воздуха
teacher;учитель
force;сила
offer;предложение
enough;достаточно
education;образование
across;через
although;несмотря на то что
remember;запомнить
foot;ступня
second;второй
boy;мальчик
maybe;может быть
toward;к
able;способный
age;возраст
policy;политика
everything;все
love;любовь
process;процесс
music;Музыка
including;включая
consider;рассмотреть возможность
appear;появляться
actually;фактически
buy;купить
probably;вероятно
human;человек
wait;ждать
serve;обслуживать
market;рынок
die;в
send;Отправить
expect;ожидать
sense;смысл
build;строить
stay;остаться
fall;падение
oh;ой
nation;нация
plan;план
cut;резать
college;колледж
interest;интерес
death;смерть
course;курс
someone;кто то
experience;опыт
behind;позади
reach;достигать
local;местный
kill;убийство
six;шесть
remain;оставаться
effect;эффект
yeah;Да
suggest;предложить
class;учебный класс
control;контроль
raise;поднимать
care;забота
perhaps;возможно
late;поздно
hard;жесткий
field;поле
else;еще
pass;проходить
former;бывший
sell;продавать
major;главный
sometimes;иногда
require;требовать
along;вместе
development;разработка
themselves;сами себя
report;отчет
role;роль
better;лучше
economic;экономический
effort;усилие
decide;решать
rate;оценивать
strong;сильный
possible;возможный
heart;сердце
drug;лекарство
leader;лидер
light;легкий
voice;голос
wife;жена
whole;весь
police;полиция
mind;разум
finally;в конце концов
pull;тянуть
return;возвращаться
free;свободно
military;военный
price;цена
less;меньше
according;в соответствии
decision;решение
explain;объяснять
son;сын
hope;надеяться
develop;развивать
view;Посмотреть
relationship;отношение
carry;нести
town;городок
road;Дорога
drive;водить машину
arm;рука
TRUE;ПРАВДА
federal;федеральный
break;ломать
difference;разница
thank;благодарить
receive;Получать
value;ценность
international;Международный
building;строительство
action;действие
full;полный
model;модель
join;присоединиться
season;время года
society;общество
tax;налог
director;директор
position;должность
player;игрок
agree;соглашаться
especially;особенно
record;записывать
pick;выбирать
wear;носить
paper;бумага
special;специальный
space;пространство
ground;земля
form;форма
support;поддерживать
event;мероприятие
official;официальный
whose;чья
matter;иметь значение
everyone;каждый
center;центр
couple;пара
site;сайт
project;проект
hit;хит
base;база
activity;Мероприятия
star;звезда
table;стол
court;корт
produce;производить
eat;есть
teach;учить
oil;масло
half;половина
situation;ситуация
easy;легкий
cost;Стоимость
industry;промышленность
figure;фигура
street;улица
image;изображение
itself;сам
phone;Телефон
either;либо
data;данные
cover;покрытие
quite;довольно
picture;картина
clear;Чисто
practice;упражняться
piece;кусок
land;земельные участки
recent;недавний
describe;описывать
product;товар
doctor;доктор
wall;стена
patient;пациент
worker;рабочий
news;Новости
test;тест
movie;кино
certain;определенный
north;к северу
personal;личный
simply;просто
third;в третьих
technology;технологии
catch;ловить
step;шаг
baby;малыш
computer;компьютер
type;тип
attention;внимание
draw;рисовать
film;фильм
Republican;республиканец
tree;дерево
source;источник
red;красный
nearly;Около
organization;организация
choose;выбирать
cause;причина
hair;волосы
century;век
evidence;доказательство
window;окно
difficult;сложно
listen;Слушать
soon;скоро
culture;культура
billion;миллиард
chance;шанс
brother;брат
energy;энергия
period;период
summer;лето
realize;понимать
hundred;сто
available;доступный
plant;завод
likely;вероятно
opportunity;возможность
term;срок
short;короткая
letter;письмо
condition;условие
choice;выбор
single;не замужем
rule;правило
daughter;дочь
administration;администрация
south;юг
husband;муж
Congress;Конгресс
floor;пол
campaign;кампания
material;материал
population;Население
economy;экономика
medical;медицинский
hospital;больница
church;церковь
close;Закрыть
thousand;тысяча
risk;риск
current;Текущий
fire;Огонь
future;будущее
wrong;неправильный
involve;вовлекать
defense;защита
anyone;кто угодно
increase;увеличивать
security;безопасность
bank;банк
myself;сам
certainly;безусловно
west;запад
sport;спорт
board;доска
seek;стремиться
per;за
subject;предмет
officer;офицер
private;частный
rest;отдыхать
behavior;поведение
deal;иметь дело
performance;производительность
fight;Борьба
throw;бросать
top;Топ
quickly;быстро
past;мимо
goal;Цель
bed;кровать
order;заказ
author;автор
fill;наполнять
represent;представлять
focus;фокус
foreign;иностранный
drop;уронить
blood;кровь
upon;на
agency;агентство
push;толкать
nature;природа
color;цвет
recently;совсем недавно
store;хранить
reduce;уменьшать
sound;звук
note;примечание
fine;отлично
near;около
movement;движение
page;страница
enter;войти
share;Поделиться
common;общий
poor;бедный
natural;естественный
race;гонка
concern;беспокойство
series;серии
significant;значительный
similar;похожий
hot;горячий
language;язык
usually;обычно
response;отклик
dead;мертвых
rise;подниматься
animal;животное
factor;фактор
decade;десятилетие
article;статья
shoot;стрелять
east;восток
save;спасти
seven;Семь
artist;художник
scene;сцена
stock;запас
career;карьера
despite;несмотря на
central;центральный
eight;восемь
thus;таким образом
treatment;лечение
beyond;вне
happy;счастливый
exactly;в яблочко
protect;защищать
approach;подход
lie;ложь
size;размер
dog;собака
fund;фонд
serious;серьезный
occur;происходить
media;СМИ
ready;готовы
sign;знак
thought;мысль
list;список
individual;индивидуальный
simple;просто
quality;качественный
pressure;давление
accept;принимать
answer;отвечать
resource;ресурс
identify;идентифицировать
left;оставил
meeting;встреча
determine;определять
prepare;подготовить
disease;болезнь
whatever;что бы ни
success;успех
argue;спорить
cup;чашка
particularly;особенно
amount;количество
ability;способность
staff;сотрудники
recognize;распознавать
indicate;указывать
character;персонаж
growth;рост
loss;потеря
degree;степень
wonder;удивляться
attack;атака
herself;саму себя
region;область, край
television;телевидение
box;коробка
TV;Телевизор
training;подготовка
pretty;Симпатичная
trade;торговля
election;выборы
everybody;все
physical;физический
lay;класть
general;Генеральная
feeling;чувство
standard;стандартный
bill;законопроект
message;сообщение
fail;потерпеть неудачу
outside;вне
arrive;прибыть
analysis;анализ
benefit;выгода
sex;секс
forward;вперед
lawyer;юрист
present;подарок
section;раздел
environmental;относящийся к окружающей среде
glass;стакан
skill;навык
sister;сестра
PM;ВЕЧЕРА
professor;профессор
operation;операция
financial;финансовый
crime;преступление
stage;сцена
ok;Ok
compare;сравнивать
authority;орган власти
miss;скучать
design;дизайн
sort;Сортировать
act;действовать
ten;10
knowledge;знания
gun;пистолет
station;станция
blue;синий
strategy;стратегия
clearly;четко
discuss;обсуждать
indeed;верно
truth;правда
song;песня
example;пример
democratic;демократический
check;Проверьте
environment;Окружающая среда
leg;нога
dark;темный
various;различный
rather;скорее
laugh;смех
guess;предполагать
executive;должностное лицо
prove;доказывать
hang;вешать
entire;весь
rock;рок
forget;забывать
claim;требовать
remove;удалять
manager;управляющий делами
enjoy;наслаждаться
network;сеть
legal;законный
religious;религиозный
cold;холодно
final;окончательный
main;главный
science;наука
green;зеленый
memory;Память
card;открытка
above;выше
seat;сиденье
cell;клетка
establish;учреждать
nice;отлично
trial;пробный
expert;эксперт
spring;весна
firm;твердый
Democrat;демократ
radio;радио
visit;посещать
management;управление
avoid;избегать
imagine;представить
tonight;сегодня ночью
huge;огромный
ball;мяч
finish;финиш
yourself;самим собой
theory;теория
impact;влияние
respond;реагировать
statement;утверждение
maintain;поддерживать
charge;обвинение
popular;популярный
traditional;традиционный
onto;на
reveal;показывать
direction;направление
weapon;оружие
employee;работник
cultural;культурный
contain;содержать
peace;мир
pain;боль
apply;подать заявление
measure;мера
wide;широкий
shake;встряхнуть
fly;летать
interview;интервью
manage;управлять
chair;стул
fish;рыбы
particular;конкретный
camera;камера
structure;структура
politics;политика
perform;выполнять
bit;кусочек
weight;масса
suddenly;вдруг, внезапно
discover;обнаружить
candidate;кандидат
production;производство
treat;удовольствие
trip;путешествие
evening;вечер
affect;оказывать воздействие
inside;внутри
conference;конференция
unit;Ед. изм
style;стиль
adult;взрослый
worry;волноваться
range;диапазон
mention;упомянуть
deep;глубокий
edge;край
specific;специфический
writer;писатель
trouble;беда
necessary;необходимый
throughout;через
challenge;вызов
fear;страх
shoulder;плечо
institution;учреждение
middle;середина
sea;море
dream;мечтать
bar;бар
beautiful;красивая
property;имущество
instead;вместо
improve;улучшать
stuff;вещи
detail;деталь
method;метод
somebody;кто-то
magazine;журнал
hotel;отель
soldier;солдат
reflect;отражать
heavy;тяжелый
sexual;сексуальный
bag;сумка
heat;нагревать
marriage;свадьба
tough;жесткий
sing;петь
surface;поверхность
purpose;цель
exist;существует
pattern;шаблон
whom;кого
skin;кожа
agent;агент
owner;владелец
machine;машина
gas;газ
ahead;предстоящий
generation;поколение
commercial;коммерческий
address;адрес
cancer;рак
item;вещь
reality;реальность
coach;тренер
Mrs;Миссис
yard;площадка
beat;бить
violence;насилие
total;общий
tend;иметь тенденцию
investment;инвестиции
discussion;обсуждение
finger;Палец
garden;сад
notice;уведомление
collection;коллекция
modern;современный
task;задача
partner;партнер
positive;положительный
civil;гражданский
kitchen;кухня
consumer;потребитель
shot;выстрелил
budget;бюджет
wish;желание
painting;картина
scientist;ученый
safe;Безопасно
agreement;соглашение
capital;столица
mouth;рот
nor;ни
victim;потерпевший
newspaper;газета
threat;угроза
responsibility;обязанность
smile;улыбка
attorney;адвокат
score;счет
account;учетная запись
interesting;интересно
audience;аудитория
rich;богатый
dinner;обед
vote;голосование
western;вестерн
relate;относятся
travel;путешествовать
debate;дебаты
prevent;предотвращать
citizen;гражданин
majority;большинство
none;никто
front;фронт
born;Родился
admit;признавать
senior;старший
assume;предполагать
wind;ветер
key;ключ
professional;профессиональный
mission;миссия
fast;быстро
alone;один
customer;покупатель
suffer;страдать
speech;речь
successful;успешный
option;вариант
participant;участник
southern;южный
fresh;свежий
eventually;в итоге
forest;лес
video;видео
global;Глобальный
Senate;Сенат
reform;реформа
access;доступ
restaurant;ресторан
judge;судить
publish;публиковать
relation;связь
release;выпускать
bird;птица
opinion;мнение
credit;кредит
critical;критический
corner;угол
concerned;обеспокоенный
recall;отзывать
version;версия
stare;глазеть
safety;безопасность
effective;эффективный
neighborhood;район
original;оригинальный
troop;отряд
income;доход
directly;напрямую
hurt;повредить
species;разновидность
immediately;немедленно
track;отслеживать
basic;базовый
strike;забастовка
sky;небо
freedom;свобода
absolutely;абсолютно
plane;самолет
nobody;никто
achieve;достигать
object;объект
attitude;отношение
labor;труд, работа
refer;ссылаться
concept;концепция
client;клиент
powerful;мощный
perfect;идеально
nine;девять
therefore;следовательно
conduct;руководить
announce;объявить
conversation;беседа
examine;исследовать
touch;трогать
please;пожалуйста
attend;посещать
completely;полностью
variety;разнообразие
sleep;спать
involved;вовлеченный
investigation;изучение
nuclear;ядерный
researcher;Исследователь
press;Нажмите
conflict;конфликт
spirit;дух
replace;заменять
British;британский
encourage;поощрять
argument;аргумент
camp;лагерь
brain;мозг
feature;особенность
afternoon;после полудня
AM;ЯВЛЯЮСЬ
weekend;выходные дни
dozen;дюжина
possibility;возможность
insurance;страхование
department;отделение
battle;боевой
beginning;начало
date;свидание
generally;в общем
African;Африканский
sorry;Извините
crisis;кризис
complete;полный
fan;поклонник
stick;палка
define;определять
easily;без труда
hole;отверстие
element;элемент
vision;зрение
status;статус
normal;обычный
Chinese;китайский язык
ship;судно
solution;решение
stone;камень
slowly;медленно
scale;шкала
university;Университет
introduce;вводить
driver;Водитель
attempt;пытаться
park;парк
spot;место
lack;недостаток
ice;лед
boat;лодка
drink;напиток
sun;солнце
distance;расстояние
wood;древесина
handle;справиться
truck;грузовая машина
mountain;гора
survey;опрос
supposed;предполагаемый
tradition;традиция
winter;зима
village;деревня
Soviet;советский
refuse;мусор
sales;продажи
roll;рулон
communication;коммуникация
screen;экран
gain;прирост
resident;житель
hide;Спрятать
gold;золото
club;клуб
farm;ферма
potential;потенциал
European;Европейский
presence;присутствие
independent;независимый
district;округ
shape;форма
reader;читатель
Ms;РС
contract;договор
crowd;толпа
Christian;христианин
express;выражать
apartment;квартира
willing;готовый
strength;прочность
previous;предыдущий
band;группа
obviously;очевидно
horse;лошадь
interested;заинтересован
target;цель
prison;тюрьма
ride;поездка
guard;сторожить
terms;условия
demand;требование
reporter;репортер
deliver;доставлять
text;текст
tool;инструмент
wild;дикий
vehicle;средство передвижения
observe;наблюдать
flight;полет
facility;средство
understanding;понимание
average;средний
emerge;появляться
advantage;преимущество
quick;быстрый
leadership;лидерство
earn;зарабатывать
pound;фунт
basis;основа
bright;яркий
operate;действовать
guest;гость
sample;образец
contribute;делать вклад
tiny;крошечный
block;блокировать
protection;защита
settle;решить
feed;подача
collect;собирать
additional;дополнительный
highly;очень
identity;личность
title;заглавие
mostly;в основном
lesson;урок
faith;вера
river;река
promote;продвигать
living;жизнь
count;считать
unless;пока не
marry;жениться
tomorrow;завтра
technique;техника
path;дорожка
ear;ухо
shop;магазин
folk;народный
principle;принцип
survive;выживать
lift;поднимать
border;граница
competition;конкуренция
jump;Прыжок
gather;собирать
limit;ограничение
fit;поместиться
cry;плакать
equipment;оборудование
worth;стоит
associate;ассоциированный
critic;критик
warm;тепло
aspect;аспект
insist;настаивать
failure;отказ
annual;ежегодный
French;Французский
Christmas;Рождество
comment;комментарий
responsible;ответственный
affair;роман
procedure;процедура
regular;обычный
spread;распространять
chairman;председатель
baseball;бейсбол
soft;мягкий
ignore;игнорировать
egg;яйцо
belief;вера
demonstrate;продемонстрировать
anybody;кто-нибудь
murder;убийство
gift;подарок
religion;религия
review;обзор
editor;редактор
engage;привлекать
coffee;кофе
document;документ
speed;скорость
cross;Пересекать
influence;влияние
anyway;тем не мение
threaten;угрожать
commit;совершить
female;женский
youth;молодежь
wave;волна
afraid;боюсь
quarter;четверть
background;фон
native;родной
broad;широкий
wonderful;замечательно
deny;отказываться от
apparently;по всей видимости
slightly;немного
reaction;реакция
twice;дважды
suit;подходить
perspective;перспектива
growing;растущий
blow;дуть
construction;строительство
intelligence;интеллект
destroy;разрушать
cook;готовить пищу
connection;связь
burn;гореть
shoe;обувь
grade;оценка
context;контекст
committee;комитет
hey;Привет
mistake;ошибка
location;расположение
clothes;одежда
Indian;индийский
quiet;тихо
dress;платье
promise;обещать
aware;осведомленный
neighbor;сосед
function;функция
bone;кость
active;активный
extend;продлевать
chief;главный
combine;комбинировать
wine;вино
below;ниже
cool;Круто
voter;избиратель
learning;обучение
bus;автобус
hell;ад
dangerous;опасный
remind;напоминать
moral;моральный
United;Юнайтед
category;категория
relatively;относительно
victory;победа
academic;академический
Internet;Интернет
healthy;здоровый
negative;отрицательный
following;следующий
historical;исторический
medicine;лекарственное средство
tour;тур
depend;зависеть
photo;Фото
finding;найти
grab;схватить
direct;непосредственный
classroom;школьный класс
contact;контакт
justice;справедливость
participate;принимать участие
daily;повседневная
fair;справедливый
pair;пара
famous;известный
exercise;упражнение
knee;колено
flower;цветок
tape;лента
hire;прокат
familiar;привычный
appropriate;соответствующий
supply;поставлять
fully;от корки до корки
actor;актер
birth;рождение
search;поиск
tie;галстук
democracy;демократия
eastern;восточный
primary;начальный
yesterday;вчерашний день
circle;круг
device;устройство
progress;прогресс
bottom;нижний
island;остров
exchange;обмен
clean;чистый
studio;студия
train;тренироваться
lady;леди
colleague;коллега
application;заявление
neck;шея
lean;худой
damage;наносить ущерб
plastic;пластик
tall;высокий
plate;пластина
hate;ненавидеть
otherwise;в противном случае
writing;пишу
male;мужчина
alive;в живых
expression;выражение
football;футбол
intend;намереваться
chicken;курица
army;армия
abuse;злоупотреблять
theater;театр
shut;закрыть
map;карта
extra;дополнительный
session;сеанс
danger;Опасность
welcome;добро пожаловать
domestic;одомашненный
lots;много
literature;литература
rain;дождь
desire;желание
assessment;оценка
injury;рана
respect;уважать
northern;северный
nod;кивок
paint;краска
fuel;топливо
leaf;лист
dry;сухой
Russian;Русский
instruction;инструкция
pool;бассейн
climb;взбираться
sweet;сладкий
engine;двигатель
fourth;четвертый
salt;соль
expand;расширять
importance;важность
metal;металл
fat;толстый
ticket;проездной билет
software;программного обеспечения
disappear;пропадать
corporate;корпоративный
strange;странный
lip;губа
reading;чтение
urban;городской
mental;психический
increasingly;все больше
lunch;обед
educational;образовательный
somewhere;где-то
farmer;фермер
sugar;сахар
planet;планета
favorite;любимый
explore;исследовать
obtain;получать
enemy;враг
greatest;величайший
complex;сложный
surround;окружать
athlete;спортсмен
invite;приглашать
repeat;повторение
carefully;осторожно
soul;душа
scientific;научный
impossible;невозможно
panel;панель
meaning;значение
mom;Мама
married;женатый
instrument;инструмент
predict;предсказывать
weather;погода
presidential;президентский
emotional;эмоциональный
commitment;обязательство
Supreme;Верховный
bear;медведь
pocket;карман
thin;тонкий
temperature;температура
surprise;сюрприз
poll;опрос
proposal;предложение
consequence;последствие
breath;дыхание
sight;зрение
balance;остаток средств
adopt;усыновить
minority;меньшинство
straight;прямой
connect;соединять
works;работает
teaching;обучение
belong;принадлежать
aid;помогать
advice;совет
okay;хорошо
photograph;фотография
empty;пустой
regional;региональный
trail;тащить
novel;роман
code;код
somehow;как-то
organize;организовать
jury;жюри
breast;грудь
Iraqi;иракский
acknowledge;сознавать
theme;тема
storm;буря
union;союз
desk;стол письменный
thanks;Благодарность
fruit;фрукты
expensive;дорогой
yellow;желтый
conclusion;вывод
prime;основной
shadow;тень
struggle;борьба
conclude;заключить
analyst;аналитик
dance;танец
regulation;регулирование
being;существование
ring;звенеть
largely;во многом
shift;сдвиг
revenue;доход
mark;отметка
locate;найти
county;округ
appearance;внешность
package;упаковка
difficulty;трудность
bridge;мост
recommend;рекомендовать
obvious;очевидный
basically;в принципе
e-mail;Эл. почта
generate;генерировать
anymore;больше
propose;предложить
thinking;мышление
possibly;возможно
trend;тенденция
visitor;посетитель
loan;заем
currently;В данный момент
comfortable;комфортный
investor;инвестор
profit;выгода
angry;злой
crew;экипаж
accident;несчастный случай
meal;еда
hearing;слух
traffic;движение
muscle;мышца
notion;понятие
capture;захватывать
prefer;предпочитать
truly;действительно
earth;земной шар
Japanese;Японский
chest;грудь
thick;толстый
cash;наличные
museum;музей
beauty;красота
emergency;чрезвычайная ситуация
unique;уникальный
internal;внутренний
ethnic;этнический
link;ссылка на сайт
stress;стресс
content;содержание
select;Выбрать
root;корень
nose;нос
declare;объявить
appreciate;ценить
actual;действительный
bottle;бутылка
hardly;едва
setting;параметр
launch;запуск
file;файл
sick;больной
outcome;исход
ad;объявление
defend;защищать
duty;долг
sheet;лист
ought;должен
ensure;гарантировать
Catholic;католик
extremely;очень сильно
extent;степень
component;составная часть
mix;смешивание
long-term;долгосрочный
slow;медленный
contrast;контраст
zone;зона
wake;будить
airport;аэропорт
brown;коричневый
shirt;Рубашка
pilot;пилот
warn;предупреждать
ultimately;в конечном счете
cat;кошка
contribution;вклад
capacity;вместимость
ourselves;сами
estate;имущество
guide;руководство
circumstance;обстоятельство
snow;снег
English;Английский
politician;политик
steal;воровать
pursue;преследовать
slip;соскальзывать
percentage;процент
meat;мясо
funny;смешной
neither;ни один
soil;почвы
surgery;операция
correct;правильный
Jewish;еврей
blame;обвинять
estimate;оценивать
due;в связи
basketball;баскетбол
golf;гольф
investigate;расследовать
crazy;псих
significantly;существенно
chain;цепь
branch;ответвляться
combination;комбинация
frequently;часто
governor;губернатор
relief;рельеф
user;пользователь
dad;папа
kick;пинать
manner;манера
ancient;древний
silence;тишина
rating;рейтинг
golden;золотой
motion;движение
German;Немецкий
gender;Пол
solve;решать
fee;платеж
landscape;пейзаж
used;использовал
bowl;чаша
equal;равный
forth;вперед
frame;Рамка
typical;типичный
except;кроме
conservative;консерватор
eliminate;ликвидировать
host;хозяин
hall;зал
trust;доверять
ocean;океан
row;строка
producer;режиссер
afford;предоставлять
meanwhile;тем временем
regime;режим
division;разделение
confirm;подтверждать
fix;исправить
appeal;обращаться
mirror;зеркало
tooth;зуб
smart;умная
length;длина
entirely;полностью
rely;полагаться
topic;тема
complain;жаловаться
variable;переменная
telephone;телефон
perception;восприятие
attract;привлекать
confidence;уверенность
bedroom;Спальня
secret;секрет
debt;долг
rare;редкий
tank;бак
nurse;медсестра
coverage;покрытие
opposition;оппозиция
aside;в сторону
anywhere;в любом месте
bond;связь
pleasure;удовольствие
master;мастер
era;эпоха
requirement;требование
fun;весело
expectation;ожидание
wing;крыло
separate;отдельный
somewhat;в некотором роде
pour;за
stir;размешать
judgment;суждение
beer;пиво
reference;ссылка
tear;рвать
doubt;сомневаться
grant;грант
seriously;серьезно
minister;министр
totally;полностью
hero;герой
industrial;промышленный
cloud;облако
stretch;протяжение
winner;победитель
volume;объем
seed;семя
surprised;удивлен
fashion;мода
pepper;перец
busy;занятый
intervention;вмешательство
copy;копировать
tip;кончик
cheap;дешевый
aim;цель
cite;цитировать
welfare;благосостояние
vegetable;овощ
gray;серый
dish;блюдо
beach;пляж
improvement;улучшение
everywhere;везде
opening;открытие
overall;общий
divide;разделять
initial;исходный
terrible;ужасный
oppose;выступать против
contemporary;современный
route;маршрут
multiple;несколько
essential;существенный
league;лига
criminal;уголовное
careful;осторожный
core;основной
upper;верхний
rush;порыв
necessarily;обязательно
specifically;конкретно
tired;устала
employ;нанимать
holiday;праздничный день
vast;огромный
resolution;разрешающая способность
household;семья
fewer;меньше
abortion;аборт
apart;отдельно
witness;свидетель
match;соответствие
barely;едва
sector;сектор
representative;представитель
beneath;под
beside;рядом
incident;инцидент
limited;ограничено
proud;гордый
flow;поток
faculty;факультет
increased;вырос
waste;напрасно тратить
merely;просто
mass;масса
emphasize;подчеркивать
experiment;эксперимент
definitely;определенно
bomb;бомбить
enormous;громадный
tone;тон
liberal;либеральный
massive;массивный
engineer;инженер
wheel;рулевое колесо
decline;отклонить
invest;инвестировать
cable;кабель
towards;в направлении
expose;разоблачать
rural;деревенский
AIDS;СПИД
Jew;Или же
narrow;узкий
cream;пломбир
secretary;секретарь
gate;ворота
solid;твердый
hill;холм
typically;обычно
noise;шум
grass;трава
unfortunately;К сожалению
hat;Имеет
legislation;законодательство
succeed;преуспеть
celebrate;праздновать
achievement;достижение
fishing;ловит рыбу
accuse;обвинять
useful;полезный
reject;отклонять
talent;талант
taste;вкус
characteristic;характеристика
milk;молоко
escape;побег
cast;В ролях
sentence;приговор
unusual;необычный
closely;тесно
convince;убеждать
height;высота
physician;врач
assess;оценивать
plenty;множество
virtually;практически
addition;добавление
sharp;острый
creative;творческий
lower;ниже
approve;одобрить
explanation;объяснение
gay;гей
campus;кампус
proper;правильный
guilty;виновный
acquire;приобретать
compete;конкурировать
technical;технический
plus;плюс
immigrant;иммигрант
weak;слабый
illegal;незаконный
hi;Здравствуй
alternative;альтернатива
interaction;взаимодействие
column;столбец
personality;личность
signal;сигнал
curriculum;учебный план
honor;честь
passenger;пассажир
assistance;помощь
forever;навсегда
regard;внимание
Israeli;израильский
association;ассоциация
twenty;20
knock;стучать
wrap;сворачивать
lab;лаборатория
display;отображать
criticism;критика
asset;актив
depression;депрессия
spiritual;духовный
musical;музыкальный
journalist;журналистка
prayer;молитва
suspect;подозревать
scholar;ученый
warning;предупреждение
climate;климат
cheese;сыр
observation;наблюдение
childhood;детство
payment;оплата
sir;сэр
permit;разрешать
cigarette;сигарета
definition;определение
priority;приоритет
bread;хлеб
creation;творчество
graduate;выпускник
request;запрос
emotion;эмоция
scream;крик
dramatic;драматический
universe;вселенная
gap;зазор
excellent;превосходно
deeply;глубоко
prosecutor;прокурор
lucky;счастливый
drag;тяга
airline;авиакомпания
library;библиотека
agenda;повестка дня
recover;восстанавливаться
factory;фабрика
selection;выбор
primarily;прежде всего
roof;крыша
unable;неспособный
expense;расход
initiative;инициатива
diet;диета
arrest;арестовывать
funding;финансирование
therapy;терапия
wash;мыть
schedule;расписание
sad;грустный
brief;краткий
housing;Корпус
post;почта
purchase;покупка
existing;существующий
steel;стали
regarding;касательно
shout;кричать
remaining;осталось
visual;визуальный
fairly;весьма
chip;чип
violent;жестокий
silent;тихий
suppose;предполагать
self;себя
bike;велосипед
tea;чай
perceive;понимать
comparison;сравнение
settlement;поселок
layer;слой
planning;планирование
description;описание
slide;горка
widely;широко
wedding;свадьба
inform;поставить в известность
portion;часть
territory;территория
immediate;немедленный
opponent;противник
abandon;покидать
lake;озеро
transform;трансформировать
tension;напряжение
leading;ведущий
bother;беспокоить
consist;состоять
alcohol;алкоголь
enable;включить
bend;сгибать
saving;сохранение
desert;пустыня
shall;должен
error;ошибка
cop;полицейский
Arab;араб
double;двойной
sand;песок
Spanish;испанский
print;Распечатать
preserve;сохранять
passage;проход
formal;формальный
transition;переход
existence;существование
album;альбом
participation;участие
arrange;договариваться
atmosphere;атмосфера
joint;соединение
reply;Ответить
cycle;цикл
opposite;противоположный
lock;замок
deserve;заслуживать
consistent;последовательный
resistance;сопротивление
discovery;открытие
exposure;экспозиция
pose;поза
stream;ручей
sale;распродажа
pot;горшок
grand;великий
mine;мой
hello;привет
coalition;коалиция
tale;сказка
knife;нож
resolve;решать
racial;расовый
phase;фаза
joke;шутить
coat;Пальто
Mexican;мексиканский
symptom;симптом
manufacturer;производитель
philosophy;философия
potato;картошка
foundation;Фонд
quote;цитировать
online;онлайн
negotiation;Переговоры
urge;побуждать
occasion;повод
dust;пыль
breathe;дышать
elect;избирать
investigator;следователь
jacket;пиджак
glad;радостный
ordinary;обычный
reduction;снижение
rarely;редко
pack;пакет
suicide;самоубийство
numerous;многочисленные
substance;вещество
discipline;дисциплина
elsewhere;в другом месте
iron;утюг
practical;практичный
moreover;Кроме того
passion;страсть
volunteer;волонтер
implement;осуществлять
essentially;по сути
gene;ген
enforcement;правоприменение
vs;против
sauce;соус
independence;независимость
marketing;маркетинг
priest;священник
amazing;удивительно
intense;интенсивный
advance;продвигать
employer;работодатель
shock;шок
inspire;вдохновлять
adjust;регулировать
retire;выходить на пенсию
visible;видимый
kiss;целовать
illness;болезнь
cap;крышка
habit;привычка
competitive;конкурентоспособный
juice;сок
congressional;конгрессмен
involvement;участие
dominate;доминировать
previously;ранее
whenever;когда бы ни
transfer;передача
analyze;анализировать
attach;прикреплять
disaster;стихийное бедствие
parking;стоянка
prospect;перспектива
boss;босс
complaint;жалоба
championship;чемпионат
fundamental;фундаментальный
severe;тяжелый
enhance;усиливать
mystery;тайна
impose;навязывать
poverty;бедность
entry;вход
spending;расходы
king;король
evaluate;оценивать
symbol;символ
maker;производитель
mood;настроение
accomplish;выполнить
emphasis;акцент
illustrate;иллюстрировать
boot;ботинок
monitor;монитор
Asian;Азии
entertainment;развлечения
bean;фасоль
evaluation;оценка
creature;существо
commander;командир
digital;цифровой
arrangement;договоренность
concentrate;сконцентрироваться
usual;обычный
anger;злость
psychological;психологический
heavily;сильно
peak;вершина горы
approximately;примерно
increasing;увеличение
disorder;беспорядок
missile;ракета
equally;в равной степени
vary;отличаться
wire;провод
round;круглый
distribution;распределение
transportation;транспорт
holy;святой
twin;близнец
command;команда
commission;комиссия
interpretation;интерпретация
breakfast;завтрак
strongly;сильно
engineering;инженерия
luck;удача
so-called;так называемые
constant;постоянный
clinic;клиника
veteran;ветеран
smell;запах
tablespoon;столовая ложка
capable;способный
nervous;нервный
tourist;турист
toss;жеребьевка
crucial;ключевой
bury;хоронить
pray;молиться
tomato;помидор
exception;исключение
butter;масло
deficit;дефицит
bathroom;ванная комната
objective;задача
electronic;электронный
ally;союзник
journey;путешествие
reputation;репутация
mixture;смесь
surely;конечно
tower;башня
smoke;дым
confront;противостоять
pure;чистый
glance;взглянуть мельком
dimension;измерение
toy;игрушка
prisoner;заключенный
fellow;парень
smooth;гладкий; плавный
nearby;рядом, поблизости
peer;вглядеться
designer;дизайнер
personnel;персонал
educator;педагог
relative;родственник
immigration;иммиграция
belt;пояс
teaspoon;чайная ложка
birthday;день рождения
implication;значение
perfectly;отлично
coast;морской берег
supporter;сторонник
accompany;сопровождать
silver;Серебряный
teenager;подросток
recognition;признание
retirement;уход на пенсию
flag;флаг
recovery;восстановление
whisper;шепот
gentleman;джентльмен
corn;кукуруза
moon;луна
inner;внутренний
junior;младший
throat;горло
salary;зарплата
swing;качать
observer;наблюдатель
publication;публикация
crop;обрезать
dig;ты
permanent;постоянный
phenomenon;явление
anxiety;беспокойство
unlike;в отличие
wet;мокрый
literally;буквально
resist;сопротивляться
convention;соглашение
embrace;объятие
assist;помочь
exhibition;выставка
construct;построить
viewer;зритель
pan;Сковорода
consultant;консультант
administrator;администратор
occasionally;время от времени
mayor;мэр
consideration;рассмотрение
CEO;Исполнительный директор
secure;безопасный
pink;розовый
buck;доллар
historic;исторический
poem;стих
grandmother;бабушка
bind;связывать
fifth;пятый
constantly;постоянно
enterprise;предприятие
favor;услуга
testing;тестирование
stomach;желудок
apparent;очевидный
weigh;взвешивать
install;установить
sensitive;чувствительный
suggestion;предложение
mail;почта
recipe;рецепт
reasonable;разумный
preparation;подготовка
wooden;деревянный
elementary;элементарный
concert;концерт
aggressive;агрессивный
FALSE;ЛОЖНЫЙ
intention;намерение
channel;канал
extreme;крайний
tube;трубка
drawing;Рисование
protein;белок
quit;покидать
absence;отсутствие
Latin;латинский
rapidly;быстро
jail;тюрьма
diversity;разнообразие
honest;честный
Palestinian;палестинский
pace;шаг
employment;трудоустройство
speaker;оратор
impression;впечатление
essay;сочинение
respondent;ответчик
giant;гигант
cake;кекс
historian;историк
negotiate;вести переговоры
restore;восстановить
substantial;существенный
pop;поп
specialist;специалист
origin;источник
approval;одобрение
quietly;тихо
advise;советовать
conventional;общепринятый
depth;глубина
wealth;богатство
disability;инвалидность
shell;оболочка
criticize;критиковать
effectively;эффективно
biological;биологический
onion;лук
deputy;заместитель
flat;плоский
brand;марка
assure;гарантировать
mad;без ума
award;награда
criteria;критерии
dealer;дилер
via;с помощью
utility;полезность
precisely;именно так
arise;возникать
armed;вооруженный
nevertheless;тем не менее
highway;шоссе
clinical;клинический
routine;рутина
wage;заработная плата
normally;обычно
phrase;фраза
ingredient;ингредиент
stake;ставка
Muslim;мусульманин
fiber;волокно
activist;активист
Islamic;исламский
snap;щелчок
terrorism;терроризм
refugee;беженец
incorporate;включить
hip;бедро
ultimate;окончательный
switch;выключатель
corporation;корпорация
valuable;ценный
assumption;предположение
gear;механизм
barrier;барьер
minor;незначительный
provision;обеспечение
killer;убийца
assign;назначать
gang;банда
developing;развитие
classic;классический
chemical;химический
label;этикетка
teen;подросток
index;индекс
vacation;отпуск
advocate;адвокат
draft;черновик
extraordinary;экстраординарный
heaven;небеса
rough;грубый
yell;кричать
pregnant;беременная
distant;далекий
drama;драма
satellite;спутник
personally;лично
clock;Часы
chocolate;шоколад
Italian;итальянский
Canadian;канадский
ceiling;потолок
sweep;подметать
advertising;реклама
universal;универсальный
spin;вращение
button;кнопка
bell;колокол
rank;классифицировать
darkness;темнота
clothing;одежда
super;супер
yield;урожай
fence;изгородь
portrait;портрет
survival;выживание
roughly;грубо
lawsuit;иск
testimony;показания
bunch;связка
found;найденный
burden;груз
react;реагировать
chamber;камера
furniture;мебель
cooperation;сотрудничество
string;нить
ceremony;церемония
communicate;общаться
cheek;щека
lost;потерял
profile;профиль
mechanism;механизм
disagree;не согласен
penalty;штраф
ie;то есть
resort;прибегнуть
destruction;разрушение
unlikely;вряд ли
tissue;салфетка
constitutional;конституционный
pant;тяжелое дыхание
stranger;незнакомец
infection;инфекционное заболевание
cabinet;кабинет
broken;сломанный
apple;яблоко
electric;электрический
proceed;продолжить
bet;но
literary;литературный
virus;вирус
stupid;глупый
dispute;спор
fortune;удача
strategic;стратегический
assistant;помощник
overcome;превосходить
remarkable;замечательный
occupy;занимать
statistics;статистика
shopping;поход по магазинам
cousin;двоюродная сестра
encounter;сталкиваться
wipe;вытирать
initially;изначально
blind;слепой
port;порт
electricity;электричество
genetic;генетический
adviser;советник
spokesman;пресс-секретарь
retain;удерживать
latter;последний
incentive;стимул
slave;раб
translate;перевести
accurate;точный
whereas;тогда как
terror;террор
expansion;расширение
elite;элита
Olympic;Олимпийский
dirt;грязь
odd;странный
rice;рис
bullet;пуля
tight;тугой
Bible;Библия
chart;диаграмма
solar;солнечный
square;площадь
concentration;концентрация
complicated;сложный
gently;нежно
champion;чемпион
scenario;сценарий
telescope;телескоп
reflection;отражение
revolution;революция
strip;полоска
interpret;интерпретировать
friendly;дружелюбный
tournament;турнир
fiction;вымысел
detect;обнаружить
tremendous;огромный
lifetime;продолжительность жизни
recommendation;рекомендация
senator;сенатор
hunting;охота
salad;салат
guarantee;гарантия
innocent;невиновный
boundary;граница
pause;Пауза
remote;удаленный
satisfaction;удовлетворение
journal;журнал
bench;скамья
lover;любовник
raw;сырой
awareness;осведомленность
surprising;удивительный
withdraw;отзывать
deck;палуба
similarly;по аналогии
newly;недавно
pole;нет
testify;свидетельствовать
mode;Режим
dialogue;диалог
imply;подразумевать
naturally;естественно
mutual;взаимный
founder;основатель
advanced;передовой
pride;гордость
dismiss;увольнять
aircraft;самолет
delivery;Доставка
mainly;в основном
bake;выпекать
freeze;заморозить
platform;Платформа
finance;финансы
sink;раковина
attractive;привлекательный
diverse;разнообразный
relevant;актуальны
ideal;идеальный
joy;радость
regularly;регулярно
working;работающий
singer;певец
evolve;эволюционировать
shooting;стрельба
partly;частично
unknown;неизвестный
offense;оскорбление
counter;прилавок
DNA;ДНК
potentially;потенциально
thirty;тридцать
justify;оправдывать
protest;протест
crash;крушение
craft;ремесло
treaty;договор
terrorist;террорист
insight;в поле зрения
possess;владеть
politically;политически
tap;нажмите
extensive;обширный
episode;эпизод
swim;плавать
tire;шина
fault;вина
loose;свободный
shortly;вскоре
originally;первоначально
considerable;значительный
prior;прежний
intellectual;интеллектуал
assault;атаковать
relax;расслабляться
stair;лестница
adventure;приключение
external;внешний
proof;доказательство
confident;уверенная в себе
headquarters;главное управление
sudden;внезапный
dirty;грязный
violation;нарушение
tongue;язык
license;лицензия
shelter;приют
rub;натирать
controversy;полемика
entrance;вход
properly;правильно
fade;тускнеть
defensive;оборонительный
tragedy;трагедия
net;сеть
characterize;охарактеризовать
funeral;похороны
profession;профессия
alter;изменить
constitute;составляют
establishment;учреждение
squeeze;сжимать
imagination;воображение
mask;маска
convert;конвертировать
comprehensive;всесторонний
prominent;видный
presentation;презентация
regardless;несмотря на
load;нагрузка
stable;стабильный
introduction;введение
pretend;притворяться
elderly;пожилой
representation;представление
deer;олень
split;расколоть
violate;нарушать
partnership;партнерство
pollution;загрязнение
emission;эмиссия
steady;устойчивый
vital;жизненно важный
fate;судьба
earnings;заработок
oven;печь
distinction;различие
segment;сегмент
nowhere;нигде
poet;поэт
mere;более
exciting;захватывающе
variation;вариация
comfort;комфорт
radical;радикальный
adapt;адаптировать
Irish;ирландский
honey;медовый
correspondent;корреспондент
pale;бледный
musician;музыкант
significance;значение
vessel;судно
storage;хранилище
flee;бежать
mm-hmm;мм-хм
leather;кожа
distribute;распределять
evolution;эволюция
ill;больной
tribe;племя
shelf;полка
grandfather;дедушка
lawn;лужайка
buyer;покупатель
dining;столовая
wisdom;мудрость
council;совет
vulnerable;уязвимый
instance;пример
garlic;чеснок
capability;способность
poetry;поэзия
celebrity;знаменитость
gradually;постепенно
stability;стабильность
fantasy;фантазия
scared;напугана
plot;участок
framework;рамки
gesture;жест
depending;в зависимости
ongoing;непрерывный
psychology;психология
counselor;советник
chapter;глава
divorce;развод
owe;быть должным
pipe;трубка
athletic;Спортивное
slight;незначительный
math;математика
shade;оттенок
tail;хвост
sustain;поддерживать
mount;устанавливать
obligation;обязательство
angle;угол
palm;Пальма
differ;отличаться
custom;обычай
economist;экономист
fifteen;пятнадцать
soup;суп
celebration;праздник
efficient;эффективный
composition;сочинение
satisfy;удовлетворить
pile;куча
briefly;кратко
carbon;углерод
closer;ближе
consume;потреблять
scheme;схема
crack;трескаться
frequency;частота
tobacco;табак
survivor;оставшийся в живых
besides;Помимо
psychologist;психолог
wealthy;богатый
galaxy;галактика
given;данный
ski;лыжи
limitation;ограничение
trace;след
appointment;деловое свидание, встреча
preference;предпочтение
meter;метр
explosion;взрыв
publicly;публично
incredible;невероятный
fighter;боец
rapid;стремительный
admission;допуск
hunter;охотник
educate;воспитывать
painful;болезненный
friendship;дружба
aide;помощник
infant;младенец
calculate;рассчитать
fifty;50
rid;избавлять
porch;порог
tendency;тенденция
uniform;униформа
formation;образование
scholarship;стипендия
reservation;бронирование
efficiency;эффективность
qualify;квалифицировать
mall;торговый центр
derive;вывести
scandal;скандал
PC;ПК
helpful;полезный
impress;произвести впечатление
heel;все
resemble;напоминать
privacy;Конфиденциальность
fabric;ткань
contest;конкурс
proportion;пропорция
guideline;руководство
rifle;винтовка
maintenance;техническое обслуживание
conviction;убеждение
trick;обманывать
organic;органический
tent;палатка
examination;экзамен
publisher;издатель
strengthen;укреплять
proposed;предложенный
myth;миф
sophisticated;сложный
cow;корова
etc;так далее
standing;стоя
asleep;спящий
tennis;большой теннис
nerve;нерв
barrel;бочка
bombing;бомбардировка
membership;членство
ratio;соотношение
menu;меню
controversial;спорный
desperate;отчаянный
lifestyle;образ жизни
humor;юмор
loud;громкий
glove;перчатка
sufficient;достаточный
narrative;повествование
photographer;фотограф
helicopter;вертолет
modest;скромный
provider;провайдер
delay;задерживать
agricultural;сельскохозяйственный
explode;взорваться
stroke;Инсульт
scope;сфера
punishment;наказание
handful;горсть
badly;плохо
horizon;горизонт
curious;любопытный
downtown;центр города
girlfriend;любимая девушка
prompt;быстрый
cholesterol;холестерин
absorb;поглощать
adjustment;корректирование
taxpayer;налогоплательщик
eager;жаждущий
principal;главный
detailed;подробный
motivation;мотивация
assignment;назначение
restriction;ограничение
laboratory;лаборатория
workshop;цех
differently;иначе
auto;авто
romantic;романтик
cotton;хлопок
motor;двигатель
sue;Сью
flavor;вкус
overlook;игнорировать
float;плавать
undergo;пройти
sequence;последовательность
demonstration;демонстрация
jet;реактивный самолет
orange;апельсин
consumption;потребление
assert;утверждать
blade;лезвие
temporary;временный
medication;медикамент
cabin;кабина
bite;кусать
edition;редактирование
valley;долина
yours;твой
pitch;подача
pine;сосна
brilliant;блестящий
versus;против
manufacturing;производство
absolute;абсолютный
chef;повар
discrimination;дискриминация
offensive;оскорбительный
boom;бум
register;регистр
appoint;назначать
heritage;наследство
God;Бог
dominant;доминирующий
successfully;успешно
shit;дерьмо
lemon;лимон
hungry;голодный
wander;бродить
submit;Разместить
economics;экономика
naked;голый
anticipate;предвидеть
nut;орех
legacy;наследие
extension;расширение
shrug;пожимание плечами
battery;батарея
arrival;прибытие
legitimate;законный
orientation;ориентация
inflation;инфляция
cope;справиться
flame;пламя
cluster;кластер
wound;ранить
dependent;зависимый
shower;душ
institutional;институциональный
depict;изобразить
operating;действующий
flesh;плоть
garage;гараж
operator;оператор
instructor;инструктор
collapse;крах
borrow;занимать
furthermore;более того
comedy;комедия
mortgage;ипотека
sanction;санкция
civilian;гражданский
twelve;двенадцать
weekly;еженедельно
habitat;среда обитания
grain;зерно
brush;щетка
consciousness;сознание
devote;посвящать
measurement;измерение
province;провинция
ease;простота
seize;захватывать
ethics;этика
nomination;номинация
permission;разрешение
wise;мудрый
actress;актриса
summit;вершина
acid;кислота
odds;шансы
gifted;одаренный
frustration;разочарование
medium;средний
physically;физически
distinguish;выделить
shore;берег
repeatedly;несколько раз
lung;легкое
running;Бег
distinct;отчетливый
artistic;художественный
discourse;дискурс
basket;корзина
ah;ах
fighting;борьба
impressive;впечатляющий
competitor;конкурент
ugly;уродливый
worried;волновался
portray;изобразить
powder;пудра
ghost;призрак
persuade;убеждать
moderate;умеренный
subsequent;последующий
continued;продолжение
cookie;печенье
carrier;перевозчик
cooking;приготовление еды
frequent;частый
ban;запрет
awful;ужасный
admire;восхищаться
pet;домашний питомец
miracle;чудо
exceed;превосходить
rhythm;ритм
widespread;широко распространен
killing;убийство
lovely;прекрасный
sin;грех
charity;благотворительная деятельность
script;сценарий
tactic;тактика
identification;удостоверение личности
transformation;трансформация
everyday;ежедневно
headline;Заголовок
venture;риск
invasion;вторжение
nonetheless;тем не менее
adequate;адекватный
piano;пианино
grocery;бакалея
intensity;интенсивность
exhibit;экспонат
blanket;одеяло
margin;поле
quarterback;защитник
mouse;мышь
rope;веревка
concrete;конкретный
prescription;рецепт
African-American;Афроамериканец
chase;гнаться
brick;кирпич
recruit;нанимать на работу
patch;пластырь
consensus;консенсус
horror;ужастик
recording;запись
changing;изменение
painter;художник
colonial;колониальный
pie;в
sake;сакэ
gaze;посмотреть
courage;храбрость
pregnancy;беременность
swear;ругаться
defeat;поражение
clue;Подсказка
reinforce;укреплять
confusion;путаница
slice;ломтик
occupation;оккупация
dear;Уважаемые
coal;каменный уголь
sacred;священный
formula;формула
cognitive;познавательный
collective;коллектив
exact;точный
uncle;дядя
captain;капитан
sigh;вздох
attribute;атрибут
dare;осмелиться
homeless;бездомный
gallery;галерея
soccer;футбольный
defendant;ответчик
tunnel;туннель
fitness;фитнес
lap;колени
grave;могила
toe;тогда
container;контейнер
virtue;добродетель
abroad;за рубежом
architect;архитектор
dramatically;драматично
makeup;макияж, мириться
inquiry;расследование
rose;Роза
surprisingly;удивительно
highlight;выделять
decrease;снижаться
indication;индикация
rail;рельс
anniversary;Годовщина
couch;диван
alliance;альянс
hypothesis;гипотеза
boyfriend;парень
compose;сочинять
mess;беспорядок
legend;легенда
regulate;регулировать
adolescent;подросток
shine;светить
norm;норма
upset;расстройство
remark;замечание
resign;уходить в отставку
reward;награда
gentle;нежный
related;связанные с
organ;орган
lightly;слегка
concerning;касательно
invent;изобретать
laughter;смех
northwest;северо-Запад
counseling;консультирование
receiver;получатель
ritual;ритуал
insect;насекомое
interrupt;прерывать
salmon;лосось
trading;торговля
magic;магия
superior;начальство
combat;бой
stem;корень
surgeon;хирург
acceptable;приемлемый
physics;физика
rape;изнасилование
counsel;адвокат
jeans;джинсы
hunt;охотиться
continuous;непрерывный
log;журнал
echo;эхо
pill;таблетка
excited;взволнованный
sculpture;скульптура
compound;сложный
integrate;интегрировать
flour;мука
bitter;горький
bare;просто
slope;склон
rent;арендовать
presidency;президентство
serving;обслуживание
subtle;тонкий
greatly;сильно
bishop;епископ
drinking;питьевой
acceptance;принятие
pump;насос
candy;конфеты
evil;зло
pleased;довольный
medal;медаль
beg;просить
sponsor;спонсор
ethical;этический
secondary;вторичный
slam;хлопать
export;экспорт
experimental;экспериментальный
melt;таять
midnight;полночь
curve;изгиб
integrity;честность
entitle;право
evident;очевидный
logic;логика
essence;сущность
exclude;исключать
harsh;жесткий
closet;шкаф
suburban;пригородный
greet;приветствовать
interior;интерьер
corridor;коридор
retail;Розничная торговля
pitcher;кувшин
march;марш
snake;змея
excuse;извинение
weakness;слабость
pig;свинья
classical;классический
estimated;оцененный
T-shirt;Футболка
unemployment;безработица
civilization;цивилизация
fold;складывать
reverse;задний ход
missing;отсутствующий
correlation;корреляция
humanity;человечество
flash;вспышка
developer;разработчик
reliable;надежный
excitement;возбуждение
beef;говядина
Islam;ислам
Roman;Римский
architecture;архитектура
occasional;случайный
administrative;административный
elbow;локоть
deadly;смертельный
Hispanic;испанец
allegation;обвинение
confuse;путать
airplane;самолет
monthly;ежемесячно
duck;утка
dose;доза
Korean;Корейский
plead;умолять
initiate;инициировать
lecture;лекция
van;из
sixth;шестой
bay;залив
mainstream;основное направление
suburb;пригород
sandwich;бутерброд
trunk;ствол
rumor;слух
implementation;реализация
swallow;глотать
motivate;мотивировать
render;оказывать
longtime;много времени
trap;ловушка
restrict;ограничивать
cloth;ткань
seemingly;по-видимому
legislative;законодательный
effectiveness;эффективность
enforce;обеспечивать соблюдение
lens;объектив
inspector;инспектор
lend;давать в долг
plain;простой
fraud;мошенничество
companion;компаньон
contend;спорить
nail;ноготь
array;множество
strict;строгий
assemble;собрать
frankly;откровенно говоря
rat;крыса
hay;отлично
hallway;коридор
cave;пещера
inevitable;неизбежный
southwest;юго-запад
monster;монстр
unexpected;непредвиденный
obstacle;препятствие
facilitate;способствовать
rip;рвать
herb;трава
overwhelming;подавляющий
integration;интеграция
crystal;кристалл
recession;рецессия
written;написано
motive;мотив
flood;наводнение
pen;ручка
ownership;владение
nightmare;кошмар
inspection;осмотр
supervisor;руководитель
consult;консультироваться
arena;арена
diagnosis;диагноз
possession;владение
forgive;простить
consistently;последовательно
basement;подвал
drift;дрейф
drain;осушать
prosecution;судебное преследование
maximum;максимум
announcement;объявление
warrior;воин
prediction;прогноз
bacteria;бактерии
questionnaire;опросник
mud;грязь
infrastructure;инфраструктура
hurry;торопиться
privilege;привилегия
temple;храм
outdoor;открытый
suck;сосать
and/or;и/или
broadcast;транслировать
re;ре
leap;прыгнуть
random;случайный
wrist;запястье
curtain;штора
pond;пруд
domain;домен
guilt;чувство вины
cattle;крупный рогатый скот
walking;ходьба
playoff;плей-офф
minimum;минимум
fiscal;фискальный
skirt;юбка
dump;свалка
hence;следовательно
database;база данных
uncomfortable;неудобный
execute;выполнять
limb;конечность
ideology;идеология
tune;мелодия
continuing;продолжение
harm;вред
railroad;железная дорога
endure;терпеть
radiation;радиация
horn;рог
chronic;хронический
peaceful;мирный
innovation;инновации
strain;напряжение
guitar;гитара
replacement;замена
behave;вести себя
administer;управлять
simultaneously;одновременно
dancer;танцор
amendment;поправка
pad;блокнот
transmission;коробка передач
await;Ждите
retired;на пенсии
trigger;курок
spill;проливать
grateful;благодарный
grace;благодать
virtual;виртуальный
colony;колония
adoption;принятие
indigenous;местный
closed;закрыто
convict;признать виновным
towel;полотенце
modify;изменить
particle;частица
prize;приз
landing;посадка
boost;способствовать росту
bat;один
alarm;тревога
festival;фестиваль
grip;схватить
weird;странный
undermine;подрывать
freshman;первокурсник
sweat;пот
outer;внешний
drunk;пьяный
separation;разделение
traditionally;традиционно
govern;управлять
southeast;юго-восток
intelligent;умный
wherever;где бы
ballot;голосование
rhetoric;риторика
convinced;убежденный
driving;вождение
vitamin;витамин
enthusiasm;энтузиазм
accommodate;разместить
praise;хвалить
injure;ранить
wilderness;пустыня
endless;бесконечный
mandate;мандат
respectively;соответственно
uncertainty;неопределенность
chaos;хаос
mechanical;механический
canvas;холст
forty;сорок
lobby;лобби
profound;глубокий
format;формат
trait;черта
currency;валюта
turkey;индейка
reserve;резерв
beam;луч
astronomer;астроном
corruption;коррупция
contractor;подрядчик
apologize;принести извинения
doctrine;доктрина
genuine;подлинный
thumb;большой палец
unity;единство
compromise;компромисс
horrible;какой ужас
behavioral;поведенческий
exclusive;эксклюзивный
scatter;разбрасывать
commonly;обычно
convey;передавать
twist;крутить
complexity;сложность
fork;вилка
disk;диск
relieve;облегчить
suspicion;подозрение
health-care;здравоохранение
residence;резиденция
shame;стыд
meaningful;осмысленный
sidewalk;тротуар
Olympics;Олимпийские игры
technological;технологический
signature;подпись
pleasant;приятный
wow;Вот это да
suspend;приостановить
rebel;бунтарь
frozen;замороженный
spouse;супруг
fluid;жидкость
pension;пенсия
resume;продолжить
theoretical;теоретический
sodium;натрий
promotion;продвижение
delicate;нежный
forehead;лоб
rebuild;восстановить
bounce;подпрыгивать
electrical;электрический
hook;крюк
detective;детектив
traveler;путешественница
click;нажмите
compensation;компенсация
exit;выход
attraction;Привлечение
dedicate;посвящать
altogether;вообще
pickup;подбирать
carve;вырезать
needle;иголка
belly;живот
scare;напугать
portfolio;портфолио
shuttle;шаттл
invisible;невидимый
timing;выбор времени
engagement;помолвка
ankle;лодыжка
transaction;сделка
rescue;спасать
counterpart;аналог
historically;исторически
firmly;твердо
mild;незначительный
rider;всадник
doll;кукла
noon;полдень
amid;среди
identical;идентичный
precise;точный
anxious;тревожный
structural;структурный
residential;Жилой
diagnose;поставить диагноз
carbohydrate;углевод
liberty;свобода
poster;плакат
theology;богословие
nonprofit;некоммерческий
crawl;ползти
oxygen;кислород
handsome;красивый
sum;сумма
provided;при условии
businessman;бизнесмен
promising;многообещающий
conscious;сознательный
determination;решимость
donor;донор
hers;ее
pastor;пастор
jazz;джаз
opera;опера
acquisition;приобретение
pit;яма
hug;обнимать
wildlife;дикая природа
punish;наказывать
equity;беспристрастность
doorway;дверной проем
departure;Вылет из
elevator;лифт
teenage;подростковый
guidance;руководство
happiness;счастье
statue;статуя
pursuit;преследование
repair;ремонт
decent;приличный
gym;спортзал
oral;устный
clerk;клерк
envelope;конверт
reporting;составление отчетов
destination;назначения
fist;кулак
endorse;одобрять
exploration;исследование
generous;щедрый
bath;ванна
thereby;тем самым
indicator;индикатор
sunlight;Солнечный лучик
feedback;Обратная связь
spectrum;спектр
purple;пурпурный
laser;лазер
bold;смелый
reluctant;они колеблются
starting;начиная
expertise;экспертиза
practically;практически
eating;принимать пищу
hint;намекать
sharply;резко
parade;парад
realm;область
cancel;отменить
blend;смешивать
therapist;Терапевт
peel;чистить
pizza;пицца
recipient;получатель
hesitate;стесняться
flip;кувырок
accounting;бухгалтерский учет
bias;предвзятость
huh;хм
metaphor;метафора
candle;свеча
judicial;судебный
entity;организация
suffering;страдания
full-time;на постоянной основе
lamp;фонарь
garbage;мусор
servant;слуга
regulatory;регулирующий
diplomatic;дипломатический
elegant;элегантный
reception;прием
vanish;исчезнуть
automatically;автоматически
chin;подбородок
necessity;необходимость
confess;признаваться
racism;расизм
starter;стартер
banking;банковское дело
casual;повседневный
gravity;сила тяжести
enroll;зарегистрироваться
diminish;уменьшить
prevention;профилактика
minimize;свести к минимуму
chop;нарезать
performer;исполнитель
intent;намерение
isolate;изолировать
inventory;инвентарь
productive;продуктивный
assembly;сборка
civic;гражданский
silk;шелк
magnitude;величина
steep;отвесный
hostage;заложник
collector;коллекционер
popularity;популярность
alien;инопланетянин
dynamic;динамичный
scary;страшный
equation;уравнение
angel;ангел
offering;предложение
rage;ярость
photography;фотография
toilet;туалет
disappointed;расстроенный
precious;драгоценный
prohibit;запретить
realistic;реалистичный
hidden;скрытый
tender;тендер
gathering;встреча
outstanding;выдающийся
stumble;спотыкаться
lonely;Одинокий, уединенный
automobile;автомобиль
artificial;искусственный
dawn;рассвет
abstract;Аннотация
descend;спускаться
silly;глупый
tide;прилив
shared;общий
hopefully;с надеждой
readily;легко
cooperate;сотрудничать
revolutionary;революционер
romance;романтика
hardware;аппаратное обеспечение
pillow;подушка
kit;Комплект
continent;континент
seal;печать
circuit;схема
ruling;постановление
shortage;нехватка
annually;ежегодно
lately;в последнее время
scan;сканирование
fool;дурак
deadline;срок
rear;задний
processing;обработка
ranch;ранчо
coastal;прибрежный
undertake;предпринимать
softly;мягко
burning;сжигание
verbal;словесный
tribal;племенной
ridiculous;нелепый
automatic;автоматический
diamond;алмаз
credibility;достоверность
import;импорт
sexually;сексуально
divine;божественный
sentiment;чувство
cart;тележка
oversee;наблюдать
o'clock;час
elder;старший
pro;профессионал
inspiration;вдохновение
Dutch;Голландский
quantity;количество
trailer;трейлер
mate;смерть
Greek;греческий
genius;гений
monument;памятник
bid;делать ставку
quest;квест
sacrifice;жертва
invitation;приглашение
accuracy;точность
juror;присяжный
officially;официально
broker;маклер
treasure;сокровище
loyalty;верность
talented;талантливый
gasoline;бензин
stiff;жесткий
output;выход
nominee;номинант
extended;расширенный
diabetes;диабет
slap;шлепок
toxic;токсичный
alleged;предполагаемый
jaw;челюсть
grief;горе
mysterious;таинственный
rocket;ракета
donate;пожертвовать
inmate;сокамерник
tackle;снасти
dynamics;динамика
bow;лук
ours;наш
dignity;достоинство
carpet;ковер
parental;родительский
bubble;пузырь
buddy;приятель
barn;сарай
sword;меч
seventh;седьмой
glory;слава
tightly;плотно
protective;защитный
tuck;подвернуть
drum;барабан
faint;слабый
queen;Королева
dilemma;дилемма
input;вход
specialize;специализироваться
northeast;к северо-востоку
shallow;мелкий
liability;обязанность
sail;плыть
merchant;торговец
stadium;стадион
improved;улучшенный
bloody;кровавый
associated;связанный
withdrawal;вывод
refrigerator;холодильник
nest;гнездо
thoroughly;тщательно
lane;переулок
ancestor;предок
condemn;осуждать
steam;готовить на пару
accent;акцент
optimistic;оптимистичный
unite;объединяться
cage;клетка
equip;оборудовать
shrimp;креветка
homeland;Родина
rack;стойка
costume;костюм
wolf;волк
courtroom;зал суда
statute;устав
cartoon;мультфильм
productivity;производительность
grin;ухмылка
symbolic;символический
bug;ошибка
bless;благословить
aunt;тетя
agriculture;сельское хозяйство
hostile;враждебный
conceive;зачать
combined;комбинированный
instantly;немедленно
bankruptcy;банкротство
vaccine;вакцина
bonus;бонус
collaboration;сотрудничество
mixed;смешанный
opposed;против
orbit;орбита
grasp;понять
patience;терпение
spite;несмотря
tropical;тропический
voting;голосование
patrol;патруль
willingness;готовность
revelation;откровение
calm;спокойствие
jewelry;Ювелирные изделия
Cuban;кубинский
haul;таскать
concede;уступать
wagon;фургон
afterward;потом
spectacular;изумительный
ruin;разорение
sheer;явный
immune;иммунный
reliability;надежность
ass;является
alongside;рядом
bush;куст
exotic;экзотический
fascinating;очаровательный
clip;клип
thigh;бедро
bull;бык
drawer;ящик стола
sheep;овец
discourage;обескуражить
coordinator;координатор
ideological;идеологический
runner;бегун
secular;светский
intimate;интимный
empire;империя
cab;такси
exam;экзамен
documentary;документальный
neutral;нейтральный
biology;биология
flexible;гибкий
progressive;прогрессивный
web;сеть
conspiracy;заговор
casualty;пострадавший
republic;республика
execution;исполнение
terrific;потрясающий
whale;кит
functional;функциональный
instinct;инстинкт
teammate;товарищ по команде
aluminum;алюминий
whoever;тот, кто
ministry;министерство
verdict;приговор
instruct;инструктировать
skull;череп
self-esteem;самооценка
cooperative;кооператив
manipulate;манипулировать
bee;пчела
practitioner;практик
loop;петля
edit;редактировать
whip;хлыст
puzzle;головоломка
mushroom;гриб
subsidy;субсидия
boil;кипятить
tragic;трагический
mathematics;математика
mechanic;механик
jar;банка
earthquake;землетрясение
pork;свинина
creativity;креативность
safely;безопасно
underlying;лежащий в основе
dessert;Десерт
sympathy;сочувствие
fisherman;рыбак
incredibly;невероятно
isolation;изоляция
sock;носок
eleven;одиннадцать
sexy;сексуальный
entrepreneur;предприниматель
syndrome;синдром
bureau;бюро
workplace;рабочее место
ambition;амбиция
touchdown;приземление
utilize;использовать
breeze;ветер
costly;дорого
ambitious;честолюбивый
Christianity;христианство
presumably;предположительно
influential;влиятельный
translation;перевод
uncertain;неуверенный
dissolve;растворяться
statistical;статистический
gut;кишки
metropolitan;столичный
rolling;катящийся
aesthetic;эстетический
spell;орфографии
insert;вставлять
booth;стенд
helmet;шлем
waist;Талия
expected;ожидал
lion;лев
accomplishment;достижение
royal;королевский
panic;паника
crush;раздавить
actively;активно
cliff;утес
minimal;минимальный
cord;шнур
fortunately;к счастью
cocaine;кокаин
illusion;иллюзия
anonymous;анонимный
tolerate;терпеть
appreciation;признательность
commissioner;комиссар
flexibility;гибкость
instructional;учебный
scramble;карабкаться
casino;казино
tumor;опухоль
decorate;украшать
pulse;пульс
equivalent;эквивалент
fixed;исправлено
experienced;опытный
donation;пожертвование
diary;дневник
sibling;брат или сестра
irony;ирония
spoon;ложка
midst;среди
alley;переулок
interact;взаимодействовать
soap;мыло
cute;милый
rival;соперник
short-term;в ближайщем будущем
punch;ударить кулаком
pin;штырь
hockey;хоккей
passing;прохождение
persist;сопротивляться
supplier;поставщик
known;известен
momentum;импульс
purse;кошелек
shed;пролить
liquid;жидкость
icon;значок
elephant;слон
consequently;вследствие этого
legislature;законодательный орган
franchise;франшиза
correctly;правильно
mentally;умственно
foster;взращивать
bicycle;велосипед
encouraging;поощрение
cheat;изменять
heal;лечить
fever;жар
filter;фильтр
rabbit;кролик
coin;монета
exploit;использовать
accessible;доступный
organism;организм
sensation;ощущение
partially;частично
upstairs;вверх по лестнице
dried;сушеный
conservation;сохранение
shove;пихать
backyard;задний двор
charter;устав
stove;печь
consent;согласие
comprise;включать
reminder;напоминание
alike;одинаковый
placement;размещение
dough;тесто
grandchild;внук
dam;плотина
reportedly;как сообщается
well-known;известный
surrounding;окружающий
ecological;экологический
outfit;одежда
unprecedented;беспрецедентный
columnist;обозреватель
workout;тренировка
preliminary;предварительный
patent;патент
shy;застенчивый
trash;мусор
disabled;инвалид
gross;валовой
damn;проклятие
hormone;гормон
texture;текстура
pencil;карандаш
frontier;граница
spray;спрей
disclose;раскрывать
custody;под стражей
banker;банкир
beast;зверь
interfere;вмешиваться
oak;дуб
eighth;восьмой
notebook;ноутбук
outline;контур
attendance;посещаемость
speculation;предположение
uncover;раскрыть
behalf;от имени
innovative;инновационный
shark;акула
mill;мельница
installation;монтаж
stimulate;стимулировать
tag;ярлык
vertical;вертикальный
swimming;плавание
fleet;флот
catalog;каталог
outsider;посторонний
desperately;отчаянно
stance;позиция
compel;принуждать
sensitivity;чувствительность
someday;когда-нибудь
instant;мгновенный
debut;дебют
proclaim;провозглашать
worldwide;Мировой
hike;путешествовать пешком
required;требуется
confrontation;конфронтация
colorful;красочный
constitution;конституция
trainer;тренер
Thanksgiving;День Благодарения
scent;запах
stack;куча
eyebrow;бровь
sack;мешок
cease;прекратить
inherit;вы наследуете
tray;лоток
pioneer;пионер
organizational;организационный
textbook;учебник
uh;Эм-м-м
nasty;противный
shrink;сокращаться, сжиматься
emerging;возникающий
dot;точка
wheat;пшеница
fierce;яростный
envision;представить
rational;рациональный
kingdom;царство
aisle;ряд
weaken;ослабить
protocol;протокол
exclusively;исключительно
vocal;вокал
marketplace;рынок
openly;открыто
unfair;несправедливый
terrain;местность
deploy;развертывать
risky;рискованно
pasta;макароны
genre;жанр
distract;отвлекать
merit;цена
planner;планировщик
depressed;депрессия
chunk;кусок
closest;ближайший
discount;скидка
ladder;лестница
jungle;джунгли
migration;миграция
breathing;дыхание
invade;вторгаться
hurricane;ураган
retailer;продавец
classify;классифицировать
coup;удачный ход
ambassador;посол
density;плотность
supportive;поддерживающий
curiosity;любопытство
skip;пропускать
aggression;агрессия
stimulus;стимул
journalism;журналистика
robot;робот
dip;окунать
likewise;так же
informal;неофициальный
Persian;персидский
feather;пух Перо
sphere;сфера
tighten;затягивать
boast;хвастаться
pat;одинаковый
perceived;воспринимаемый
sole;единственный
publicity;публичность
unfold;разворачиваться
well-being;благополучие
validity;срок действия
ecosystem;экосистема
strictly;строго
partial;частичный
collar;воротник
weed;сорняк
compliance;согласие
streak;полоса
supposedly;предположительно
added;добавлен
builder;строитель
glimpse;случайно заметить
premise;помещение
specialty;специальность
deem;считать
artifact;артефакт
sneak;красться
monkey;обезьяна
mentor;наставник
two-thirds;две трети
listener;слушатель
lightning;молния
legally;юридически
sleeve;рукав
disappointment;разочарование
disturb;беспокоить
rib;ребро
excessive;излишний
high-tech;высокие технологии
debris;обломки
rod;стержень
logical;логический
ash;пепел
socially;социально
parish;приход
slavery;рабство
blank;пустой
commodity;товар
cure;излечивать
mineral;минеральная
hunger;голод
dying;умирающий
developmental;развивающий
faster;Быстрее
spare;запасной
halfway;наполовину
equality;равенство
cemetery;кладбище
harassment;домогательство
deliberately;умышленно
fame;слава
regret;сожалеть
striking;поразительный
likelihood;вероятность
carrot;морковь
atop;на вершине
toll;потери
rim;обод
embarrassed;смущенный
fucking;бля
cling;цепляться
isolated;изолированный
blink;мигать
suspicious;подозрительный
wheelchair;инвалидное кресло
squad;отряд
eligible;имеющий право
processor;процессор
plunge;погрузиться
demographic;демографический
chill;холод
refuge;убежище
steer;управлять
legislator;законодатель
rally;митинг
programming;программирование
cheer;радость
outlet;выход
intact;нетронутый
vendor;продавец
thrive;процветать
peanut;арахис
chew;жевать
elaborate;разрабатывать
conception;зачатие
auction;аукцион
steak;стейк
comply;исполнять
triumph;триумф
shareholder;акционер
comparable;сопоставимый
transport;транспорт
conscience;совесть
calculation;расчет
considerably;значительно
interval;интервал
scratch;царапать
awake;бодрствующий
jurisdiction;юрисдикция
inevitably;неизбежно
feminist;феминистка
constraint;ограничение
emotionally;эмоционально
expedition;экспедиция
allegedly;якобы
similarity;сходство
butt;задница
lid;крышка
dumb;тупой
bulk;масса
sprinkle;посыпать
mortality;смертность
philosophical;философский
conversion;преобразование
patron;покровитель
municipal;муниципальный
liver;печень
harmony;гармония
solely;исключительно
tolerance;толерантность
goat;козел
blessing;благословение
banana;банан
palace;дворец
formerly;раньше
peasant;крестьянин
neat;аккуратный
grandparent;бабушка и дедушка
lawmaker;законодатель
supermarket;супермаркет
cruise;круиз
mobile;мобильный
calendar;календарь
widow;вдова
deposit;депозит
beard;борода
brake;тормоз
screening;скрининг
impulse;импульс
forbid;запрещать
fur;шерсть
brutal;жестокий
predator;хищник
poke;тыкать
opt;выбрать
voluntary;добровольный
valid;действительный
forum;Форум
dancing;танцы
happily;счастливо
soar;парить
removal;удаление
autonomy;автономия
enact;принимать
thread;нить
landmark;ориентир
unhappy;несчастный
offender;преступник
coming;приходящий
privately;конфиденциально
fraction;дробная часть
distinctive;отличительный
tourism;туризм
threshold;порог
routinely;обычно
suite;люкс
regulator;регулятор
straw;солома
theological;богословский
exhaust;выхлоп
globe;глобус
fragile;хрупкий
objection;возражение
chemistry;химия
old-fashioned;старомодный
crowded;переполненный
blast;взрыв
prevail;преобладать
overnight;с ночевкой
denial;отрицание
rental;аренда
fantastic;фантастика
fragment;фрагмент
screw;винт
warmth;тепло
undergraduate;бакалавриат
headache;Головная боль
policeman;полицейский
projection;проекция
suitable;подходящее
graduation;выпускной
drill;сверлить
cruel;жестокий
mansion;особняк
grape;виноград
authorize;разрешать
cottage;коттедж
driveway;дорога
charm;очарование
sexuality;сексуальность
loyal;верный
clay;глина
balloon;воздушный шар
invention;изобретение
ego;эго
fare;Делать
homework;домашнее задание
disc;диск
sofa;диван
availability;доступность
radar;радар
frown;хмуриться
regain;восстановить
sweater;свитер
rehabilitation;реабилитация
rubber;резина
retreat;спасаться бегством
molecule;молекула
freely;свободно
favorable;благоприятный
steadily;неуклонно
integrated;интегрированный
ha;у него есть
youngster;юноша
premium;премия
accountability;подотчетность
overwhelm;подавлять
one-third;одна треть
contemplate;созерцать
update;Обновить
spark;искра
ironically;иронично
fatigue;усталость
speculate;спекулировать
marker;маркер
preach;проповедовать
bucket;ведро
blond;блондин
confession;признание
provoke;провоцировать
marble;мрамор
substantially;существенно
defender;защитник
explicit;явный
disturbing;тревожный
surveillance;наблюдение
magnetic;магнитный
technician;техник
mutter;мать
devastating;разрушительный
depart;отходить
arrow;стрелка
trauma;травма
neighboring;соседний
soak;замочить
ribbon;лента
meantime;тем временем
transmit;передавать
harvest;урожай
consecutive;последовательный
coordinate;координировать
spy;шпион
slot;слот
riot;бунт
nutrient;питательное вещество
citizenship;гражданство
severely;строго
sovereignty;суверенитет
ridge;хребет
brave;Храбрый
lighting;освещение
specify;указать
contributor;участник
frustrate;расстроить
articulate;артикулировать
importantly;важно
transit;транзит
dense;плотный
seminar;семинар
electronics;электроника
sunny;солнечно
shorts;шорты
swell;опухать
accusation;обвинение
soften;смягчить
straighten;выпрямить
terribly;ужасно
cue;кий
bride;невеста
biography;биография
hazard;опасность
compelling;неотразимый
seldom;редко
tile;кафельная плитка
economically;экономически
honestly;честно говоря
troubled;беспокойный
twentieth;двадцатый
balanced;сбалансированный
foreigner;иностранец
convenience;удобство
delight;восторг
weave;ткать
timber;древесина
till;к
accurately;точно
plea;мольба
bulb;лампочка
flying;летающий
sustainable;стабильный
devil;дьявол
bolt;болт
cargo;груз
spine;позвоночник
seller;продавец
skilled;опытный
managing;управление
marine;морской
dock;док
organized;организованный
fog;туман
diplomat;дипломат
boring;скучный
sometime;когда-то
summary;резюме
missionary;миссионер
epidemic;эпидемия
fatal;фатальный
trim;подрезать
warehouse;склад
accelerate;ускорить
butterfly;бабочка
bronze;бронза
drown;тонуть
inherent;присущий
nationwide;общенациональный
spit;плевать
kneel;стоять на коленях
vacuum;вакуум
selected;выбран
dictate;диктовать
