the;这
and;和
have;有
that;那
for;为了
you;你
with;和
say;说
this;这个
they;他们
but;但
his;他的
from;从
not;不是
she;她
as;作为
what;什么
their;他们的
can;能够
who;谁
get;得到
would;将
her;她
all;全部
make;制作
about;关于
know;知道
will;将要
one;一
time;时间
there;那里
year;年
think;思考
when;什么时候
which;哪个
them;他们
some;一些
people;人们
take;拿
out;出去
into;进入
just;只是
see;看
him;他
your;您的
come;来
could;可以
now;现在
than;比
like;喜欢
other;其他
how;如何
then;然后
its;它的
our;我们的
two;二
more;更多的
these;这些
want;想
way;方法
look;看
first;第一的
also;还
new;新的
because;因为
day;天
use;利用
man;男人
find;寻找
here;这里
thing;事物
give;给
many;许多
well;出色地
only;只要
those;那些
tell;告诉
very;非常
even;甚至
back;背部
any;任何
good;好的
woman;女士
through;通过
life;生活
child;孩子
work;工作
down;下
may;可能
after;后
should;应该
call;称呼
world;世界
over;超过
school;学校
still;仍然
try;尝试
last;最后的
ask;问
need;需要
too;也
feel;感觉
three;三
state;状态
never;绝不
become;变得
between;之间
high;高的
really;真的
something;某物
most;最多
another;其他
much;很多
family;家庭
own;自己的
leave;离开
put;放
old;老的
while;尽管
mean;意思是
keep;保持
student;学生
why;为什么
let;让
great;伟大的
same;相同的
big;大的
group;团体
begin;开始
seem;似乎
country;国家
help;帮助
talk;讲话
where;在哪里
turn;转动
problem;问题
every;每一个
start;开始
hand;手
might;可能
American;美国人
show;节目
part;部分
against;反对
place;地方
such;这样的
again;再次
few;很少
case;案子
week;星期
company;公司
system;系统
each;每个
right;正确的
program;程序
hear;听到
question;问题
during;期间
play;玩
government;政府
run;跑
small;小的
number;数字
off;离开
always;总是
move;移动
night;夜晚
live;居住
Mr;先生
point;观点
believe;相信
hold;抓住
today;今天
bring;带来
happen;发生
next;下一个
without;没有
before;前
large;大的
million;百万
must;必须
home;家
under;在下面
water;水
room;房间
write;写
mother;母亲
area;区域
national;国民
money;钱
story;故事
young;年轻的
fact;事实
month;月
different;不同的
lot;很多
study;学习
book;书
eye;眼睛
job;工作
word;单词
though;尽管
business;商业
issue;问题
side;边
kind;种类
four;四
head;头
far;远的
black;黑色的
long;长
both;两个都
little;小的
house;屋
yes;是的
since;自从
provide;提供
service;服务
around;大约
friend;朋友
important;重要的
father;父亲
sit;坐
away;离开
until;直到
power;力量
hour;小时
game;游戏
often;经常
yet;然而
line;线
political;政治的
end;结尾
among;之中
ever;曾经
stand;站立
bad;坏的
lose;失去
however;然而
member;成员
pay;支付
law;法律
meet;遇见
car;车
city;城市
almost;几乎
include;包括
continue;继续
set;放
later;之后
community;社区
name;姓名
five;五
once;一次
white;白色的
least;至少
president;总统
learn;学
real;真实的
change;改变
team;团队
minute;分钟
best;最好的
several;一些
idea;主意
kid;孩子
body;身体
information;信息
nothing;没有什么
ago;前
lead;带领
social;社会的
understand;理解
whether;无论
watch;手表
together;一起
follow;跟随
parent;父母
stop;停止
face;脸
anything;任何事物
create;创造
public;上市
already;已经
speak;说话
others;其他
read;读
level;等级
allow;允许
add;添加
office;办公室
spend;花费
door;门
health;健康
person;人
art;艺术
sure;当然
war;战争
history;历史
party;派对
within;内
grow;生长
result;结果
open;打开
morning;早晨
walk;走
reason;原因
low;低的
win;赢
research;研究
girl;女孩
guy;家伙
early;早期的
food;食物
moment;片刻
himself;自己
air;空气
teacher;老师
force;力量
offer;提供
enough;足够的
education;教育
across;穿过
although;虽然
remember;记住
foot;脚
second;第二
boy;男生
maybe;也许
toward;朝向
able;有能力的
age;年龄
policy;政策
everything;一切
love;爱
process;过程
music;音乐
including;包含
consider;考虑
appear;出现
actually;实际上
buy;买
probably;大概
human;人类
wait;等待
serve;服务
market;市场
die;这
send;发送
expect;预计
sense;感觉
build;建造
stay;停留
fall;落下
oh;哦
nation;国家
plan;计划
cut;切
college;大学
interest;兴趣
death;死亡
course;课程
someone;某人
experience;经验
behind;在后面
reach;抵达
local;当地的
kill;杀
six;六
remain;保持
effect;影响
yeah;是的
suggest;建议
class;班级
control;控制
raise;增加
care;关心
perhaps;也许
late;晚的
hard;难的
field;场地
else;别的
pass;经过
former;以前的
sell;卖
major;重大的
sometimes;有时
require;要求
along;沿着
development;发展
themselves;他们自己
report;报告
role;角色
better;更好的
economic;经济的
effort;努力
decide;决定
rate;速度
strong;强的
possible;可能的
heart;心
drug;药品
leader;领导者
light;光
voice;嗓音
wife;妻子
whole;所有的
police;警察
mind;头脑
finally;最后
pull;拉
return;返回
free;自由的
military;军队
price;价格
less;较少的
according;根据
decision;决定
explain;解释
son;儿子
hope;希望
develop;开发
view;看法
relationship;关系
carry;携带
town;镇
road;路
drive;驾驶
arm;手臂
TRUE;真的
federal;联邦
break;休息
difference;区别
thank;感谢
receive;收到
value;价值
international;国际的
building;建造
action;行动
full;满的
model;模型
join;加入
season;季节
society;社会
tax;税
director;导向器
position;位置
player;播放器
agree;同意
especially;尤其
record;记录
pick;挑选
wear;穿
paper;纸
special;特别的
space;空间
ground;地面
form;形式
support;支持
event;事件
official;官方的
whose;谁的
matter;事情
everyone;每个人
center;中央
couple;夫妻
site;地点
project;项目
hit;打
base;根据
activity;活动
star;星星
table;桌子
court;法庭
produce;生产
eat;吃
teach;教
oil;油
half;一半
situation;情况
easy;简单的
cost;成本
industry;行业
figure;数字
street;街道
image;图片
itself;本身
phone;电话
either;任何一个
data;数据
cover;覆盖
quite;相当
picture;图片
clear;清除
practice;实践
piece;片
land;土地
recent;最近的
describe;描述
product;产品
doctor;医生
wall;墙
patient;病人
worker;工人
news;消息
test;测试
movie;电影
certain;肯定
north;北
personal;个人的
simply;简单地
third;第三
technology;技术
catch;抓住
step;步
baby;婴儿
computer;计算机
type;类型
attention;注意力
draw;画
film;电影
Republican;共和党人
tree;树
source;资源
red;红色的
nearly;几乎
organization;组织
choose;选择
cause;原因
hair;头发
century;世纪
evidence;证据
window;窗户
difficult;难的
listen;听
soon;很快
culture;文化
billion;十亿
chance;机会
brother;兄弟
energy;活力
period;时期
summer;夏天
realize;意识到
hundred;百
available;可用的
plant;植物
likely;可能
opportunity;机会
term;学期
short;短的
letter;信
condition;（健康）状况
choice;选择
single;单身的
rule;规则
daughter;女儿
administration;行政
south;南
husband;丈夫
Congress;国会
floor;地面
campaign;活动
material;材料
population;人口
economy;经济
medical;医疗的
hospital;医院
church;教会
close;关
thousand;千
risk;风险
current;当前的
fire;火
future;未来
wrong;错误的
involve;涉及
defense;防御
anyone;任何人
increase;增加
security;安全
bank;银行
myself;我
certainly;当然
west;西方
sport;运动
board;木板
seek;寻找
per;每
subject;主题
officer;官
private;私人的
rest;休息
behavior;行为
deal;交易
performance;表现
fight;斗争
throw;扔
top;最佳
quickly;迅速地
past;过去的
goal;目标
bed;床
order;命令
author;作者
fill;充满
represent;代表
focus;重点
foreign;外国的
drop;降低
blood;血液
upon;之上
agency;机构
push;推
nature;自然
color;颜色
recently;最近
store;店铺
reduce;减少
sound;声音
note;笔记
fine;美好的
near;靠近
movement;移动
page;页
enter;进入
share;分享
common;常见的
poor;较差的
natural;自然
race;种族
concern;关心
series;系列
significant;重要的
similar;相似的
hot;热的
language;语
usually;通常
response;回复
dead;死的
rise;上升
animal;动物
factor;因素
decade;十年
article;文章
shoot;射击
east;东
save;节省
seven;七
artist;艺术家
scene;场景
stock;股票
career;职业
despite;尽管
central;中央
eight;八
thus;因此
treatment;治疗
beyond;超过
happy;快乐的
exactly;确切地
protect;保护
approach;方法
lie;说谎
size;尺寸
dog;狗
fund;基金
serious;严肃的
occur;发生
media;媒体
ready;准备好
sign;符号
thought;想法
list;列表
individual;个人
simple;简单的
quality;质量
pressure;压力
accept;接受
answer;回答
resource;资源
identify;确认
left;剩下
meeting;会议
determine;决定
prepare;准备
disease;疾病
whatever;任何
success;成功
argue;争论
cup;杯子
particularly;特别
amount;数量
ability;能力
staff;职员
recognize;认出
indicate;表明
character;特点
growth;生长
loss;失利
degree;程度
wonder;想知道
attack;攻击
herself;她自己
region;地区
television;电视
box;盒子
TV;电视
training;训练
pretty;漂亮的
trade;贸易
election;选举
everybody;大家
physical;身体的
lay;躺着
general;一般的
feeling;感觉
standard;标准
bill;账单
message;信息
fail;失败
outside;外部
arrive;到达
analysis;分析
benefit;益处
sex;性别
forward;向前
lawyer;律师
present;当下
section;部分
environmental;环境的
glass;玻璃
skill;技能
sister;姐姐
PM;下午
professor;教授
operation;手术
financial;金融
crime;犯罪
stage;阶段
ok;好的
compare;相比
authority;权威
miss;错过
design;设计
sort;种类
act;行为
ten;十
knowledge;知识
gun;枪
station;车站
blue;蓝色的
strategy;战略
clearly;清楚地
discuss;讨论
indeed;的确
truth;真相
song;歌曲
example;例子
democratic;民主的
check;查看
environment;环境
leg;腿
dark;黑暗的
various;各种各样的
rather;相当
laugh;笑
guess;猜测
executive;行政人员
prove;证明
hang;悬挂
entire;全部的
rock;岩石
forget;忘记
claim;宣称
remove;消除
manager;经理
enjoy;请享用
network;网络
legal;合法的
religious;宗教的
cold;寒冷的
final;最后
main;主要的
science;科学
green;绿色
memory;记忆
card;卡片
above;以上
seat;座位
cell;细胞
establish;建立
nice;好的
trial;审判
expert;专家
spring;春天
firm;公司
Democrat;民主党人
radio;收音机
visit;访问
management;管理
avoid;避免
imagine;想象
tonight;今晚
huge;巨大的
ball;球
finish;结束
yourself;你自己
theory;理论
impact;影响
respond;回应
statement;陈述
maintain;维持
charge;收费
popular;受欢迎的
traditional;传统的
onto;到
reveal;揭示
direction;方向
weapon;武器
employee;员工
cultural;文化
contain;包含
peace;和平
pain;疼痛
apply;申请
measure;措施
wide;宽的
shake;摇
fly;飞
interview;面试
manage;管理
chair;椅子
fish;鱼
particular;特定
camera;相机
structure;结构体
politics;政治
perform;履行
bit;少量
weight;重量
suddenly;突然
discover;发现
candidate;候选人
production;生产
treat;对待
trip;旅行
evening;晚上
affect;影响
inside;里面
conference;会议
unit;单元
style;风格
adult;成人
worry;担心
range;范围
mention;提到
deep;深的
edge;边缘
specific;具体的
writer;作家
trouble;麻烦
necessary;必要的
throughout;始终
challenge;挑战
fear;恐惧
shoulder;肩膀
institution;机构
middle;中间
sea;海
dream;梦
bar;酒吧
beautiful;美丽的
property;财产
instead;反而
improve;提升
stuff;东西
detail;细节
method;方法
somebody;某人
magazine;杂志
hotel;酒店
soldier;士兵
reflect;反映
heavy;重的
sexual;性
bag;包
heat;热
marriage;婚姻
tough;艰难的
sing;唱歌
surface;表面
purpose;目的
exist;存在
pattern;图案
whom;谁
skin;皮肤
agent;代理人
owner;所有者
machine;机器
gas;气体
ahead;先
generation;一代
commercial;商业的
address;地址
cancer;癌症
item;物品
reality;现实
coach;教练
Mrs;太太
yard;院子
beat;打
violence;暴力
total;全部的
tend;趋向
investment;投资
discussion;讨论
finger;手指
garden;花园
notice;注意
collection;收藏
modern;现代的
task;任务
partner;伙伴
positive;积极的
civil;民事
kitchen;厨房
consumer;消费者
shot;射击
budget;预算
wish;希望
painting;绘画
scientist;科学家
safe;安全的
agreement;协议
capital;首都
mouth;嘴
nor;也不
victim;受害者
newspaper;报纸
threat;威胁
responsibility;责任
smile;微笑
attorney;律师
score;分数
account;帐户
interesting;有趣的
audience;观众
rich;富有的
dinner;晚餐
vote;投票
western;西
relate;涉及
travel;旅行
debate;辩论
prevent;防止
citizen;公民
majority;多数
none;没有任何
front;正面
born;出生
admit;承认
senior;高级的
assume;认为
wind;风
key;钥匙
professional;专业的
mission;使命
fast;快速地
alone;独自的
customer;顾客
suffer;遭受
speech;演讲
successful;成功的
option;选项
participant;参与者
southern;南部
fresh;新鲜的
eventually;最终
forest;森林
video;视频
global;全球的
Senate;参议院
reform;改革
access;使用权
restaurant;餐厅
judge;法官
publish;发布
relation;关系
release;发布
bird;鸟
opinion;观点
credit;信用
critical;批判的
corner;角落
concerned;担心的
recall;记起
version;版本
stare;盯
safety;安全
effective;有效的
neighborhood;邻里
original;原来的
troop;部队
income;收入
directly;直接地
hurt;伤害
species;物种
immediately;立即地
track;追踪
basic;基本的
strike;罢工
sky;天空
freedom;自由
absolutely;绝对地
plane;飞机
nobody;没有人
achieve;达到
object;目的
attitude;态度
labor;劳动
refer;参考
concept;概念
client;客户
powerful;强大的
perfect;完美的
nine;九
therefore;所以
conduct;执行
announce;宣布
conversation;对话
examine;检查
touch;触碰
please;请
attend;参加
completely;完全地
variety;种类
sleep;睡觉
involved;涉及
investigation;调查
nuclear;核
researcher;研究员
press;按
conflict;冲突
spirit;精神
replace;代替
British;英国
encourage;鼓励
argument;争论
camp;营
brain;脑
feature;特征
afternoon;下午
AM;是
weekend;周末
dozen;打
possibility;可能性
insurance;保险
department;部
battle;战斗
beginning;开始
date;日期
generally;一般来说
African;非洲人
sorry;对不起
crisis;危机
complete;完全的
fan;扇子
stick;戳
define;定义
easily;容易地
hole;洞
element;元素
vision;想象
status;地位
normal;普通的
Chinese;中国人
ship;船
solution;解决方案
stone;结石
slowly;慢慢地
scale;规模
university;大学
introduce;介绍
driver;司机
attempt;试图
park;公园
spot;点
lack;缺少
ice;冰
boat;船
drink;喝
sun;太阳
distance;距离
wood;木头
handle;处理
truck;卡车
mountain;山
survey;民意调查
supposed;应该
tradition;传统
winter;冬天
village;村庄
Soviet;苏联
refuse;拒绝
sales;销售量
roll;卷
communication;沟通
screen;屏幕
gain;获得
resident;居民
hide;隐藏
gold;金子
club;俱乐部
farm;农场
potential;潜在的
European;欧洲的
presence;在场
independent;独立的
district;区
shape;形状
reader;读者
Ms;小姐
contract;合同
crowd;人群
Christian;基督教
express;表示
apartment;公寓
willing;愿意的
strength;力量
previous;以前的
band;乐队
obviously;明显地
horse;马
interested;感兴趣的
target;目标
prison;监狱
ride;骑
guard;警卫
terms;条款
demand;要求
reporter;记者
deliver;递送
text;文本
tool;工具
wild;荒野
vehicle;车辆
observe;观察
flight;航班
facility;设施
understanding;理解
average;平均
emerge;出现
advantage;优势
quick;快的
leadership;领导
earn;赚
pound;磅
basis;基础
bright;明亮的
operate;操作
guest;来宾
sample;样本
contribute;贡献
tiny;微小的
block;堵塞
protection;保护
settle;定居
feed;喂养
collect;搜集
additional;额外的
highly;高度
identity;身份
title;标题
mostly;大多
lesson;课
faith;信仰
river;河
promote;推动
living;活的
count;数数
unless;除非
marry;结婚
tomorrow;明天
technique;技术
path;小路
ear;耳朵
shop;店铺
folk;民间
principle;原则
survive;存活
lift;电梯
border;边界
competition;竞赛
jump;跳
gather;收集
limit;限制
fit;合身
cry;哭
equipment;设备
worth;值得
associate;联系
critic;评论家
warm;温暖的
aspect;方面
insist;坚持
failure;失败
annual;年度的
French;法语
Christmas;圣诞节
comment;评论
responsible;负责任的
affair;事务
procedure;程序
regular;常规的
spread;传播
chairman;主席
baseball;棒球
soft;柔软的
ignore;忽视
egg;蛋
belief;信仰
demonstrate;证明
anybody;任何人
murder;谋杀
gift;礼物
religion;宗教
review;审查
editor;编辑
engage;从事
coffee;咖啡
document;文档
speed;速度
cross;叉
influence;影响
anyway;反正
threaten;威胁
commit;犯罪
female;女性
youth;青年
wave;海浪
afraid;害怕
quarter;四分之一
background;背景
native;本国的
broad;广阔
wonderful;精彩的
deny;否定
apparently;显然
slightly;轻微地
reaction;反应
twice;两次
suit;套装
perspective;看法
growing;生长
blow;吹
construction;建造
intelligence;智力
destroy;破坏
cook;厨师
connection;联系
burn;烧伤
shoe;鞋子
grade;年级
context;语境
committee;委员会
hey;嘿
mistake;错误
location;地点
clothes;衣服
Indian;印度人
quiet;安静的
dress;裙子
promise;承诺
aware;知道的
neighbor;邻居
function;功能
bone;骨
active;积极的
extend;延长
chief;首席
combine;结合
wine;葡萄酒
below;以下
cool;凉爽的
voter;选民
learning;学习
bus;公共汽车
hell;地狱
dangerous;危险的
remind;提醒
moral;道德
United;团结的
category;类别
relatively;相对地
victory;胜利
academic;学术的
Internet;互联网
healthy;健康
negative;消极的
following;下列的
historical;历史的
medicine;药物
tour;旅游
depend;依靠
photo;照片
finding;发现
grab;抓住
direct;直接的
classroom;课堂
contact;接触
justice;正义
participate;参加
daily;日常的
fair;公平的
pair;一对
famous;著名的
exercise;锻炼
knee;膝盖
flower;花
tape;胶带
hire;聘请
familiar;熟悉的
appropriate;合适的
supply;供应
fully;完全
actor;演员
birth;出生
search;搜索
tie;领带
democracy;民主
eastern;东
primary;基本的
yesterday;昨天
circle;圆圈
device;设备
progress;进步
bottom;底部
island;岛
exchange;交换
clean;干净的
studio;工作室
train;火车
lady;淑女
colleague;同事
application;应用
neck;脖子
lean;倾斜
damage;损害
plastic;塑料
tall;高
plate;盘子
hate;恨
otherwise;否则
writing;写作
male;男性
alive;活
expression;表达
football;足球
intend;打算
chicken;鸡
army;军队
abuse;虐待
theater;剧院
shut;关闭
map;地图
extra;额外的
session;会议
danger;危险
welcome;欢迎
domestic;国内的
lots;很多
literature;文学
rain;雨
desire;欲望
assessment;评估
injury;受伤
respect;尊重
northern;北方
nod;点头
paint;画
fuel;汽油
leaf;叶子
dry;干燥
Russian;俄语
instruction;操作说明
pool;水池
climb;爬
sweet;甜的
engine;引擎
fourth;第四
salt;盐
expand;扩张
importance;重要性
metal;金属
fat;胖的
ticket;票
software;软件
disappear;消失
corporate;公司的
strange;奇怪的
lip;唇
reading;阅读
urban;城市的
mental;精神的
increasingly;日益
lunch;午餐
educational;教育
somewhere;某处
farmer;农民
sugar;糖
planet;行星
favorite;最喜欢的
explore;探索
obtain;获得
enemy;敌人
greatest;最伟大的
complex;复杂的
surround;环绕
athlete;运动员
invite;邀请
repeat;重复
carefully;小心
soul;灵魂
scientific;科学的
impossible;不可能的
panel;控制板
meaning;意义
mom;妈妈
married;已婚
instrument;乐器
predict;预测
weather;天气
presidential;总统
emotional;情绪化的
commitment;承诺
Supreme;最高
bear;熊
pocket;口袋
thin;薄的
temperature;温度
surprise;惊喜
poll;轮询
proposal;提议
consequence;结果
breath;呼吸
sight;视线
balance;平衡
adopt;采纳
minority;少数民族
straight;直的
connect;连接
works;作品
teaching;教学
belong;属于
aid;援助
advice;建议
okay;好的
photograph;照片
empty;空的
regional;区域性
trail;踪迹
novel;小说
code;代码
somehow;不知何故
organize;组织
jury;陪审团
breast;胸部
Iraqi;伊拉克人
acknowledge;承认
theme;主题
storm;风暴
union;联盟
desk;桌子
thanks;谢谢
fruit;水果
expensive;昂贵的
yellow;黄色
conclusion;结论
prime;主要
shadow;阴影
struggle;斗争
conclude;得出结论
analyst;分析师
dance;舞蹈
regulation;规定
being;存在
ring;戒指
largely;大部分
shift;转移
revenue;收入
mark;标记
locate;定位
county;县
appearance;外貌
package;包裹
difficulty;困难
bridge;桥
recommend;推荐
obvious;明显的
basically;基本上
e-mail;电子邮件
generate;产生
anymore;不再
propose;提出
thinking;思维
possibly;可能
trend;趋势
visitor;游客
loan;贷款
currently;目前
comfortable;舒服的
investor;投资者
profit;利润
angry;生气的
crew;全体人员
accident;事故
meal;一顿饭
hearing;听力
traffic;交通
muscle;肌肉
notion;概念
capture;捕获
prefer;更喜欢
truly;真的
earth;地球
Japanese;日本人
chest;胸部
thick;厚的
cash;现金
museum;博物馆
beauty;美丽
emergency;紧急情况
unique;独特的
internal;内部的
ethnic;种族的
link;关联
stress;压力
content;内容
select;选择
root;根
nose;鼻子
declare;宣布
appreciate;欣赏
actual;实际的
bottle;瓶子
hardly;几乎不
setting;环境
launch;发射
file;文件
sick;生病的
outcome;结果
ad;广告
defend;防守
duty;责任
sheet;床单
ought;应该
ensure;确保
Catholic;天主教
extremely;极其
extent;程度
component;零件
mix;混合
long-term;长期
slow;减缓
contrast;对比
zone;区
wake;唤醒
airport;飞机场
brown;棕色的
shirt;衬衫
pilot;飞行员
warn;警告
ultimately;最终
cat;猫
contribution;贡献
capacity;容量
ourselves;我们自己
estate;财产
guide;指导
circumstance;环境
snow;雪
English;英语
politician;政治家
steal;偷
pursue;追求
slip;滑
percentage;百分比
meat;肉
funny;有趣的
neither;两者都不
soil;土壤
surgery;手术
correct;正确的
Jewish;犹太人
blame;责备
estimate;估计
due;到期的
basketball;篮球
golf;高尔夫球
investigate;调查
crazy;疯狂的
significantly;显著地
chain;链
branch;分支
combination;组合
frequently;频繁地
governor;州长
relief;宽慰
user;用户
dad;爸爸
kick;踢
manner;方式
ancient;古老的
silence;安静
rating;评分
golden;金的
motion;运动
German;德语
gender;性别
solve;解决
fee;费用
landscape;景观
used;用过的
bowl;碗
equal;平等的
forth;向前
frame;框架
typical;典型的
except;除了
conservative;保守的
eliminate;排除
host;主持人
hall;大厅
trust;相信
ocean;海洋
row;排
producer;制片人
afford;买得起
meanwhile;同时
regime;政权
division;分配
confirm;确认
fix;使固定
appeal;上诉
mirror;镜子
tooth;齿
smart;聪明的
length;长度
entirely;完全
rely;依靠
topic;话题
complain;投诉
variable;多变的
telephone;电话
perception;洞察力
attract;吸引
confidence;信心
bedroom;卧室
secret;秘密
debt;债务
rare;稀有的
tank;坦克
nurse;护士
coverage;覆盖范围
opposition;反对
aside;在旁边
anywhere;任何地方
bond;纽带
pleasure;乐趣
master;掌握
era;时代
requirement;要求
fun;乐趣
expectation;期待
wing;翅膀
separate;分离
somewhat;有些
pour;为了
stir;搅拌
judgment;判断
beer;啤酒
reference;参考
tear;眼泪
doubt;怀疑
grant;授予
seriously;严重地
minister;部长
totally;完全
hero;英雄
industrial;工业的
cloud;云
stretch;拉紧
winner;优胜者
volume;体积
seed;种子
surprised;吃惊
fashion;时尚
pepper;胡椒
busy;忙碌的
intervention;干涉
copy;复制
tip;小费
cheap;便宜的
aim;目标
cite;引用
welfare;福利
vegetable;蔬菜
gray;灰色的
dish;盘子
beach;海滩
improvement;改进
everywhere;到处
opening;开幕
overall;全面的
divide;划分
initial;最初的
terrible;糟糕的
oppose;反对
contemporary;当代的
route;路线
multiple;多
essential;基本的
league;联盟
criminal;刑事
careful;小心
core;核
upper;上
rush;匆忙
necessarily;一定
specifically;具体来说
tired;疲劳的
employ;采用
holiday;假期
vast;广阔的
resolution;解析度
household;家庭
fewer;更少
abortion;流产
apart;分开
witness;见证
match;匹配
barely;仅仅
sector;部门
representative;代表
beneath;下面
beside;旁
incident;事件
limited;有限的
proud;自豪的
flow;流动
faculty;学院
increased;增加
waste;浪费
merely;仅仅
mass;大量的
emphasize;强调
experiment;实验
definitely;确实
bomb;炸弹
enormous;巨大的
tone;语气
liberal;自由主义的
massive;大量的
engineer;工程师
wheel;车轮
decline;衰退
invest;投资
cable;电缆
towards;向
expose;暴露
rural;乡村的
AIDS;艾滋病
Jew;或者
narrow;狭窄
cream;奶油
secretary;秘书
gate;门
solid;坚硬的
hill;爬坡道
typically;通常
noise;噪音
grass;草
unfortunately;很遗憾
hat;有
legislation;立法
succeed;成功
celebrate;庆祝
achievement;成就
fishing;钓鱼
accuse;指控
useful;有用
reject;拒绝
talent;天赋
taste;品尝
characteristic;特征
milk;牛奶
escape;逃脱
cast;投掷
sentence;句子
unusual;异常
closely;密切
convince;说服
height;高度
physician;医师
assess;评估
plenty;很多
virtually;几乎
addition;添加
sharp;锋利的
creative;有创造力的
lower;降低
approve;批准
explanation;解释
gay;同性恋
campus;校园
proper;恰当的
guilty;有罪的
acquire;获得
compete;竞争
technical;技术的
plus;加
immigrant;移民
weak;虚弱的
illegal;非法的
hi;你好
alternative;选择
interaction;相互作用
column;柱子
personality;性格
signal;信号
curriculum;课程
honor;荣誉
passenger;乘客
assistance;协助
forever;永远
regard;看待
Israeli;以色列
association;协会
twenty;二十
knock;敲
wrap;裹
lab;实验室
display;展示
criticism;批评
asset;资产
depression;沮丧
spiritual;精神
musical;音乐
journalist;记者
prayer;祷告
suspect;嫌疑犯
scholar;学者
warning;警告
climate;气候
cheese;起司
observation;观察
childhood;童年
payment;支付
sir;先生
permit;允许
cigarette;香烟
definition;定义
priority;优先
bread;面包
creation;创建
graduate;毕业
request;要求
emotion;感情
scream;尖叫
dramatic;戏剧性
universe;宇宙
gap;差距
excellent;出色的
deeply;深
prosecutor;检察官
lucky;幸运的
drag;拖
airline;航空公司
library;图书馆
agenda;议程
recover;恢复
factory;工厂
selection;选择
primarily;主要是
roof;屋顶
unable;无法
expense;费用
initiative;倡议
diet;饮食
arrest;逮捕
funding;资金
therapy;治疗
wash;洗
schedule;日程
sad;伤心
brief;简短的
housing;住房
post;邮政
purchase;购买
existing;现存的
steel;钢
regarding;关于
shout;喊
remaining;其余的
visual;视觉的
fairly;相当
chip;芯片
violent;暴力
silent;沉默的
suppose;认为
self;自己
bike;自行车
tea;茶
perceive;感知
comparison;比较
settlement;沉降
layer;层
planning;规划
description;描述
slide;滑动
widely;广泛
wedding;婚礼
inform;通知
portion;部分
territory;领土
immediate;即时
opponent;对手
abandon;放弃
lake;湖
transform;转换
tension;紧张
leading;领导
bother;打扰
consist;组成
alcohol;酒精
enable;使能够
bend;弯曲
saving;保存
desert;沙漠
shall;将
error;错误
cop;警察
Arab;阿拉伯
double;双倍的
sand;沙
Spanish;西班牙语
print;打印
preserve;保存
passage;通道
formal;正式的
transition;过渡
existence;存在
album;专辑
participation;参与
arrange;安排
atmosphere;气氛
joint;联合的
reply;回复
cycle;循环
opposite;对面的
lock;锁
deserve;应得
consistent;持续的
resistance;反抗
discovery;发现
exposure;暴露
pose;摆姿势
stream;溪流
sale;销售
pot;锅
grand;盛大
mine;矿
hello;你好
coalition;联盟
tale;故事
knife;刀
resolve;解决
racial;种族的
phase;阶段
joke;玩笑
coat;外套
Mexican;墨西哥人
symptom;症状
manufacturer;制造商
philosophy;哲学
potato;土豆
foundation;基础
quote;引用
online;在线的
negotiation;谈判
urge;敦促
occasion;场合
dust;灰尘
breathe;呼吸
elect;选
investigator;研究者
jacket;夹克
glad;高兴的
ordinary;普通的
reduction;减少
rarely;很少
pack;盒
suicide;自杀
numerous;很多的
substance;物质
discipline;纪律
elsewhere;别处
iron;铁
practical;实际的
moreover;而且
passion;热情
volunteer;志愿者
implement;实施
essentially;本质上
gene;基因
enforcement;执法
vs;对比
sauce;酱
independence;独立
marketing;营销
priest;牧师
amazing;惊人
intense;激烈的
advance;进步
employer;雇主
shock;震惊
inspire;启发
adjust;调整
retire;退休
visible;可见的
kiss;吻
illness;疾病
cap;帽
habit;习惯
competitive;竞争的
juice;果汁
congressional;国会
involvement;参与
dominate;支配
previously;之前
whenever;每当
transfer;转移
analyze;分析
attach;附
disaster;灾难
parking;停車處
prospect;展望
boss;老板
complaint;抱怨
championship;锦标赛
fundamental;基本的
severe;严重的
enhance;提高
mystery;神秘
impose;强加
poverty;贫困
entry;入口
spending;开支
king;王
evaluate;评估
symbol;象征
maker;制作者
mood;情绪
accomplish;完成
emphasis;强调
illustrate;阐明
boot;开机
monitor;监视器
Asian;亚洲人
entertainment;娱乐
bean;豆
evaluation;评估
creature;生物
commander;指挥官
digital;数字的
arrangement;安排
concentrate;集中
usual;通常
anger;愤怒
psychological;心理
heavily;重度
peak;顶峰
approximately;大约
increasing;增加
disorder;紊乱
missile;导弹
equally;一样
vary;各不相同
wire;金属丝
round;圆形的
distribution;分配
transportation;运输
holy;圣
twin;双胞胎
command;命令
commission;委员会
interpretation;解释
breakfast;早餐
strongly;强烈
engineering;工程
luck;运气
so-called;所谓的
constant;持续的
clinic;诊所
veteran;老将
smell;闻
tablespoon;汤匙
capable;有能力的
nervous;紧张的
tourist;游客
toss;折腾
crucial;至关重要的
bury;埋葬
pray;祈祷
tomato;番茄
exception;例外
butter;牛油
deficit;赤字
bathroom;浴室
objective;客观的
electronic;电子的
ally;盟国
journey;旅行
reputation;名声
mixture;混合物
surely;一定
tower;塔
smoke;抽烟
confront;面对
pure;纯的
glance;一目了然
dimension;方面
toy;玩具
prisoner;囚犯
fellow;伙计
smooth;光滑的
nearby;附近
peer;同行
designer;设计师
personnel;人员
educator;教育家
relative;相对的
immigration;移民
belt;腰带
teaspoon;茶匙
birthday;生日
implication;含义
perfectly;完美
coast;海岸
supporter;支持者
accompany;陪伴
silver;银
teenager;青少年
recognition;认出
retirement;退休
flag;旗帜
recovery;恢复
whisper;耳语
gentleman;绅士
corn;玉米
moon;月亮
inner;内
junior;初级
throat;喉
salary;薪水
swing;摇摆
observer;观察者
publication;出版物
crop;庄稼
dig;你
permanent;永恒的
phenomenon;现象
anxiety;焦虑
unlike;不像
wet;弄湿
literally;字面上地
resist;抵抗
convention;惯例
embrace;拥抱
assist;助攻
exhibition;展览
construct;构造
viewer;观众
pan;平底锅
consultant;顾问
administrator;行政人员
occasionally;偶尔
mayor;市长
consideration;考虑
CEO;首席执行官
secure;安全的
pink;粉色的
buck;降压
historic;历史性
poem;诗
grandmother;祖母
bind;绑定
fifth;第五
constantly;不断地
enterprise;企业
favor;青睐
testing;测试
stomach;胃
apparent;明显的
weigh;称重
install;安装
sensitive;敏感的
suggestion;建议
mail;邮件
recipe;食谱
reasonable;合理的
preparation;准备
wooden;木制的
elementary;初级
concert;音乐会
aggressive;挑衅的
FALSE;错误的
intention;意图
channel;渠道
extreme;极端
tube;管子
drawing;绘画
protein;蛋白质
quit;退出
absence;缺席
Latin;拉丁
rapidly;迅速
jail;监狱
diversity;多样性
honest;诚实的
Palestinian;巴勒斯坦人
pace;步伐
employment;就业
speaker;扬声器
impression;印象
essay;散文
respondent;受访者
giant;巨大的
cake;蛋糕
historian;历史学家
negotiate;谈判
restore;恢复
substantial;重大的
pop;流行音乐
specialist;专家
origin;起源
approval;赞同
quietly;悄悄
advise;建议
conventional;传统的
depth;深度
wealth;财富
disability;失能
shell;壳
criticize;批评
effectively;有效
biological;生物
onion;洋葱
deputy;副
flat;平坦的
brand;牌
assure;保证
mad;疯狂的
award;奖
criteria;标准
dealer;经销商
via;通过
utility;效用
precisely;恰恰
arise;出现
armed;武装
nevertheless;尽管如此
highway;高速公路
clinical;临床
routine;常规
wage;工资
normally;一般
phrase;短语
ingredient;成分
stake;赌注
Muslim;穆斯林
fiber;纤维
activist;活动家
Islamic;伊斯兰
snap;折断
terrorism;恐怖主义
refugee;难民
incorporate;包含
hip;时髦的
ultimate;最终的
switch;转变
corporation;公司
valuable;有价值的
assumption;假设
gear;齿轮
barrier;障碍
minor;次要的
provision;条款
killer;杀手
assign;分配
gang;帮派
developing;发展
classic;经典的
chemical;化学
label;标签
teen;青少年
index;指数
vacation;假期
advocate;提倡
draft;草稿
extraordinary;非凡的
heaven;天堂
rough;粗糙的
yell;叫喊
pregnant;孕
distant;遥远
drama;戏剧
satellite;卫星
personally;亲自
clock;钟
chocolate;巧克力
Italian;意大利语
Canadian;加拿大人
ceiling;天花板
sweep;扫
advertising;广告
universal;普遍的
spin;旋转
button;按钮
bell;钟
rank;秩
darkness;黑暗
clothing;衣服
super;极好的
yield;屈服
fence;栅栏
portrait;肖像
survival;生存
roughly;大致
lawsuit;诉讼
testimony;见证
bunch;束
found;成立
burden;负担
react;反应
chamber;室
furniture;家具
cooperation;合作
string;细绳
ceremony;仪式
communicate;交流
cheek;脸颊
lost;丢失的
profile;轮廓
mechanism;机制
disagree;不同意
penalty;惩罚
ie;IE
resort;采取
destruction;破坏
unlikely;不太可能
tissue;组织
constitutional;宪法
pant;喘气
stranger;陌生人
infection;感染
cabinet;内阁
broken;破碎的
apple;苹果
electric;电的
proceed;继续
bet;但
literary;文学的
virus;病毒
stupid;愚蠢的
dispute;争议
fortune;财富
strategic;战略
assistant;助手
overcome;克服
remarkable;卓越
occupy;占据
statistics;统计数据
shopping;购物
cousin;表哥
encounter;遇到
wipe;擦拭
initially;最初
blind;瞎的
port;港口
electricity;电
genetic;遗传
adviser;顾问
spokesman;发言人
retain;保持
latter;后者
incentive;激励
slave;奴隶
translate;翻译
accurate;准确的
whereas;然而
terror;恐怖
expansion;扩张
elite;精英
Olympic;奥林匹克
dirt;污垢
odd;奇怪的
rice;白饭
bullet;子弹
tight;紧的
Bible;圣经
chart;图表
solar;太阳的
square;正方形
concentration;专注
complicated;复杂
gently;轻轻地
champion;冠军
scenario;设想
telescope;望远镜
reflection;反射
revolution;革命
strip;跳闸
interpret;解释
friendly;友谊赛
tournament;比赛
fiction;小说
detect;探测
tremendous;巨大的
lifetime;寿命
recommendation;推荐
senator;参议员
hunting;打猎
salad;沙拉
guarantee;保证
innocent;清白的
boundary;边界
pause;暂停
remote;偏僻的
satisfaction;满意
journal;杂志
bench;长椅
lover;情人
raw;生的
awareness;意识
surprising;奇怪
withdraw;提取
deck;甲板
similarly;相似地
newly;新
pole;没有
testify;作证
mode;模式
dialogue;对话
imply;意味着
naturally;自然
mutual;相互的
founder;创始人
advanced;先进的
pride;自豪
dismiss;解雇
aircraft;飞机
delivery;送货
mainly;主要是
bake;烤
freeze;冻结
platform;平台
finance;金融
sink;下沉
attractive;吸引人的
diverse;各种各样的
relevant;相关的
ideal;理想的
joy;喜悦
regularly;经常
working;在职的
singer;歌手
evolve;发展
shooting;射击
partly;部分地
unknown;未知
offense;罪行
counter;柜台
DNA;脱氧核糖核酸
potentially;潜在的
thirty;三十
justify;证明合法
protest;抗议
crash;碰撞
craft;工艺
treaty;条约
terrorist;恐怖分子
insight;洞察力
possess;具有
politically;政治上
tap;轻敲
extensive;广泛的
episode;插曲
swim;游泳
tire;胎
fault;过错
loose;松动的
shortly;不久
originally;起初
considerable;大量
prior;事先的
intellectual;知识分子
assault;突击
relax;放松
stair;楼梯
adventure;冒险
external;外部的
proof;证明
confident;自信的
headquarters;总部
sudden;突然
dirty;肮脏的
violation;违反
tongue;舌头
license;执照
shelter;庇护所
rub;擦
controversy;争议
entrance;入口
properly;适当地
fade;褪色
defensive;防守
tragedy;悲剧
net;网
characterize;表征
funeral;葬礼
profession;职业
alter;改变
constitute;构成
establishment;成立
squeeze;挤
imagination;想像力
mask;面具
convert;兑换
comprehensive;综合的
prominent;著名的
presentation;介绍
regardless;不管
load;加载
stable;稳定的
introduction;介绍
pretend;假装
elderly;老年
representation;表示
deer;鹿
split;分裂
violate;违反
partnership;合伙
pollution;污染
emission;排放
steady;稳定的
vital;重要
fate;命运
earnings;收益
oven;烤箱
distinction;区别
segment;部分
nowhere;无处
poet;诗人
mere;更多的
exciting;令人兴奋的
variation;变化
comfort;舒适
radical;激进的
adapt;适应
Irish;爱尔兰语
honey;蜂蜜
correspondent;通讯员
pale;苍白
musician;音乐家
significance;意义
vessel;血管
storage;贮存
flee;逃跑
mm-hmm;嗯嗯
leather;皮革
distribute;分发
evolution;进化
ill;患病的
tribe;部落
shelf;架子
grandfather;祖父
lawn;草地
buyer;买方
dining;用餐
wisdom;智慧
council;理事会
vulnerable;易受伤害的
instance;实例
garlic;大蒜
capability;能力
poetry;诗歌
celebrity;名人
gradually;逐步地
stability;稳定
fantasy;幻想
scared;害怕的
plot;阴谋
framework;框架
gesture;手势
depending;取决于
ongoing;进行中
psychology;心理学
counselor;顾问
chapter;章节
divorce;离婚
owe;欠
pipe;管道
athletic;竞技
slight;轻微
math;数学
shade;阴凉处
tail;尾巴
sustain;支持
mount;山
obligation;义务
angle;角度
palm;棕榈
differ;不同
custom;风俗
economist;经济学家
fifteen;十五
soup;汤
celebration;庆典
efficient;高效的
composition;作品
satisfy;满足
pile;桩
briefly;简要地
carbon;碳
closer;更近
consume;消耗
scheme;方案
crack;裂缝
frequency;频率
tobacco;烟草
survivor;幸存者
besides;除了
psychologist;心理学家
wealthy;富裕
galaxy;星系
given;给定
ski;滑雪
limitation;局限性
trace;痕迹
appointment;预约
preference;偏爱
meter;仪表
explosion;爆炸
publicly;公开的
incredible;极好的
fighter;战斗机
rapid;迅速的
admission;录取
hunter;猎人
educate;教育
painful;痛苦
friendship;友谊
aide;助手
infant;婴儿
calculate;计算
fifty;五十
rid;摆脱
porch;门廊
tendency;趋势
uniform;制服
formation;形成
scholarship;奖学金
reservation;预订
efficiency;效率
qualify;合格
mall;购物中心
derive;派生
scandal;丑闻
PC;个人电脑
helpful;有帮助
impress;留下深刻印象
heel;全部
resemble;类似
privacy;隐私
fabric;织物
contest;比赛
proportion;部分
guideline;指导方针
rifle;步枪
maintenance;维护
conviction;定罪
trick;诡计
organic;有机的
tent;帐篷
examination;考试
publisher;出版商
strengthen;加强
proposed;建议的
myth;神话
sophisticated;复杂的
cow;奶牛
etc;ETC
standing;常设
asleep;睡着了
tennis;网球
nerve;神经
barrel;桶
bombing;轰炸
membership;会员资格
ratio;比率
menu;菜单
controversial;有争议的
desperate;绝望的
lifestyle;生活方式
humor;幽默
loud;响亮的
glove;手套
sufficient;充足的
narrative;叙述
photographer;摄影师
helicopter;直升机
modest;谦虚的
provider;提供者
delay;延迟
agricultural;农业
explode;爆炸
stroke;中风
scope;范围
punishment;惩罚
handful;一把
badly;严重
horizon;地平线
curious;好奇的
downtown;市中心
girlfriend;女朋友
prompt;迅速的
cholesterol;胆固醇
absorb;吸收
adjustment;调整
taxpayer;纳税人
eager;渴望的
principal;主要的
detailed;详细的
motivation;动机
assignment;任务
restriction;限制
laboratory;实验室
workshop;作坊
differently;不同的
auto;汽车
romantic;浪漫的
cotton;棉布
motor;马达
sue;起诉
flavor;味道
overlook;俯瞰
float;漂浮
undergo;经历
sequence;序列
demonstration;示范
jet;喷射
orange;橙
consumption;消耗
assert;断言
blade;刀
temporary;暂时的
medication;药物
cabin;舱
bite;咬
edition;编辑
valley;谷
yours;你的
pitch;沥青
pine;松树
brilliant;杰出的
versus;相对
manufacturing;制造业
absolute;绝对
chef;厨师
discrimination;歧视
offensive;进攻
boom;繁荣
register;登记
appoint;委
heritage;遗产
God;上帝
dominant;主导的
successfully;成功地
shit;拉屎
lemon;柠檬
hungry;饥饿的
wander;漫步
submit;提交
economics;经济学
naked;裸
anticipate;预料
nut;坚果
legacy;遗产
extension;扩大
shrug;耸耸肩
battery;电池
arrival;到达
legitimate;合法的
orientation;方向
inflation;通货膨胀
cope;应付
flame;火焰
cluster;簇
wound;伤口
dependent;依赖的
shower;淋浴
institutional;体制
depict;描绘
operating;操作
flesh;肉
garage;车库
operator;操作员
instructor;讲师
collapse;坍塌
borrow;借
furthermore;此外
comedy;喜剧
mortgage;抵押
sanction;制裁
civilian;平民
twelve;十二
weekly;每周
habitat;栖息地
grain;粮食
brush;刷子
consciousness;意识
devote;奉献
measurement;测量
province;省
ease;舒适
seize;抢占
ethics;伦理
nomination;提名
permission;允许
wise;明智的
actress;演员
summit;首脑
acid;酸
odds;赔率
gifted;天才
frustration;挫折
medium;中等的
physically;身体上
distinguish;区分
shore;支撑
repeatedly;反复
lung;肺
running;跑步
distinct;清楚的
artistic;艺术的
discourse;话语
basket;篮子
ah;啊
fighting;斗争
impressive;感人的
competitor;竞争者
ugly;丑陋的
worried;担心
portray;写真
powder;粉末
ghost;鬼
persuade;说服
moderate;缓和
subsequent;随后的
continued;继续
cookie;曲奇饼
carrier;载体
cooking;烹饪
frequent;频繁
ban;禁止
awful;可怕
admire;钦佩
pet;宠物
miracle;奇迹
exceed;超出
rhythm;韵律
widespread;广泛
killing;杀戮
lovely;迷人的
sin;罪
charity;慈善机构
script;脚本
tactic;战术
identification;鉴别
transformation;转型
everyday;每天
headline;标题
venture;风险投资
invasion;入侵
nonetheless;尽管如此
adequate;足够的
piano;钢琴
grocery;杂货店
intensity;强度
exhibit;展示
blanket;毯子
margin;利润
quarterback;四分卫
mouse;鼠
rope;绳索
concrete;具体的
prescription;处方
African-American;非裔美国人
chase;追赶
brick;砖
recruit;招募
patch;修补
consensus;共识
horror;恐怖
recording;记录
changing;改变
painter;画家
colonial;殖民
pie;在
sake;清酒
gaze;注视
courage;勇气
pregnancy;怀孕
swear;发誓
defeat;打败
clue;线索
reinforce;加强
confusion;混乱
slice;片
occupation;职业
dear;亲
coal;煤炭
sacred;神圣
formula;公式
cognitive;认知的
collective;集体
exact;精确的
uncle;叔叔
captain;队长
sigh;叹
attribute;属性
dare;敢
homeless;无家可归
gallery;画廊
soccer;足球
defendant;被告
tunnel;隧道
fitness;健康
lap;圈
grave;墓穴
toe;然后
container;容器
virtue;美德
abroad;国外
architect;建筑师
dramatically;戏剧性地
makeup;化妆品
inquiry;询问
rose;玫瑰
surprisingly;出奇
highlight;强调
decrease;减少
indication;指示
rail;轨
anniversary;周年纪念日
couch;长椅
alliance;联盟
hypothesis;假设
boyfriend;男朋友
compose;撰写
mess;混乱
legend;传奇
regulate;调节
adolescent;青少年
shine;闪耀
norm;规范
upset;沮丧的
remark;评论
resign;辞职
reward;报酬
gentle;温和的
related;有关的
organ;器官
lightly;轻轻
concerning;关于
invent;发明
laughter;笑声
northwest;西北
counseling;辅导
receiver;接收者
ritual;仪式
insect;昆虫
interrupt;打断
salmon;三文鱼
trading;贸易
magic;魔法
superior;优越的
combat;战斗
stem;干
surgeon;外科医生
acceptable;可接受的
physics;物理
rape;强奸
counsel;法律顾问
jeans;牛仔裤
hunt;打猎
continuous;连续的
log;日志
echo;回声
pill;丸
excited;兴奋的
sculpture;雕塑
compound;化合物
integrate;整合
flour;面粉
bitter;苦的
bare;只是
slope;坡
rent;租
presidency;总统职位
serving;服务
subtle;微妙的
greatly;大大
bishop;主教
drinking;喝
acceptance;验收
pump;泵
candy;糖果
evil;邪恶的
pleased;高兴
medal;勋章
beg;求
sponsor;赞助
ethical;道德的
secondary;中学
slam;大满贯
export;出口
experimental;实验
melt;熔化
midnight;午夜
curve;曲线
integrity;正直
entitle;授权
evident;明显
logic;逻辑
essence;本质
exclude;排除
harsh;残酷的
closet;壁橱
suburban;郊区的
greet;迎接
interior;内部的
corridor;走廊
retail;零售
pitcher;投手
march;行进
snake;蛇
excuse;借口
weakness;弱点
pig;猪
classical;古典
estimated;估计的
T-shirt;T恤
unemployment;失业
civilization;文明
fold;折叠
reverse;撤销
missing;失踪
correlation;相关性
humanity;人性
flash;闪光
developer;开发商
reliable;可靠的
excitement;激动
beef;牛肉
Islam;伊斯兰教
Roman;罗马
architecture;建筑学
occasional;偶然
administrative;行政的
elbow;弯头
deadly;致命
Hispanic;西班牙裔
allegation;指控
confuse;迷惑
airplane;飞机
monthly;每月
duck;鸭
dose;剂量
Korean;韩国人
plead;恳求
initiate;发起
lecture;演讲
van;从
sixth;第六
bay;湾
mainstream;主流
suburb;市郊
sandwich;三明治
trunk;树干
rumor;谣言
implementation;执行
swallow;吞
motivate;激励
render;使成为
longtime;很久
trap;陷阱
restrict;严格
cloth;布
seemingly;似乎
legislative;立法
effectiveness;效力
enforce;执行
lens;镜片
inspector;检查员
lend;借
plain;清楚的
fraud;欺诈罪
companion;伴侣
contend;抗衡
nail;指甲
array;大批
strict;严格的
assemble;集合
frankly;坦白说
rat;鼠
hay;好的
hallway;门厅
cave;洞穴
inevitable;不可避免的
southwest;西南
monster;怪物
unexpected;意外
obstacle;障碍
facilitate;促进
rip;撕裂
herb;草本植物
overwhelming;压倒
integration;一体化
crystal;水晶
recession;经济衰退
written;书面
motive;动机
flood;洪水
pen;笔
ownership;所有权
nightmare;恶梦
inspection;检查
supervisor;导师
consult;咨询
arena;竞技场
diagnosis;诊断
possession;拥有
forgive;原谅
consistently;始终如一
basement;地下室
drift;漂移
drain;流走
prosecution;起诉
maximum;最大
announcement;公告
warrior;战士
prediction;预言
bacteria;细菌
questionnaire;问卷
mud;泥
infrastructure;基础设施
hurry;匆忙
privilege;特权
temple;寺庙
outdoor;户外的
suck;吸
and/or;和/或
broadcast;播送
re;回覆
leap;飞跃
random;随机的
wrist;手腕
curtain;窗帘
pond;池塘
domain;领域
guilt;有罪
cattle;牛
walking;步行
playoff;挑拨
minimum;最低限度
fiscal;财
skirt;短裙
dump;倾倒
hence;因此
database;数据库
uncomfortable;不舒服
execute;执行
limb;肢
ideology;思想
tune;调
continuing;继续
harm;伤害
railroad;铁路
endure;忍受
radiation;辐射
horn;喇叭
chronic;慢性的
peaceful;平静的
innovation;创新
strain;拉紧
guitar;吉他
replacement;替代品
behave;表现
administer;管理
simultaneously;同时
dancer;舞蹈家
amendment;修正案
pad;软垫
transmission;传播
await;等待
retired;退休
trigger;扳机
spill;洒
grateful;感激的
grace;优雅
virtual;虚拟的
colony;殖民地
adoption;采用
indigenous;土著
closed;关闭
convict;定罪
towel;毛巾
modify;调整
particle;粒子
prize;奖
landing;降落
boost;促进
bat;一
alarm;警报
festival;节日
grip;紧握
weird;诡异的
undermine;破坏
freshman;大一新生
sweat;流汗
outer;外
drunk;醉
separation;分离
traditionally;传统上
govern;治理
southeast;东南
intelligent;聪明的
wherever;无论在哪里
ballot;选票
rhetoric;修辞
convinced;深信不疑
driving;驾驶
vitamin;维他命
enthusiasm;热情
accommodate;容纳
praise;称赞
injure;损伤
wilderness;荒野
endless;无尽的
mandate;授权
respectively;分别
uncertainty;不确定
chaos;混乱
mechanical;机械的
canvas;帆布
forty;四十
lobby;大堂
profound;深刻的
format;格式
trait;特征
currency;货币
turkey;火鸡
reserve;预订
beam;光束
astronomer;天文学家
corruption;腐败
contractor;承包商
apologize;道歉
doctrine;教义
genuine;真的
thumb;拇指
unity;统一
compromise;妥协
horrible;可怕
behavioral;行为的
exclusive;独家的
scatter;分散
commonly;通常
convey;传达
twist;捻
complexity;复杂
fork;叉子
disk;磁盘
relieve;缓解
suspicion;怀疑
health-care;卫生保健
residence;住宅
shame;耻辱
meaningful;有意义的
sidewalk;人行道
Olympics;奥运会
technological;技术
signature;签名
pleasant;令人愉快的
wow;哇
suspend;暂停
rebel;反叛
frozen;冷冻
spouse;伴侣
fluid;体液
pension;养老金
resume;恢复
theoretical;理论上的
sodium;钠
promotion;晋升
delicate;精美的
forehead;前额
rebuild;重建
bounce;弹跳
electrical;电气
hook;钩
detective;侦探
traveler;游客
click;点击
compensation;赔偿
exit;出口
attraction;吸引力
dedicate;奉献
altogether;共
pickup;捡起
carve;雕刻
needle;针
belly;腹部
scare;吓
portfolio;文件夹
shuttle;穿梭
invisible;无形的
timing;定时
engagement;订婚
ankle;踝
transaction;交易
rescue;救援
counterpart;对方
historically;历史上
firmly;牢牢
mild;温和的
rider;骑士
doll;玩具娃娃
noon;中午
amid;之中
identical;完全相同的
precise;精确的
anxious;焦虑的
structural;结构的
residential;住宅
diagnose;诊断
carbohydrate;糖类
liberty;自由
poster;海报
theology;神学
nonprofit;非营利组织
crawl;爬行
oxygen;氧
handsome;英俊
sum;和
provided;假如
businessman;商人
promising;有希望
conscious;有意识的
determination;决心
donor;捐赠者
hers;她的
pastor;牧师
jazz;爵士乐
opera;歌剧
acquisition;获得
pit;坑
hug;拥抱
wildlife;野生动物
punish;惩治
equity;公平
doorway;门口
departure;离开
elevator;电梯
teenage;青少年
guidance;指导
happiness;幸福
statue;雕像
pursuit;追求
repair;修理
decent;体面的
gym;健身房
oral;口服
clerk;文员
envelope;信封
reporting;报告
destination;目的地
fist;拳头
endorse;背书
exploration;勘探
generous;慷慨的
bath;洗澡
thereby;从而
indicator;指标
sunlight;阳光
feedback;反馈
spectrum;光谱
purple;紫色的
laser;激光
bold;大胆的
reluctant;他们犹豫
starting;开始
expertise;专业知识
practically;几乎
eating;吃
hint;暗示
sharply;尖锐地
parade;游行
realm;领域
cancel;取消
blend;混合
therapist;治疗师
peel;剥
pizza;比萨
recipient;接受者
hesitate;犹豫
flip;翻动
accounting;会计
bias;偏见
huh;呵呵
metaphor;隐喻
candle;蜡烛
judicial;司法
entity;实体
suffering;痛苦
full-time;全职
lamp;灯
garbage;垃圾
servant;仆人
regulatory;监管
diplomatic;外交
elegant;优雅的
reception;接待
vanish;消失
automatically;自动地
chin;下巴
necessity;必要性
confess;承认
racism;种族主义
starter;起动机
banking;银行业
casual;随意的
gravity;重力
enroll;注册
diminish;减少
prevention;预防
minimize;最小化
chop;劈
performer;演员
intent;意图
isolate;隔离
inventory;存货
productive;富有成效的
assembly;部件
civic;公民
silk;丝绸
magnitude;震级
steep;陡
hostage;人质
collector;集电极
popularity;人气
alien;外星人
dynamic;动态的
scary;害怕
equation;方程
angel;天使
offering;供品
rage;愤怒
photography;摄影
toilet;洗手间
disappointed;失望的
precious;宝贵的
prohibit;禁止
realistic;实际的
hidden;隐
tender;投标
gathering;搜集
outstanding;杰出的
stumble;绊倒
lonely;孤独
automobile;汽车
artificial;人造的
dawn;黎明
abstract;抽象的
descend;下降
silly;愚蠢的
tide;浪潮
shared;共享
hopefully;希望
readily;容易
cooperate;合作
revolutionary;革命性的
romance;浪漫
hardware;硬件
pillow;枕头
kit;成套工具
continent;大陆
seal;海豹
circuit;电路
ruling;裁决
shortage;短缺
annually;每年
lately;最近
scan;扫描
fool;傻子
deadline;最后期限
rear;后部
processing;加工
ranch;牧场
coastal;沿海
undertake;承担
softly;轻轻的
burning;燃烧
verbal;口头
tribal;部落的
ridiculous;荒谬的
automatic;自动的
diamond;钻石
credibility;可信度
import;进口
sexually;性的
divine;神圣的
sentiment;情绪
cart;大车
oversee;监督
o'clock;点钟
elder;长老
pro;亲
inspiration;灵感
Dutch;荷兰语
quantity;数量
trailer;预告片
mate;死亡
Greek;希腊语
genius;天才
monument;纪念碑
bid;出价
quest;寻求
sacrifice;牺牲
invitation;邀请
accuracy;准确性
juror;陪审员
officially;正式
broker;经纪人
treasure;宝藏
loyalty;忠诚
talented;才华横溢
gasoline;汽油
stiff;僵硬的
output;输出
nominee;被提名人
extended;扩展的
diabetes;糖尿病
slap;拍击
toxic;有毒的
alleged;据称
jaw;颚
grief;悲伤
mysterious;神秘
rocket;火箭
donate;捐
inmate;犯人
tackle;处理
dynamics;动力学
bow;弓
ours;我们的
dignity;尊严
carpet;地毯
parental;父母的
bubble;气泡
buddy;伙伴
barn;谷仓
sword;剑
seventh;第七
glory;荣耀
tightly;紧紧
protective;保护的
tuck;掖
drum;鼓
faint;头晕的
queen;女王
dilemma;困境
input;输入
specialize;专攻
northeast;东北
shallow;浅的
liability;责任
sail;帆
merchant;商人
stadium;体育场
improved;改善
bloody;血腥
associated;联系
withdrawal;退出
refrigerator;冰箱
nest;巢
thoroughly;彻底
lane;车道
ancestor;祖先
condemn;谴责
steam;蒸汽
accent;口音
optimistic;乐观的
unite;团结
cage;笼
equip;装备
shrimp;虾
homeland;家园
rack;架子
costume;戏服
wolf;狼
courtroom;法庭
statute;法令
cartoon;卡通片
productivity;生产率
grin;咧嘴笑
symbolic;象征性的
bug;漏洞
bless;保佑
aunt;姨
agriculture;农业
hostile;敌对的
conceive;构想
combined;结合
instantly;即刻
bankruptcy;破产
vaccine;疫苗
bonus;奖金
collaboration;合作
mixed;混合
opposed;反对
orbit;轨道
grasp;抓牢
patience;耐心
spite;尽管
tropical;热带
voting;表决
patrol;巡逻
willingness;愿意
revelation;启示
calm;冷静的
jewelry;珠宝
Cuban;古巴人
haul;运输
concede;承认
wagon;车皮
afterward;之后
spectacular;壮观
ruin;废墟
sheer;纯粹的
immune;免疫
reliability;可靠性
ass;是
alongside;旁边
bush;衬套
exotic;异国情调
fascinating;迷人
clip;夹子
thigh;大腿
bull;公牛
drawer;抽屉
sheep;羊
discourage;不鼓励
coordinator;协调员
ideological;思想
runner;赛跑者
secular;世俗
intimate;亲密的
empire;帝国
cab;出租车
exam;考试
documentary;记录
neutral;中性的
biology;生物学
flexible;灵活的
progressive;进步
web;网络
conspiracy;阴谋
casualty;伤亡
republic;共和国
execution;执行
terrific;了不起
whale;鲸
functional;功能性的
instinct;直觉
teammate;队友
aluminum;铝
whoever;谁
ministry;部
verdict;判决
instruct;指导
skull;颅骨
self-esteem;自尊
cooperative;合作社
manipulate;操纵
bee;蜜蜂
practitioner;从业者
loop;环形
edit;编辑
whip;鞭子
puzzle;谜
mushroom;蘑菇
subsidy;补贴
boil;熬
tragic;悲惨
mathematics;数学
mechanic;机械
jar;罐
earthquake;地震
pork;猪肉
creativity;创造力
safely;安全地
underlying;潜在的
dessert;甜点
sympathy;同情
fisherman;渔夫
incredibly;难以置信
isolation;隔离
sock;短袜
eleven;十一
sexy;性感的
entrepreneur;企业家
syndrome;综合征
bureau;局
workplace;工作场所
ambition;志向
touchdown;接地
utilize;利用
breeze;微风
costly;昂贵
ambitious;雄心勃勃
Christianity;基督教
presumably;想必
influential;有影响
translation;翻译
uncertain;不确定
dissolve;溶解
statistical;统计
gut;肠道
metropolitan;大都会
rolling;滚动
aesthetic;审美的
spell;拼写
insert;插入
booth;展位
helmet;头盔
waist;腰部
expected;预期的
lion;狮子
accomplishment;成就
royal;皇家
panic;恐慌
crush;压碎
actively;积极地
cliff;悬崖
minimal;最小的
cord;绳索
fortunately;幸运的是
cocaine;可卡因
illusion;错觉
anonymous;匿名的
tolerate;容忍
appreciation;欣赏
commissioner;专员
flexibility;灵活性
instructional;指导性的
scramble;争夺
casino;赌场
tumor;瘤
decorate;装饰
pulse;脉冲
equivalent;相等的
fixed;固定的
experienced;有经验的
donation;捐款
diary;日记
sibling;兄弟
irony;讽刺
spoon;勺子
midst;中间
alley;胡同
interact;相互作用
soap;肥皂
cute;可爱的
rival;对手
short-term;短期
punch;冲床
pin;别针
hockey;曲棍球
passing;通过
persist;坚持
supplier;供应商
known;已知
momentum;势头
purse;钱包
shed;棚
liquid;液体
icon;图标
elephant;大象
consequently;所以
legislature;立法机关
franchise;特许经营
correctly;正确地
mentally;精神上
foster;促进
bicycle;自行车
encouraging;鼓励
cheat;欺骗
heal;愈合
fever;发烧
filter;筛选
rabbit;兔子
coin;硬币
exploit;开发
accessible;无障碍
organism;生物
sensation;感觉
partially;部分
upstairs;楼上
dried;晒干
conservation;保护
shove;推
backyard;后院
charter;宪章
stove;火炉
consent;同意
comprise;包括
reminder;提醒
alike;一样
placement;放置
dough;面团
grandchild;孙子
dam;坝
reportedly;据说
well-known;知名
surrounding;周围
ecological;生态的
outfit;全套服装
unprecedented;空前的
columnist;专栏作家
workout;锻炼
preliminary;初步的
patent;专利
shy;害羞的
trash;垃圾
disabled;禁用
gross;总的
damn;该死
hormone;激素
texture;质地
pencil;铅笔
frontier;边境
spray;喷
disclose;透露
custody;保管
banker;银行家
beast;兽
interfere;干扰
oak;橡木
eighth;第八
notebook;笔记本
outline;大纲
attendance;出席
speculation;投机
uncover;揭露
behalf;代表
innovative;创新的
shark;鲨鱼
mill;磨
installation;安装
stimulate;刺激
tag;标签
vertical;垂直的
swimming;游泳
fleet;舰队
catalog;目录
outsider;局外人
desperately;拼命地
stance;姿态
compel;迫使
sensitivity;灵敏度
someday;总有一天
instant;立即的
debut;首次亮相
proclaim;宣布
worldwide;全世界
hike;远足
required;必需的
confrontation;对抗
colorful;丰富多彩的
constitution;宪法
trainer;教练员
Thanksgiving;感恩
scent;香味
stack;堆
eyebrow;眉
sack;解雇
cease;停止
inherit;你继承
tray;托盘
pioneer;先锋
organizational;组织
textbook;教科书
uh;呃
nasty;讨厌
shrink;收缩
emerging;新兴
dot;点
wheat;小麦
fierce;凶猛的
envision;预见
rational;合理的
kingdom;王国
aisle;走道
weaken;削弱
protocol;协议
exclusively;只
vocal;声乐
marketplace;市场
openly;公然
unfair;不公平
terrain;地形
deploy;部署
risky;有风险
pasta;意大利面
genre;类型
distract;转移
merit;优点
planner;规划师
depressed;郁闷
chunk;块
closest;最近的
discount;折扣
ladder;梯子
jungle;丛林
migration;移民
breathing;呼吸
invade;入侵
hurricane;飓风
retailer;零售商
classify;分类
coup;政变
ambassador;大使
density;密度
supportive;支持的
curiosity;好奇心
skip;跳过
aggression;侵略
stimulus;刺激
journalism;新闻业
robot;机器人
dip;蘸
likewise;同样地
informal;非正式的
Persian;波斯语
feather;羽毛
sphere;领域
tighten;紧缩
boast;夸
pat;相同
perceived;感知
sole;唯一
publicity;宣传
unfold;展开
well-being;福利
validity;有效性
ecosystem;生态系统
strictly;严格
partial;部分的
collar;衣领
weed;杂草
compliance;遵守
streak;条纹
supposedly;据说
added;添加
builder;建设者
glimpse;一瞥
premise;前提
specialty;专业
deem;认为
artifact;人工制品
sneak;潜行
monkey;猴
mentor;导师
two-thirds;三分之二
listener;听众
lightning;闪电
legally;合法地
sleeve;袖子
disappointment;失望
disturb;打扰
rib;肋骨
excessive;过多的
high-tech;高科技
debris;碎片
rod;竿
logical;合乎逻辑的
ash;灰
socially;社交上
parish;教区
slavery;奴隶制
blank;空白的
commodity;商品
cure;治愈
mineral;矿物
hunger;饥饿
dying;垂死
developmental;发展的
faster;快点
spare;空闲的
halfway;半
equality;平等
cemetery;公墓
harassment;骚扰
deliberately;故意地
fame;名声
regret;后悔
striking;引人注目
likelihood;可能性
carrot;萝卜
atop;在顶上
toll;收费
rim;轮缘
embarrassed;尴尬的
fucking;他妈的
cling;紧贴
isolated;孤立
blink;眨
suspicious;可疑的
wheelchair;轮椅
squad;队
eligible;有资格的
processor;处理器
plunge;暴跌
demographic;人口统计
chill;寒意
refuge;避难所
steer;引导
legislator;立法者
rally;团结
programming;编程
cheer;欢呼
outlet;出口
intact;完好无损的
vendor;小贩
thrive;蓬勃发展
peanut;花生
chew;嚼
elaborate;精心制作的
conception;概念
auction;拍卖
steak;牛扒
comply;遵守
triumph;胜利
shareholder;股东
comparable;可比
transport;运输
conscience;良心
calculation;计算
considerably;相当
interval;间隔
scratch;刮
awake;苏醒
jurisdiction;管辖权
inevitably;不可避免地
feminist;女权主义者
constraint;约束
emotionally;情感上
expedition;远征
allegedly;据称
similarity;相似
butt;屁股
lid;盖
dumb;哑的
bulk;块
sprinkle;撒
mortality;死亡
philosophical;哲学的
conversion;转换
patron;赞助人
municipal;市政
liver;肝
harmony;和谐
solely;独自
tolerance;宽容
goat;山羊
blessing;祝福
banana;香蕉
palace;宫
formerly;以前
peasant;农民
neat;整洁的
grandparent;祖父母
lawmaker;立法者
supermarket;超级市场
cruise;巡航
mobile;移动的
calendar;日历
widow;寡妇
deposit;订金
beard;胡须
brake;制动
screening;筛选
impulse;冲动
forbid;禁止
fur;毛皮
brutal;野蛮
predator;捕食者
poke;戳
opt;选择
voluntary;自主性
valid;有效的
forum;论坛
dancing;跳舞
happily;高兴地
soar;翱翔
removal;移动
autonomy;自治
enact;制定
thread;线
landmark;地标
unhappy;不开心
offender;罪犯
coming;未来
privately;私下里
fraction;分数
distinctive;与众不同
tourism;旅游
threshold;临界点
routinely;例行公事
suite;套房
regulator;调节器
straw;稻草
theological;神学
exhaust;排气
globe;地球
fragile;脆弱的
objection;异议
chemistry;化学
old-fashioned;老式的
crowded;挤
blast;爆破
prevail;占上风
overnight;过夜
denial;否认
rental;出租
fantastic;极好的
fragment;分段
screw;拧紧
warmth;温暖
undergraduate;大学本科
headache;头痛
policeman;警察
projection;投影
suitable;合适的
graduation;毕业
drill;钻头
cruel;残忍的
mansion;大厦
grape;葡萄
authorize;授权
cottage;小屋
driveway;车道
charm;魅力
sexuality;性欲
loyal;忠诚
clay;粘土
balloon;气球
invention;发明
ego;自我
fare;做
homework;家庭作业
disc;光盘
sofa;沙发
availability;可用性
radar;雷达
frown;皱眉
regain;恢复
sweater;毛衣
rehabilitation;复原
rubber;橡胶
retreat;撤退
molecule;分子
freely;自由自在
favorable;有利
steadily;稳步
integrated;融合的
ha;他有
youngster;青少年
premium;优质的
accountability;问责制
overwhelm;压倒
one-third;三分之一
contemplate;沉思
update;更新
spark;火花
ironically;讽刺地
fatigue;疲劳
speculate;推测
marker;标记
preach;讲道
bucket;桶
blond;金发
confession;忏悔
provoke;惹
marble;大理石
substantially;实质上
defender;后卫
explicit;明确的
disturbing;令人不安
surveillance;监视
magnetic;磁的
technician;技术员
mutter;母亲
devastating;毁灭性的
depart;离开
arrow;箭
trauma;创伤
neighboring;邻接
soak;浸泡
ribbon;丝带
meantime;与此同时
transmit;发送
harvest;收成
consecutive;连续的
coordinate;协调
spy;间谍
slot;投币口
riot;暴动
nutrient;养分
citizenship;国籍
severely;严重
sovereignty;主权
ridge;岭
brave;勇敢的
lighting;灯光
specify;指定
contributor;贡献者
frustrate;阻挠
articulate;口齿伶俐
importantly;重要的
transit;过境
dense;稠密
seminar;研讨会
electronics;电子产品
sunny;晴天
shorts;短裤
swell;胀
accusation;指控
soften;软化
straighten;拉直
terribly;可怕
cue;提示
bride;新娘
biography;传
hazard;冒险
compelling;令人信服的
seldom;很少
tile;瓦
economically;经济上
honestly;诚实地
troubled;困扰
twentieth;第二十
balanced;均衡
foreigner;外国人
convenience;方便
delight;喜
weave;编织
timber;木材
till;至
accurately;准确
plea;恳求
bulb;电灯泡
flying;飞行
sustainable;可持续的
devil;魔鬼
bolt;螺栓
cargo;货物
spine;脊柱
seller;卖方
skilled;技能的
managing;管理
marine;海洋
dock;码头
organized;有组织的
fog;多雾路段
diplomat;外交官
boring;无聊的
sometime;有时
summary;概括
missionary;传教士
epidemic;流行性
fatal;致命的
trim;修剪
warehouse;仓库
accelerate;加速
butterfly;蝴蝶
bronze;青铜
drown;淹
inherent;固有
nationwide;全国
spit;吐
kneel;下跪
vacuum;真空
selected;选择
dictate;听写
